QSO_sim_z1.25_MgIIBlueDeep_15.6315m33.5144.fits
QSO_sim_z1.25_MgIIBlueDeep_15.6315m33.5144.fits
QSO_sim_z0.6_MgIIBlueWide_217.6502m13.738.fits
QSO_sim_z0.6_MgIIBlueWide_217.6502m13.738.fits
QSO_sim_z0.5221_MgIIBlueWide_112.7725m70.0044.fits
QSO_sim_z0.5221_MgIIBlueWide_112.7725m70.0044.fits
QSO_sim_z0.95_MgIIBlueDeep_356.6866m30.2807.fits
QSO_sim_z0.95_MgIIBlueDeep_356.6866m30.2807.fits
QSO_sim_z0.85_MgIIBlueWide_161.3809m20.1819.fits
QSO_sim_z0.85_MgIIBlueWide_161.3809m20.1819.fits
QSO_sim_z2.1296_MgIIBlueDeep_182.1899p3.413.fits
QSO_sim_z2.1296_MgIIBlueDeep_182.1899p3.413.fits
QSO_sim_z0.7_MgIIBlueWide_162.8527m24.4843.fits
QSO_sim_z0.7_MgIIBlueWide_162.8527m24.4843.fits
QSO_sim_z0.25_MgIIBlueWide_348.4839m71.839.fits
QSO_sim_z0.25_MgIIBlueWide_348.4839m71.839.fits
QSO_sim_z0.839_MgIIBlueWide_232.9767m24.6165.fits
QSO_sim_z0.839_MgIIBlueWide_232.9767m24.6165.fits
QSO_sim_z3.35_DLABlue_99.4687m65.071.fits
QSO_sim_z3.35_DLABlue_99.4687m65.071.fits
QSO_sim_z0.85_MgIIBlueWide_102.4563m53.8658.fits
QSO_sim_z0.85_MgIIBlueWide_102.4563m53.8658.fits
QSO_sim_z3.25_DLABlue_99.492m66.0868.fits
QSO_sim_z3.25_DLABlue_99.492m66.0868.fits
QSO_sim_z0.7954_MgIIBlueWide_73.2761m9.8762.fits
QSO_sim_z0.7954_MgIIBlueWide_73.2761m9.8762.fits
QSO_sim_z0.65_MgIIBlueWide_186.4218m36.5353.fits
QSO_sim_z0.65_MgIIBlueWide_186.4218m36.5353.fits
QSO_sim_z0.75_MgIIBlueWide_322.6773m10.3354.fits
QSO_sim_z0.75_MgIIBlueWide_322.6773m10.3354.fits
QSO_sim_z0.608_MgIIBlueWide_349.0971m3.3967.fits
QSO_sim_z0.608_MgIIBlueWide_349.0971m3.3967.fits
QSO_sim_z0.85_MgIIBlueWide_288.1298m36.8754.fits
QSO_sim_z0.85_MgIIBlueWide_288.1298m36.8754.fits
QSO_sim_z0.6229_MgIIBlueWide_12.6833m40.7463.fits
QSO_sim_z0.6229_MgIIBlueWide_12.6833m40.7463.fits
QSO_sim_z0.65_MgIIBlueWide_33.8156m50.1824.fits
QSO_sim_z0.65_MgIIBlueWide_33.8156m50.1824.fits
QSO_sim_z1.2529_MgIIBlueDeep_175.6102m0.166.fits
QSO_sim_z1.2529_MgIIBlueDeep_175.6102m0.166.fits
QSO_sim_z0.9_MgIIBlueWide_289.4394m38.3426.fits
QSO_sim_z0.9_MgIIBlueWide_289.4394m38.3426.fits
QSO_sim_z0.9_MgIIBlueWide_33.9321m54.7186.fits
QSO_sim_z0.9_MgIIBlueWide_33.9321m54.7186.fits
QSO_sim_z1.0019_MgIIBlueDeep_333.6071m30.518.fits
QSO_sim_z1.0019_MgIIBlueDeep_333.6071m30.518.fits
QSO_sim_z0.8545_MgIIBlueDeep_159.1891m0.8175.fits
QSO_sim_z0.8545_MgIIBlueDeep_159.1891m0.8175.fits
QSO_sim_z0.85_MgIIBlueDeep_27.1359m30.4182.fits
QSO_sim_z0.85_MgIIBlueDeep_27.1359m30.4182.fits
QSO_sim_z0.7916_MgIIBlueWide_318.8519m34.6928.fits
QSO_sim_z0.7916_MgIIBlueWide_318.8519m34.6928.fits
QSO_sim_z1.95_MgIIBlueDeep_35.0001m29.8236.fits
QSO_sim_z1.95_MgIIBlueDeep_35.0001m29.8236.fits
QSO_sim_z1.3_MgIIBlueDeep_166.8962m2.6495.fits
QSO_sim_z1.3_MgIIBlueDeep_166.8962m2.6495.fits
QSO_sim_z0.9_MgIIBlueDeep_202.2614m1.4436.fits
QSO_sim_z0.9_MgIIBlueDeep_202.2614m1.4436.fits
QSO_sim_z0.6269_MgIIBlueWide_87.8323m49.9725.fits
QSO_sim_z0.6269_MgIIBlueWide_87.8323m49.9725.fits
QSO_sim_z0.95_MgIIBlueWide_219.62m14.9537.fits
QSO_sim_z0.95_MgIIBlueWide_219.62m14.9537.fits
QSO_sim_z2.05_MgIIBlueDeep_7.1459m35.4731.fits
QSO_sim_z2.05_MgIIBlueDeep_7.1459m35.4731.fits
QSO_sim_z0.75_MgIIBlueDeep_219.5513p1.5286.fits
QSO_sim_z0.75_MgIIBlueDeep_219.5513p1.5286.fits
QSO_sim_z1.9_MgIIBlueDeep_7.3074m35.125.fits
QSO_sim_z1.9_MgIIBlueDeep_7.3074m35.125.fits
QSO_sim_z0.973_MgIIBlueWide_191.1938m9.1235.fits
QSO_sim_z0.973_MgIIBlueWide_191.1938m9.1235.fits
QSO_sim_z0.9724_MgIIBlueDeep_166.4312m2.1792.fits
QSO_sim_z0.9724_MgIIBlueDeep_166.4312m2.1792.fits
QSO_sim_z1.2231_MgIIBlueDeep_49.0107m32.8181.fits
QSO_sim_z1.2231_MgIIBlueDeep_49.0107m32.8181.fits
QSO_sim_z0.6878_MgIIBlueWide_192.4169m7.8383.fits
QSO_sim_z0.6878_MgIIBlueWide_192.4169m7.8383.fits
QSO_sim_z0.7957_MgIIBlueWide_342.466m18.4376.fits
QSO_sim_z0.7957_MgIIBlueWide_342.466m18.4376.fits
QSO_sim_z1.1_MgIIBlueDeep_356.7144m30.8066.fits
QSO_sim_z1.1_MgIIBlueDeep_356.7144m30.8066.fits
QSO_sim_z1.6658_MgIIBlueDeep_202.7248m2.6476.fits
QSO_sim_z1.6658_MgIIBlueDeep_202.7248m2.6476.fits
QSO_sim_z0.9272_MgIIBlueWide_52.6264m4.3984.fits
QSO_sim_z0.9272_MgIIBlueWide_52.6264m4.3984.fits
QSO_sim_z1.7281_MgIIBlueDeep_175.4202p3.9348.fits
QSO_sim_z1.7281_MgIIBlueDeep_175.4202p3.9348.fits
QSO_sim_z0.9845_MgIIBlueWide_10.0613p3.7555.fits
QSO_sim_z0.9845_MgIIBlueWide_10.0613p3.7555.fits
QSO_sim_z0.757_MgIIBlueWide_51.2381m4.7929.fits
QSO_sim_z0.757_MgIIBlueWide_51.2381m4.7929.fits
QSO_sim_z0.85_MgIIBlueWide_348.4456m75.8816.fits
QSO_sim_z0.85_MgIIBlueWide_348.4456m75.8816.fits
QSO_sim_z1.625_MgIIBlueDeep_167.7748m1.2668.fits
QSO_sim_z1.625_MgIIBlueDeep_167.7748m1.2668.fits
QSO_sim_z0.77_MgIIBlueWide_10.9789p0.6741.fits
QSO_sim_z0.77_MgIIBlueWide_10.9789p0.6741.fits
QSO_sim_z2.8251_DLABlue_23.3074m15.9102.fits
QSO_sim_z2.8251_DLABlue_23.3074m15.9102.fits
QSO_sim_z1.5219_MgIIBlueDeep_202.3548m3.8258.fits
QSO_sim_z1.5219_MgIIBlueDeep_202.3548m3.8258.fits
QSO_sim_z1.05_MgIIBlueDeep_3.3469m27.811.fits
QSO_sim_z1.05_MgIIBlueDeep_3.3469m27.811.fits
QSO_sim_z0.8137_MgIIBlueWide_53.1686m3.3026.fits
QSO_sim_z0.8137_MgIIBlueWide_53.1686m3.3026.fits
QSO_sim_z0.8869_MgIIBlueWide_185.1167p4.4935.fits
QSO_sim_z0.8869_MgIIBlueWide_185.1167p4.4935.fits
QSO_sim_z1.6_MgIIBlueDeep_356.2197m33.112.fits
QSO_sim_z1.6_MgIIBlueDeep_356.2197m33.112.fits
QSO_sim_z3.2_MgIIBlueDeep_27.9055m32.3822.fits
QSO_sim_z3.2_MgIIBlueDeep_27.9055m32.3822.fits
QSO_sim_z1.7411_MgIIBlueDeep_50.3273m31.7.fits
QSO_sim_z1.7411_MgIIBlueDeep_50.3273m31.7.fits
QSO_sim_z1.9126_MgIIBlueDeep_191.4275p0.525.fits
QSO_sim_z1.9126_MgIIBlueDeep_191.4275p0.525.fits
QSO_sim_z4.7_MgIIBlueDeep_39.1041m28.0445.fits
QSO_sim_z4.7_MgIIBlueDeep_39.1041m28.0445.fits
QSO_sim_z0.7668_MgIIBlueWide_191.0854m6.5964.fits
QSO_sim_z0.7668_MgIIBlueWide_191.0854m6.5964.fits
QSO_sim_z2.65_DLABlue_23.9002m21.7154.fits
QSO_sim_z2.65_DLABlue_23.9002m21.7154.fits
QSO_sim_z2.9932_MgIIBlueDeep_191.8208p3.1896.fits
QSO_sim_z2.9932_MgIIBlueDeep_191.8208p3.1896.fits
QSO_sim_z2.2148_MgIIBlueDeep_187.3926m1.2095.fits
QSO_sim_z2.2148_MgIIBlueDeep_187.3926m1.2095.fits
QSO_sim_z0.8839_MgIIBlueWide_356.1319m48.7387.fits
QSO_sim_z0.8839_MgIIBlueWide_356.1319m48.7387.fits
QSO_sim_z1.2_MgIIBlueDeep_15.5074m32.0125.fits
QSO_sim_z1.2_MgIIBlueDeep_15.5074m32.0125.fits
QSO_sim_z0.8_MgIIBlueWide_286.663m47.1931.fits
QSO_sim_z0.8_MgIIBlueWide_286.663m47.1931.fits
QSO_sim_z2.45_MgIIBlueDeep_8.729m35.0146.fits
QSO_sim_z2.45_MgIIBlueDeep_8.729m35.0146.fits
QSO_sim_z1.8_MgIIBlueDeep_39.29m29.5363.fits
QSO_sim_z1.8_MgIIBlueDeep_39.29m29.5363.fits
QSO_sim_z0.75_MgIIBlueWide_218.8539m15.3793.fits
QSO_sim_z0.75_MgIIBlueWide_218.8539m15.3793.fits
QSO_sim_z1.0124_MgIIBlueDeep_187.4359m3.3452.fits
QSO_sim_z1.0124_MgIIBlueDeep_187.4359m3.3452.fits
QSO_sim_z0.816_MgIIBlueWide_313.1945m34.5548.fits
QSO_sim_z0.816_MgIIBlueWide_313.1945m34.5548.fits
QSO_sim_z0.9817_MgIIBlueWide_11.9711p2.4142.fits
QSO_sim_z0.9817_MgIIBlueWide_11.9711p2.4142.fits
QSO_sim_z1.3088_MgIIBlueDeep_167.0571m2.5488.fits
QSO_sim_z1.3088_MgIIBlueDeep_167.0571m2.5488.fits
QSO_sim_z1.9_MgIIBlueDeep_27.398m31.2417.fits
QSO_sim_z1.9_MgIIBlueDeep_27.398m31.2417.fits
QSO_sim_z0.6353_MgIIBlueWide_57.5153m2.1404.fits
QSO_sim_z0.6353_MgIIBlueWide_57.5153m2.1404.fits
QSO_sim_z1.0_MgIIBlueWide_129.7167m2.6319.fits
QSO_sim_z1.0_MgIIBlueWide_129.7167m2.6319.fits
QSO_sim_z1.05_MgIIBlueDeep_202.8432m2.8845.fits
QSO_sim_z1.05_MgIIBlueDeep_202.8432m2.8845.fits
QSO_sim_z0.5591_MgIIBlueWide_158.4414m41.8749.fits
QSO_sim_z0.5591_MgIIBlueWide_158.4414m41.8749.fits
QSO_sim_z0.7_MgIIBlueWide_320.2945m41.2749.fits
QSO_sim_z0.7_MgIIBlueWide_320.2945m41.2749.fits
QSO_sim_z0.8087_MgIIBlueWide_12.8595p4.5435.fits
QSO_sim_z0.8087_MgIIBlueWide_12.8595p4.5435.fits
QSO_sim_z1.029_MgIIBlueWide_78.7225m47.2114.fits
QSO_sim_z1.029_MgIIBlueWide_78.7225m47.2114.fits
QSO_sim_z0.6_MgIIBlueWide_160.1512m32.3252.fits
QSO_sim_z0.6_MgIIBlueWide_160.1512m32.3252.fits
QSO_sim_z0.7428_MgIIBlueWide_244.3234m17.1956.fits
QSO_sim_z0.7428_MgIIBlueWide_244.3234m17.1956.fits
QSO_sim_z1.9_MgIIBlueDeep_16.8242m30.8326.fits
QSO_sim_z1.9_MgIIBlueDeep_16.8242m30.8326.fits
QSO_sim_z1.208_MgIIBlueDeep_192.8946p1.2188.fits
QSO_sim_z1.208_MgIIBlueDeep_192.8946p1.2188.fits
QSO_sim_z0.7679_MgIIBlueWide_341.483m0.6596.fits
QSO_sim_z0.7679_MgIIBlueWide_341.483m0.6596.fits
QSO_sim_z0.7217_MgIIBlueWide_351.3458m49.4009.fits
QSO_sim_z0.7217_MgIIBlueWide_351.3458m49.4009.fits
QSO_sim_z3.05_MgIIBlueDeep_4.5578m28.6267.fits
QSO_sim_z3.05_MgIIBlueDeep_4.5578m28.6267.fits
QSO_sim_z0.65_MgIIBlueWide_161.9017m30.9709.fits
QSO_sim_z0.65_MgIIBlueWide_161.9017m30.9709.fits
QSO_sim_z0.75_MgIIBlueWide_31.6891m60.3552.fits
QSO_sim_z0.75_MgIIBlueWide_31.6891m60.3552.fits
QSO_sim_z2.4648_MgIIBlueDeep_159.2268m1.234.fits
QSO_sim_z2.4648_MgIIBlueDeep_159.2268m1.234.fits
QSO_sim_z2.7_DLABlue_100.94m70.8522.fits
QSO_sim_z2.7_DLABlue_100.94m70.8522.fits
QSO_sim_z0.682_MgIIBlueWide_232.2055m22.5436.fits
QSO_sim_z0.682_MgIIBlueWide_232.2055m22.5436.fits
QSO_sim_z1.5732_MgIIBlueDeep_219.6611m3.35.fits
QSO_sim_z1.5732_MgIIBlueDeep_219.6611m3.35.fits
QSO_sim_z1.6997_MgIIBlueDeep_202.0457m3.4441.fits
QSO_sim_z1.6997_MgIIBlueDeep_202.0457m3.4441.fits
QSO_sim_z2.5_MgIIBlueDeep_344.0703m29.5448.fits
QSO_sim_z2.5_MgIIBlueDeep_344.0703m29.5448.fits
QSO_sim_z0.65_MgIIBlueWide_286.0846m54.395.fits
QSO_sim_z0.65_MgIIBlueWide_286.0846m54.395.fits
QSO_sim_z0.8_MgIIBlueWide_217.9588m22.4692.fits
QSO_sim_z0.8_MgIIBlueWide_217.9588m22.4692.fits
QSO_sim_z0.7516_MgIIBlueWide_187.9147m6.299.fits
QSO_sim_z0.7516_MgIIBlueWide_187.9147m6.299.fits
QSO_sim_z2.4_MgIIBlueDeep_344.0763m29.5394.fits
QSO_sim_z2.4_MgIIBlueDeep_344.0763m29.5394.fits
QSO_sim_z1.2637_MgIIBlueDeep_219.3739p1.0339.fits
QSO_sim_z1.2637_MgIIBlueDeep_219.3739p1.0339.fits
QSO_sim_z2.6754_MgIIBlueDeep_186.2224p2.3054.fits
QSO_sim_z2.6754_MgIIBlueDeep_186.2224p2.3054.fits
QSO_sim_z0.7_MgIIBlueWide_50.9227m57.3219.fits
QSO_sim_z0.7_MgIIBlueWide_50.9227m57.3219.fits
QSO_sim_z2.95_DLABlue_24.2471m46.0757.fits
QSO_sim_z2.95_DLABlue_24.2471m46.0757.fits
QSO_sim_z2.111_MgIIBlueDeep_335.3144m28.3878.fits
QSO_sim_z2.111_MgIIBlueDeep_335.3144m28.3878.fits
QSO_sim_z0.577_MgIIBlueWide_353.5489m14.6296.fits
QSO_sim_z0.577_MgIIBlueWide_353.5489m14.6296.fits
QSO_sim_z0.8982_MgIIBlueWide_135.3044m6.8834.fits
QSO_sim_z0.8982_MgIIBlueWide_135.3044m6.8834.fits
QSO_sim_z0.8_MgIIBlueWide_72.0247m15.4104.fits
QSO_sim_z0.8_MgIIBlueWide_72.0247m15.4104.fits
QSO_sim_z0.85_MgIIBlueWide_289.2736m59.1046.fits
QSO_sim_z0.85_MgIIBlueWide_289.2736m59.1046.fits
QSO_sim_z0.9535_MgIIBlueWide_60.4718m1.3596.fits
QSO_sim_z0.9535_MgIIBlueWide_60.4718m1.3596.fits
QSO_sim_z1.4_MgIIBlueDeep_35.4398m29.636.fits
QSO_sim_z1.4_MgIIBlueDeep_35.4398m29.636.fits
QSO_sim_z0.5_MgIIBlueWide_67.3385m73.7267.fits
QSO_sim_z0.5_MgIIBlueWide_67.3385m73.7267.fits
QSO_sim_z0.5938_MgIIBlueWide_51.7921p0.3845.fits
QSO_sim_z0.5938_MgIIBlueWide_51.7921p0.3845.fits
QSO_sim_z0.859_MgIIBlueWide_352.657m45.6661.fits
QSO_sim_z0.859_MgIIBlueWide_352.657m45.6661.fits
QSO_sim_z2.4969_MgIIBlueDeep_31.9373m35.4005.fits
QSO_sim_z2.4969_MgIIBlueDeep_31.9373m35.4005.fits
QSO_sim_z0.5764_MgIIBlueWide_169.2313m36.2872.fits
QSO_sim_z0.5764_MgIIBlueWide_169.2313m36.2872.fits
QSO_sim_z0.7_MgIIBlueWide_347.8256m14.8437.fits
QSO_sim_z0.7_MgIIBlueWide_347.8256m14.8437.fits
QSO_sim_z1.0_MgIIBlueWide_216.8845m28.3624.fits
QSO_sim_z1.0_MgIIBlueWide_216.8845m28.3624.fits
QSO_sim_z0.895_MgIIBlueWide_228.9278m20.4284.fits
QSO_sim_z0.895_MgIIBlueWide_228.9278m20.4284.fits
QSO_sim_z0.6691_MgIIBlueWide_63.8523m1.5168.fits
QSO_sim_z0.6691_MgIIBlueWide_63.8523m1.5168.fits
QSO_sim_z1.9486_MgIIBlueDeep_187.1548p3.3039.fits
QSO_sim_z1.9486_MgIIBlueDeep_187.1548p3.3039.fits
QSO_sim_z0.8848_MgIIBlueWide_11.5333m39.8853.fits
QSO_sim_z0.8848_MgIIBlueWide_11.5333m39.8853.fits
QSO_sim_z0.8206_MgIIBlueWide_37.0053m2.8834.fits
QSO_sim_z0.8206_MgIIBlueWide_37.0053m2.8834.fits
QSO_sim_z0.9348_MgIIBlueWide_325.3169m7.447.fits
QSO_sim_z0.9348_MgIIBlueWide_325.3169m7.447.fits
QSO_sim_z0.714_MgIIBlueWide_319.035m32.9275.fits
QSO_sim_z0.714_MgIIBlueWide_319.035m32.9275.fits
QSO_sim_z0.6625_MgIIBlueWide_166.1175m5.2731.fits
QSO_sim_z0.6625_MgIIBlueWide_166.1175m5.2731.fits
QSO_sim_z1.9236_MgIIBlueDeep_48.838m30.7333.fits
QSO_sim_z1.9236_MgIIBlueDeep_48.838m30.7333.fits
QSO_sim_z1.73_MgIIBlueDeep_184.0676p2.1338.fits
QSO_sim_z1.73_MgIIBlueDeep_184.0676p2.1338.fits
QSO_sim_z0.8966_MgIIBlueWide_138.2854m3.2033.fits
QSO_sim_z0.8966_MgIIBlueWide_138.2854m3.2033.fits
QSO_sim_z0.5615_MgIIBlueWide_18.0725m3.3008.fits
QSO_sim_z0.5615_MgIIBlueWide_18.0725m3.3008.fits
QSO_sim_z1.65_MgIIBlueDeep_29.0154m30.0063.fits
QSO_sim_z1.65_MgIIBlueDeep_29.0154m30.0063.fits
QSO_sim_z0.75_MgIIBlueWide_323.2401m56.6068.fits
QSO_sim_z0.75_MgIIBlueWide_323.2401m56.6068.fits
QSO_sim_z0.7943_MgIIBlueWide_131.221m3.4374.fits
QSO_sim_z0.7943_MgIIBlueWide_131.221m3.4374.fits
QSO_sim_z1.0341_MgIIBlueWide_10.8151m37.4598.fits
QSO_sim_z1.0341_MgIIBlueWide_10.8151m37.4598.fits
QSO_sim_z0.7107_MgIIBlueWide_164.9294m36.033.fits
QSO_sim_z0.7107_MgIIBlueWide_164.9294m36.033.fits
QSO_sim_z0.8785_MgIIBlueWide_18.0957m0.4466.fits
QSO_sim_z0.8785_MgIIBlueWide_18.0957m0.4466.fits
QSO_sim_z2.2_MgIIBlueDeep_35.0834m27.387.fits
QSO_sim_z2.2_MgIIBlueDeep_35.0834m27.387.fits
QSO_sim_z0.7384_MgIIBlueWide_230.7857m17.1526.fits
QSO_sim_z0.7384_MgIIBlueWide_230.7857m17.1526.fits
QSO_sim_z1.25_MgIIBlueDeep_4.4018m27.853.fits
QSO_sim_z1.25_MgIIBlueDeep_4.4018m27.853.fits
QSO_sim_z0.7418_MgIIBlueWide_83.3942m42.8555.fits
QSO_sim_z0.7418_MgIIBlueWide_83.3942m42.8555.fits
QSO_sim_z1.9462_MgIIBlueDeep_167.2799m3.8763.fits
QSO_sim_z1.9462_MgIIBlueDeep_167.2799m3.8763.fits
QSO_sim_z2.0044_MgIIBlueDeep_176.2232m2.5499.fits
QSO_sim_z2.0044_MgIIBlueDeep_176.2232m2.5499.fits
QSO_sim_z1.3708_MgIIBlueDeep_159.918m3.7528.fits
QSO_sim_z1.3708_MgIIBlueDeep_159.918m3.7528.fits
QSO_sim_z3.15_MgIIBlueDeep_344.3923m29.4297.fits
QSO_sim_z3.15_MgIIBlueDeep_344.3923m29.4297.fits
QSO_sim_z0.85_MgIIBlueWide_168.704m9.1214.fits
QSO_sim_z0.85_MgIIBlueWide_168.704m9.1214.fits
QSO_sim_z0.9528_MgIIBlueWide_58.3359m0.8823.fits
QSO_sim_z0.9528_MgIIBlueWide_58.3359m0.8823.fits
QSO_sim_z0.7_MgIIBlueWide_133.6312m5.3897.fits
QSO_sim_z0.7_MgIIBlueWide_133.6312m5.3897.fits
QSO_sim_z1.0087_MgIIBlueWide_185.9987p4.8035.fits
QSO_sim_z1.0087_MgIIBlueWide_185.9987p4.8035.fits
QSO_sim_z0.75_MgIIBlueWide_215.2124m36.6442.fits
QSO_sim_z0.75_MgIIBlueWide_215.2124m36.6442.fits
QSO_sim_z1.0_MgIIBlueWide_353.0762m77.5049.fits
QSO_sim_z1.0_MgIIBlueWide_353.0762m77.5049.fits
QSO_sim_z0.6_MgIIBlueWide_215.9611m35.0346.fits
QSO_sim_z0.6_MgIIBlueWide_215.9611m35.0346.fits
QSO_sim_z0.8926_MgIIBlueWide_345.239m14.0087.fits
QSO_sim_z0.8926_MgIIBlueWide_345.239m14.0087.fits
QSO_sim_z1.45_MgIIBlueDeep_192.5794p3.948.fits
QSO_sim_z1.45_MgIIBlueDeep_192.5794p3.948.fits
QSO_sim_z0.8419_MgIIBlueWide_107.8652m65.856.fits
QSO_sim_z0.8419_MgIIBlueWide_107.8652m65.856.fits
QSO_sim_z0.15_MgIIBlueWide_70.6797m54.6079.fits
QSO_sim_z0.15_MgIIBlueWide_70.6797m54.6079.fits
QSO_sim_z0.915_MgIIBlueWide_329.2323m3.2529.fits
QSO_sim_z0.915_MgIIBlueWide_329.2323m3.2529.fits
QSO_sim_z0.9201_MgIIBlueDeep_331.0902m30.4885.fits
QSO_sim_z0.9201_MgIIBlueDeep_331.0902m30.4885.fits
QSO_sim_z2.0_MgIIBlueDeep_344.4277m29.4364.fits
QSO_sim_z2.0_MgIIBlueDeep_344.4277m29.4364.fits
QSO_sim_z0.891_MgIIBlueWide_357.1526m40.6635.fits
QSO_sim_z0.891_MgIIBlueWide_357.1526m40.6635.fits
QSO_sim_z1.2928_MgIIBlueDeep_168.2611m1.6343.fits
QSO_sim_z1.2928_MgIIBlueDeep_168.2611m1.6343.fits
QSO_sim_z1.7232_MgIIBlueDeep_192.1509p2.2311.fits
QSO_sim_z1.7232_MgIIBlueDeep_192.1509p2.2311.fits
QSO_sim_z1.65_MgIIBlueDeep_45.0431m29.2211.fits
QSO_sim_z1.65_MgIIBlueDeep_45.0431m29.2211.fits
QSO_sim_z0.923_MgIIBlueWide_35.7603m0.2057.fits
QSO_sim_z0.923_MgIIBlueWide_35.7603m0.2057.fits
QSO_sim_z1.1105_MgIIBlueDeep_210.9064m3.5055.fits
QSO_sim_z1.1105_MgIIBlueDeep_210.9064m3.5055.fits
QSO_sim_z0.9799_MgIIBlueWide_16.3544m4.6929.fits
QSO_sim_z0.9799_MgIIBlueWide_16.3544m4.6929.fits
QSO_sim_z0.6_MgIIBlueWide_165.3714m13.9145.fits
QSO_sim_z0.6_MgIIBlueWide_165.3714m13.9145.fits
QSO_sim_z0.5599_MgIIBlueDeep_32.4468m32.9102.fits
QSO_sim_z0.5599_MgIIBlueDeep_32.4468m32.9102.fits
QSO_sim_z3.1_MgIIBlueDeep_17.3129m34.2559.fits
QSO_sim_z3.1_MgIIBlueDeep_17.3129m34.2559.fits
QSO_sim_z0.77_MgIIBlueWide_234.7796m16.1704.fits
QSO_sim_z0.77_MgIIBlueWide_234.7796m16.1704.fits
QSO_sim_z0.9717_MgIIBlueWide_27.6145m35.6218.fits
QSO_sim_z0.9717_MgIIBlueWide_27.6145m35.6218.fits
QSO_sim_z1.0_MgIIBlueDeep_45.7088m27.2139.fits
QSO_sim_z1.0_MgIIBlueDeep_45.7088m27.2139.fits
QSO_sim_z0.65_MgIIBlueWide_132.1665m8.2147.fits
QSO_sim_z0.65_MgIIBlueWide_132.1665m8.2147.fits
QSO_sim_z2.4913_MgIIBlueDeep_192.3578p3.121.fits
QSO_sim_z2.4913_MgIIBlueDeep_192.3578p3.121.fits
QSO_sim_z3.0351_MgIIBlueDeep_157.3972p1.3351.fits
QSO_sim_z3.0351_MgIIBlueDeep_157.3972p1.3351.fits
QSO_sim_z0.8713_MgIIBlueWide_20.7574m37.1799.fits
QSO_sim_z0.8713_MgIIBlueWide_20.7574m37.1799.fits
QSO_sim_z0.7973_MgIIBlueWide_96.2623m66.1995.fits
QSO_sim_z0.7973_MgIIBlueWide_96.2623m66.1995.fits
QSO_sim_z0.9902_MgIIBlueWide_17.7279m4.0028.fits
QSO_sim_z0.9902_MgIIBlueWide_17.7279m4.0028.fits
QSO_sim_z1.15_MgIIBlueDeep_203.7631p0.6643.fits
QSO_sim_z1.15_MgIIBlueDeep_203.7631p0.6643.fits
QSO_sim_z0.7_MgIIBlueDeep_177.3315m0.7908.fits
QSO_sim_z0.7_MgIIBlueDeep_177.3315m0.7908.fits
QSO_sim_z1.1424_MgIIBlueDeep_187.2778m2.1101.fits
QSO_sim_z1.1424_MgIIBlueDeep_187.2778m2.1101.fits
QSO_sim_z1.0_MgIIBlueWide_134.7139m10.26.fits
QSO_sim_z1.0_MgIIBlueWide_134.7139m10.26.fits
QSO_sim_z0.5531_MgIIBlueWide_18.5124m8.7894.fits
QSO_sim_z0.5531_MgIIBlueWide_18.5124m8.7894.fits
QSO_sim_z1.3_MgIIBlueDeep_38.3238m34.8304.fits
QSO_sim_z1.3_MgIIBlueDeep_38.3238m34.8304.fits
QSO_sim_z0.9_MgIIBlueWide_287.5543m67.3188.fits
QSO_sim_z0.9_MgIIBlueWide_287.5543m67.3188.fits
QSO_sim_z2.5_MgIIBlueDeep_187.0268m0.0199.fits
QSO_sim_z2.5_MgIIBlueDeep_187.0268m0.0199.fits
QSO_sim_z0.9102_MgIIBlueWide_346.6387m11.9256.fits
QSO_sim_z0.9102_MgIIBlueWide_346.6387m11.9256.fits
QSO_sim_z1.6262_MgIIBlueDeep_219.2093p1.5582.fits
QSO_sim_z1.6262_MgIIBlueDeep_219.2093p1.5582.fits
QSO_sim_z0.8_MgIIBlueWide_71.2018m34.6819.fits
QSO_sim_z0.8_MgIIBlueWide_71.2018m34.6819.fits
QSO_sim_z1.0_MgIIBlueDeep_38.6112m31.3857.fits
QSO_sim_z1.0_MgIIBlueDeep_38.6112m31.3857.fits
QSO_sim_z1.2322_MgIIBlueDeep_210.7685m2.6203.fits
QSO_sim_z1.2322_MgIIBlueDeep_210.7685m2.6203.fits
QSO_sim_z0.927_MgIIBlueWide_157.069m16.4708.fits
QSO_sim_z0.927_MgIIBlueWide_157.069m16.4708.fits
QSO_sim_z2.9_DLABlue_111.976m64.8856.fits
QSO_sim_z2.9_DLABlue_111.976m64.8856.fits
QSO_sim_z0.7771_MgIIBlueWide_311.5709m31.9855.fits
QSO_sim_z0.7771_MgIIBlueWide_311.5709m31.9855.fits
QSO_sim_z2.35_MgIIBlueDeep_18.8819m35.2023.fits
QSO_sim_z2.35_MgIIBlueDeep_18.8819m35.2023.fits
QSO_sim_z0.766_MgIIBlueWide_73.2495m42.2513.fits
QSO_sim_z0.766_MgIIBlueWide_73.2495m42.2513.fits
QSO_sim_z0.85_MgIIBlueWide_190.541m34.9829.fits
QSO_sim_z0.85_MgIIBlueWide_190.541m34.9829.fits
QSO_sim_z0.45_MgIIBlueWide_73.5755m56.9526.fits
QSO_sim_z0.45_MgIIBlueWide_73.5755m56.9526.fits
QSO_sim_z0.5676_MgIIBlueWide_51.76p0.4532.fits
QSO_sim_z0.5676_MgIIBlueWide_51.76p0.4532.fits
QSO_sim_z0.7502_MgIIBlueDeep_219.5047p2.122.fits
QSO_sim_z0.7502_MgIIBlueDeep_219.5047p2.122.fits
QSO_sim_z1.6362_MgIIBlueDeep_192.845p0.0718.fits
QSO_sim_z1.6362_MgIIBlueDeep_192.845p0.0718.fits
QSO_sim_z0.85_MgIIBlueWide_190.1481m33.9595.fits
QSO_sim_z0.85_MgIIBlueWide_190.1481m33.9595.fits
QSO_sim_z0.75_MgIIBlueDeep_188.4m2.226.fits
QSO_sim_z0.75_MgIIBlueDeep_188.4m2.226.fits
QSO_sim_z2.132_MgIIBlueDeep_346.7486m29.1361.fits
QSO_sim_z2.132_MgIIBlueDeep_346.7486m29.1361.fits
QSO_sim_z1.0_MgIIBlueWide_73.9772m32.8996.fits
QSO_sim_z1.0_MgIIBlueWide_73.9772m32.8996.fits
QSO_sim_z0.879_MgIIBlueWide_19.134m9.7254.fits
QSO_sim_z0.879_MgIIBlueWide_19.134m9.7254.fits
QSO_sim_z0.6401_MgIIBlueWide_159.2722m14.6366.fits
QSO_sim_z0.6401_MgIIBlueWide_159.2722m14.6366.fits
QSO_sim_z1.4441_MgIIBlueDeep_219.6855p3.1594.fits
QSO_sim_z1.4441_MgIIBlueDeep_219.6855p3.1594.fits
QSO_sim_z3.1798_MgIIBlueDeep_203.6607p3.16.fits
QSO_sim_z3.1798_MgIIBlueDeep_203.6607p3.16.fits
QSO_sim_z0.731_MgIIBlueWide_345.9169m39.9787.fits
QSO_sim_z0.731_MgIIBlueWide_345.9169m39.9787.fits
QSO_sim_z0.75_MgIIBlueWide_357.9946m68.9033.fits
QSO_sim_z0.75_MgIIBlueWide_357.9946m68.9033.fits
QSO_sim_z0.75_MgIIBlueWide_74.6737m39.3964.fits
QSO_sim_z0.75_MgIIBlueWide_74.6737m39.3964.fits
QSO_sim_z2.7209_MgIIBlueDeep_188.0062m0.9943.fits
QSO_sim_z2.7209_MgIIBlueDeep_188.0062m0.9943.fits
QSO_sim_z1.8025_MgIIBlueDeep_218.9982m2.349.fits
QSO_sim_z1.8025_MgIIBlueDeep_218.9982m2.349.fits
QSO_sim_z2.3501_MgIIBlueDeep_210.6458m2.6979.fits
QSO_sim_z2.3501_MgIIBlueDeep_210.6458m2.6979.fits
QSO_sim_z1.8285_MgIIBlueDeep_223.6723p1.7518.fits
QSO_sim_z1.8285_MgIIBlueDeep_223.6723p1.7518.fits
QSO_sim_z0.9_MgIIBlueWide_71.754m62.5859.fits
QSO_sim_z0.9_MgIIBlueWide_71.754m62.5859.fits
QSO_sim_z1.7_MgIIBlueDeep_19.4462m35.1621.fits
QSO_sim_z1.7_MgIIBlueDeep_19.4462m35.1621.fits
QSO_sim_z1.6922_MgIIBlueDeep_178.5555m2.7802.fits
QSO_sim_z1.6922_MgIIBlueDeep_178.5555m2.7802.fits
QSO_sim_z1.8808_MgIIBlueDeep_178.8272m3.8096.fits
QSO_sim_z1.8808_MgIIBlueDeep_178.8272m3.8096.fits
QSO_sim_z0.9979_MgIIBlueWide_38.9251m14.5321.fits
QSO_sim_z0.9979_MgIIBlueWide_38.9251m14.5321.fits
QSO_sim_z1.25_MgIIBlueDeep_2.6128m33.0268.fits
QSO_sim_z1.25_MgIIBlueDeep_2.6128m33.0268.fits
QSO_sim_z0.6658_MgIIBlueWide_16.2248m5.9089.fits
QSO_sim_z0.6658_MgIIBlueWide_16.2248m5.9089.fits
QSO_sim_z0.6_MgIIBlueDeep_11.2667m28.0091.fits
QSO_sim_z0.6_MgIIBlueDeep_11.2667m28.0091.fits
QSO_sim_z1.05_MgIIBlueDeep_17.0163m35.4825.fits
QSO_sim_z1.05_MgIIBlueDeep_17.0163m35.4825.fits
QSO_sim_z2.65_MgIIBlueDeep_11.5223m28.8179.fits
QSO_sim_z2.65_MgIIBlueDeep_11.5223m28.8179.fits
QSO_sim_z1.8299_MgIIBlueDeep_222.9575m0.7816.fits
QSO_sim_z1.8299_MgIIBlueDeep_222.9575m0.7816.fits
QSO_sim_z0.7368_MgIIBlueWide_332.9271p0.4579.fits
QSO_sim_z0.7368_MgIIBlueWide_332.9271p0.4579.fits
QSO_sim_z1.0388_MgIIBlueWide_135.4358m2.495.fits
QSO_sim_z1.0388_MgIIBlueWide_135.4358m2.495.fits
QSO_sim_z0.6742_MgIIBlueWide_325.7183m4.9549.fits
QSO_sim_z0.6742_MgIIBlueWide_325.7183m4.9549.fits
QSO_sim_z2.5672_MgIIBlueDeep_218.2095m2.1285.fits
QSO_sim_z2.5672_MgIIBlueDeep_218.2095m2.1285.fits
QSO_sim_z1.0365_MgIIBlueDeep_39.0975m35.1327.fits
QSO_sim_z1.0365_MgIIBlueDeep_39.0975m35.1327.fits
QSO_sim_z0.7897_MgIIBlueWide_163.2345m34.5022.fits
QSO_sim_z0.7897_MgIIBlueWide_163.2345m34.5022.fits
QSO_sim_z2.0745_MgIIBlueDeep_332.5956m27.5633.fits
QSO_sim_z2.0745_MgIIBlueDeep_332.5956m27.5633.fits
QSO_sim_z0.6498_MgIIBlueWide_165.1731m33.4664.fits
QSO_sim_z0.6498_MgIIBlueWide_165.1731m33.4664.fits
QSO_sim_z0.76_MgIIBlueWide_220.3481m75.9924.fits
QSO_sim_z0.76_MgIIBlueWide_220.3481m75.9924.fits
QSO_sim_z1.4924_MgIIBlueDeep_168.0158m1.2569.fits
QSO_sim_z1.4924_MgIIBlueDeep_168.0158m1.2569.fits
QSO_sim_z1.0365_MgIIBlueWide_42.9258m37.3988.fits
QSO_sim_z1.0365_MgIIBlueWide_42.9258m37.3988.fits
QSO_sim_z0.773_MgIIBlueWide_308.196m26.1261.fits
QSO_sim_z0.773_MgIIBlueWide_308.196m26.1261.fits
QSO_sim_z0.577_MgIIBlueWide_111.4244m64.3015.fits
QSO_sim_z0.577_MgIIBlueWide_111.4244m64.3015.fits
QSO_sim_z0.5598_MgIIBlueWide_40.6795m36.3746.fits
QSO_sim_z0.5598_MgIIBlueWide_40.6795m36.3746.fits
QSO_sim_z0.8293_MgIIBlueWide_35.5597m10.069.fits
QSO_sim_z0.8293_MgIIBlueWide_35.5597m10.069.fits
QSO_sim_z1.7936_MgIIBlueDeep_168.8223m1.4899.fits
QSO_sim_z1.7936_MgIIBlueDeep_168.8223m1.4899.fits
QSO_sim_z2.2352_MgIIBlueDeep_40.589m34.0805.fits
QSO_sim_z2.2352_MgIIBlueDeep_40.589m34.0805.fits
QSO_sim_z0.9608_MgIIBlueWide_35.0317m11.8601.fits
QSO_sim_z0.9608_MgIIBlueWide_35.0317m11.8601.fits
QSO_sim_z0.9906_MgIIBlueWide_327.8716m8.7798.fits
QSO_sim_z0.9906_MgIIBlueWide_327.8716m8.7798.fits
QSO_sim_z0.7_MgIIBlueWide_349.7986m60.9976.fits
QSO_sim_z0.7_MgIIBlueWide_349.7986m60.9976.fits
QSO_sim_z0.9394_MgIIBlueWide_232.9402m71.4131.fits
QSO_sim_z0.9394_MgIIBlueWide_232.9402m71.4131.fits
QSO_sim_z3.3_DLABlue_118.1011m70.2495.fits
QSO_sim_z3.3_DLABlue_118.1011m70.2495.fits
QSO_sim_z1.0169_MgIIBlueWide_54.3308m30.3222.fits
QSO_sim_z1.0169_MgIIBlueWide_54.3308m30.3222.fits
QSO_sim_z2.35_MgIIBlueDeep_39.0084m33.0907.fits
QSO_sim_z2.35_MgIIBlueDeep_39.0084m33.0907.fits
QSO_sim_z2.289_MgIIBlueDeep_47.7284m29.5767.fits
QSO_sim_z2.289_MgIIBlueDeep_47.7284m29.5767.fits
QSO_sim_z0.7_MgIIBlueDeep_203.3635p0.8226.fits
QSO_sim_z0.7_MgIIBlueDeep_203.3635p0.8226.fits
QSO_sim_z0.8936_MgIIBlueWide_347.6688p0.4745.fits
QSO_sim_z0.8936_MgIIBlueWide_347.6688p0.4745.fits
QSO_sim_z3.0_MgIIBlueDeep_210.8949m1.1431.fits
QSO_sim_z3.0_MgIIBlueDeep_210.8949m1.1431.fits
QSO_sim_z0.9079_MgIIBlueWide_328.4286m6.0421.fits
QSO_sim_z0.9079_MgIIBlueWide_328.4286m6.0421.fits
QSO_sim_z2.0127_MgIIBlueDeep_194.8053p3.5749.fits
QSO_sim_z2.0127_MgIIBlueDeep_194.8053p3.5749.fits
QSO_sim_z1.9_MgIIBlueDeep_39.4754m33.1008.fits
QSO_sim_z1.9_MgIIBlueDeep_39.4754m33.1008.fits
QSO_sim_z0.8349_MgIIBlueWide_1.3954m11.7131.fits
QSO_sim_z0.8349_MgIIBlueWide_1.3954m11.7131.fits
QSO_sim_z0.8671_MgIIBlueWide_195.7425m7.8509.fits
QSO_sim_z0.8671_MgIIBlueWide_195.7425m7.8509.fits
QSO_sim_z1.4229_MgIIBlueDeep_6.4266m35.4724.fits
QSO_sim_z1.4229_MgIIBlueDeep_6.4266m35.4724.fits
QSO_sim_z1.1_MgIIBlueDeep_158.2154p3.8984.fits
QSO_sim_z1.1_MgIIBlueDeep_158.2154p3.8984.fits
QSO_sim_z2.05_MgIIBlueDeep_3.1442m33.1061.fits
QSO_sim_z2.05_MgIIBlueDeep_3.1442m33.1061.fits
QSO_sim_z0.8858_MgIIBlueWide_162.6129m11.9215.fits
QSO_sim_z0.8858_MgIIBlueWide_162.6129m11.9215.fits
QSO_sim_z1.0_MgIIBlueWide_329.8622m5.5322.fits
QSO_sim_z1.0_MgIIBlueWide_329.8622m5.5322.fits
QSO_sim_z0.9213_MgIIBlueDeep_158.3878p0.4458.fits
QSO_sim_z0.9213_MgIIBlueDeep_158.3878p0.4458.fits
QSO_sim_z2.6083_MgIIBlueDeep_7.5143m34.7786.fits
QSO_sim_z2.6083_MgIIBlueDeep_7.5143m34.7786.fits
QSO_sim_z0.65_MgIIBlueWide_290.2836m61.5499.fits
QSO_sim_z0.65_MgIIBlueWide_290.2836m61.5499.fits
QSO_sim_z1.0_MgIIBlueWide_222.3931m23.5434.fits
QSO_sim_z1.0_MgIIBlueWide_222.3931m23.5434.fits
QSO_sim_z0.9612_MgIIBlueWide_316.8351m24.951.fits
QSO_sim_z0.9612_MgIIBlueWide_316.8351m24.951.fits
QSO_sim_z1.0576_MgIIBlueDeep_193.6938p3.7905.fits
QSO_sim_z1.0576_MgIIBlueDeep_193.6938p3.7905.fits
QSO_sim_z1.0453_MgIIBlueDeep_179.0535m3.8947.fits
QSO_sim_z1.0453_MgIIBlueDeep_179.0535m3.8947.fits
QSO_sim_z0.5777_MgIIBlueWide_331.8851m46.9684.fits
QSO_sim_z0.5777_MgIIBlueWide_331.8851m46.9684.fits
QSO_sim_z0.65_MgIIBlueDeep_193.8551p3.3363.fits
QSO_sim_z0.65_MgIIBlueDeep_193.8551p3.3363.fits
QSO_sim_z2.8_DLABlue_122.2992m72.3469.fits
QSO_sim_z2.8_DLABlue_122.2992m72.3469.fits
QSO_sim_z0.7_MgIIBlueDeep_12.2111m27.2646.fits
QSO_sim_z0.7_MgIIBlueDeep_12.2111m27.2646.fits
QSO_sim_z1.6576_MgIIBlueDeep_222.9119m1.1316.fits
QSO_sim_z1.6576_MgIIBlueDeep_222.9119m1.1316.fits
QSO_sim_z2.4_MgIIBlueDeep_48.0407m32.9943.fits
QSO_sim_z2.4_MgIIBlueDeep_48.0407m32.9943.fits
QSO_sim_z0.3912_MgIIBlueWide_92.1203m63.2963.fits
QSO_sim_z0.3912_MgIIBlueWide_92.1203m63.2963.fits
QSO_sim_z2.75_MgIIBlueDeep_352.6611m29.845.fits
QSO_sim_z2.75_MgIIBlueDeep_352.6611m29.845.fits
QSO_sim_z1.5029_MgIIBlueDeep_193.1547p3.9258.fits
QSO_sim_z1.5029_MgIIBlueDeep_193.1547p3.9258.fits
QSO_sim_z2.85_DLABlue_124.3475m73.2235.fits
QSO_sim_z2.85_DLABlue_124.3475m73.2235.fits
QSO_sim_z0.7_MgIIBlueWide_167.3914m30.2933.fits
QSO_sim_z0.7_MgIIBlueWide_167.3914m30.2933.fits
QSO_sim_z0.65_MgIIBlueWide_224.5508m20.9638.fits
QSO_sim_z0.65_MgIIBlueWide_224.5508m20.9638.fits
QSO_sim_z0.7716_MgIIBlueWide_56.8369m18.6514.fits
QSO_sim_z0.7716_MgIIBlueWide_56.8369m18.6514.fits
QSO_sim_z0.7_MgIIBlueWide_293.0268m60.6467.fits
QSO_sim_z0.7_MgIIBlueWide_293.0268m60.6467.fits
QSO_sim_z2.4975_MgIIBlueDeep_218.8854m1.8271.fits
QSO_sim_z2.4975_MgIIBlueDeep_218.8854m1.8271.fits
QSO_sim_z1.45_MgIIBlueDeep_13.033m29.1016.fits
QSO_sim_z1.45_MgIIBlueDeep_13.033m29.1016.fits
QSO_sim_z2.85_MgIIBlueDeep_165.6538p0.926.fits
QSO_sim_z2.85_MgIIBlueDeep_165.6538p0.926.fits
QSO_sim_z0.858_MgIIBlueWide_329.2678m46.282.fits
QSO_sim_z0.858_MgIIBlueWide_329.2678m46.282.fits
QSO_sim_z0.8016_MgIIBlueDeep_192.4157p3.8524.fits
QSO_sim_z0.8016_MgIIBlueDeep_192.4157p3.8524.fits
QSO_sim_z2.6793_DLABlue_33.9052m16.0478.fits
QSO_sim_z2.6793_DLABlue_33.9052m16.0478.fits
QSO_sim_z1.55_MgIIBlueDeep_48.2538m31.8438.fits
QSO_sim_z1.55_MgIIBlueDeep_48.2538m31.8438.fits
QSO_sim_z0.803_MgIIBlueWide_48.5697m23.0799.fits
QSO_sim_z0.803_MgIIBlueWide_48.5697m23.0799.fits
QSO_sim_z0.95_MgIIBlueWide_291.2498m65.6973.fits
QSO_sim_z0.95_MgIIBlueWide_291.2498m65.6973.fits
QSO_sim_z0.4_MgIIBlueWide_77.1607m54.9573.fits
QSO_sim_z0.4_MgIIBlueWide_77.1607m54.9573.fits
QSO_sim_z1.1_MgIIBlueDeep_188.7678m1.9324.fits
QSO_sim_z1.1_MgIIBlueDeep_188.7678m1.9324.fits
QSO_sim_z1.0_MgIIBlueWide_358.6056m77.7097.fits
QSO_sim_z1.0_MgIIBlueWide_358.6056m77.7097.fits
QSO_sim_z0.85_MgIIBlueWide_197.1198m14.3792.fits
QSO_sim_z0.85_MgIIBlueWide_197.1198m14.3792.fits
QSO_sim_z0.8_MgIIBlueWide_292.4271m68.9341.fits
QSO_sim_z0.8_MgIIBlueWide_292.4271m68.9341.fits
QSO_sim_z0.6_MgIIBlueWide_78.0881m52.3915.fits
QSO_sim_z0.6_MgIIBlueWide_78.0881m52.3915.fits
QSO_sim_z0.8593_MgIIBlueWide_58.8623m15.4165.fits
QSO_sim_z0.8593_MgIIBlueWide_58.8623m15.4165.fits
QSO_sim_z0.8_MgIIBlueWide_329.9315m11.7506.fits
QSO_sim_z0.8_MgIIBlueWide_329.9315m11.7506.fits
QSO_sim_z0.75_MgIIBlueWide_354.5552m1.7768.fits
QSO_sim_z0.75_MgIIBlueWide_354.5552m1.7768.fits
QSO_sim_z2.05_MgIIBlueDeep_48.3622m34.1858.fits
QSO_sim_z2.05_MgIIBlueDeep_48.3622m34.1858.fits
QSO_sim_z0.9644_MgIIBlueWide_182.8686m31.2014.fits
QSO_sim_z0.9644_MgIIBlueWide_182.8686m31.2014.fits
QSO_sim_z1.011_MgIIBlueWide_44.7945m24.6395.fits
QSO_sim_z1.011_MgIIBlueWide_44.7945m24.6395.fits
QSO_sim_z0.8775_MgIIBlueWide_324.1905m45.9691.fits
QSO_sim_z0.8775_MgIIBlueWide_324.1905m45.9691.fits
QSO_sim_z0.6061_MgIIBlueWide_218.1922m17.5883.fits
QSO_sim_z0.6061_MgIIBlueWide_218.1922m17.5883.fits
QSO_sim_z1.1368_MgIIBlueDeep_219.4948m1.2286.fits
QSO_sim_z1.1368_MgIIBlueDeep_219.4948m1.2286.fits
QSO_sim_z3.6_MgIIBlueDeep_39.4574m33.2409.fits
QSO_sim_z3.6_MgIIBlueDeep_39.4574m33.2409.fits
QSO_sim_z1.0061_MgIIBlueWide_36.1674m17.4272.fits
QSO_sim_z1.0061_MgIIBlueWide_36.1674m17.4272.fits
QSO_sim_z0.7_MgIIBlueWide_325.5217m10.4895.fits
QSO_sim_z0.7_MgIIBlueWide_325.5217m10.4895.fits
QSO_sim_z0.55_MgIIBlueWide_79.5084m52.4555.fits
QSO_sim_z0.55_MgIIBlueWide_79.5084m52.4555.fits
QSO_sim_z0.9669_MgIIBlueWide_149.1364m31.197.fits
QSO_sim_z0.9669_MgIIBlueWide_149.1364m31.197.fits
QSO_sim_z0.8075_MgIIBlueWide_350.4582m0.8499.fits
QSO_sim_z0.8075_MgIIBlueWide_350.4582m0.8499.fits
QSO_sim_z2.8_DLABlue_33.8008m39.7286.fits
QSO_sim_z2.8_DLABlue_33.8008m39.7286.fits
QSO_sim_z0.7674_MgIIBlueWide_56.1984m50.43.fits
QSO_sim_z0.7674_MgIIBlueWide_56.1984m50.43.fits
QSO_sim_z0.9954_MgIIBlueWide_333.0528m45.4502.fits
QSO_sim_z0.9954_MgIIBlueWide_333.0528m45.4502.fits
QSO_sim_z0.9017_MgIIBlueWide_46.3023m23.1391.fits
QSO_sim_z0.9017_MgIIBlueWide_46.3023m23.1391.fits
QSO_sim_z0.7_MgIIBlueWide_76.1369m56.1789.fits
QSO_sim_z0.7_MgIIBlueWide_76.1369m56.1789.fits
QSO_sim_z0.8_MgIIBlueWide_39.2786m20.2248.fits
QSO_sim_z0.8_MgIIBlueWide_39.2786m20.2248.fits
QSO_sim_z0.8244_MgIIBlueWide_262.9138m63.6534.fits
QSO_sim_z0.8244_MgIIBlueWide_262.9138m63.6534.fits
QSO_sim_z1.3077_MgIIBlueDeep_179.2173m2.0309.fits
QSO_sim_z1.3077_MgIIBlueDeep_179.2173m2.0309.fits
QSO_sim_z0.615_MgIIBlueWide_43.8447m22.9837.fits
QSO_sim_z0.615_MgIIBlueWide_43.8447m22.9837.fits
QSO_sim_z0.8096_MgIIBlueDeep_222.6951m2.6057.fits
QSO_sim_z0.8096_MgIIBlueDeep_222.6951m2.6057.fits
QSO_sim_z0.95_MgIIBlueWide_329.3447m31.1308.fits
QSO_sim_z0.95_MgIIBlueWide_329.3447m31.1308.fits
QSO_sim_z0.85_MgIIBlueWide_58.6721m20.8257.fits
QSO_sim_z0.85_MgIIBlueWide_58.6721m20.8257.fits
QSO_sim_z1.0373_MgIIBlueWide_6.6811m9.3492.fits
QSO_sim_z1.0373_MgIIBlueWide_6.6811m9.3492.fits
QSO_sim_z1.4_MgIIBlueDeep_175.3485p1.9533.fits
QSO_sim_z1.4_MgIIBlueDeep_175.3485p1.9533.fits
QSO_sim_z0.6_MgIIBlueWide_222.7782m31.1555.fits
QSO_sim_z0.6_MgIIBlueWide_222.7782m31.1555.fits
QSO_sim_z0.9_MgIIBlueWide_59.932m22.6084.fits
QSO_sim_z0.9_MgIIBlueWide_59.932m22.6084.fits
QSO_sim_z0.3481_MgIIBlueWide_91.0272m60.9846.fits
QSO_sim_z0.3481_MgIIBlueWide_91.0272m60.9846.fits
QSO_sim_z0.9291_MgIIBlueWide_61.1596m47.2081.fits
QSO_sim_z0.9291_MgIIBlueWide_61.1596m47.2081.fits
QSO_sim_z1.0_MgIIBlueWide_295.2935m49.9432.fits
QSO_sim_z1.0_MgIIBlueWide_295.2935m49.9432.fits
QSO_sim_z2.5369_MgIIBlueDeep_203.1586p0.1493.fits
QSO_sim_z2.5369_MgIIBlueDeep_203.1586p0.1493.fits
QSO_sim_z0.8976_MgIIBlueWide_172.2031m31.04.fits
QSO_sim_z0.8976_MgIIBlueWide_172.2031m31.04.fits
QSO_sim_z0.6226_MgIIBlueDeep_193.467p2.4833.fits
QSO_sim_z0.6226_MgIIBlueDeep_193.467p2.4833.fits
QSO_sim_z0.7_MgIIBlueDeep_13.0189m27.0778.fits
QSO_sim_z0.7_MgIIBlueDeep_13.0189m27.0778.fits
QSO_sim_z0.8_MgIIBlueWide_39.1989m25.2104.fits
QSO_sim_z0.8_MgIIBlueWide_39.1989m25.2104.fits
QSO_sim_z0.6841_MgIIBlueWide_8.386m7.6635.fits
QSO_sim_z0.6841_MgIIBlueWide_8.386m7.6635.fits
QSO_sim_z0.804_MgIIBlueDeep_12.2397m33.3846.fits
QSO_sim_z0.804_MgIIBlueDeep_12.2397m33.3846.fits
QSO_sim_z1.5_MgIIBlueDeep_13.3346m27.7175.fits
QSO_sim_z1.5_MgIIBlueDeep_13.3346m27.7175.fits
QSO_sim_z1.05_MgIIBlueDeep_210.8884m3.0664.fits
QSO_sim_z1.05_MgIIBlueDeep_210.8884m3.0664.fits
QSO_sim_z0.7283_MgIIBlueWide_172.9358m5.8929.fits
QSO_sim_z0.7283_MgIIBlueWide_172.9358m5.8929.fits
QSO_sim_z0.85_MgIIBlueWide_298.8598m49.3384.fits
QSO_sim_z0.85_MgIIBlueWide_298.8598m49.3384.fits
QSO_sim_z0.85_MgIIBlueWide_329.5732m44.3459.fits
QSO_sim_z0.85_MgIIBlueWide_329.5732m44.3459.fits
QSO_sim_z0.5665_MgIIBlueWide_2.4214m10.5249.fits
QSO_sim_z0.5665_MgIIBlueWide_2.4214m10.5249.fits
QSO_sim_z2.75_DLABlue_342.8008m76.7462.fits
QSO_sim_z2.75_DLABlue_342.8008m76.7462.fits
QSO_sim_z0.6458_MgIIBlueDeep_193.7077p1.2553.fits
QSO_sim_z0.6458_MgIIBlueDeep_193.7077p1.2553.fits
QSO_sim_z3.1_MgIIBlueDeep_21.581m27.0113.fits
QSO_sim_z3.1_MgIIBlueDeep_21.581m27.0113.fits
QSO_sim_z0.727_MgIIBlueWide_352.6156m6.3266.fits
QSO_sim_z0.727_MgIIBlueWide_352.6156m6.3266.fits
QSO_sim_z1.0086_MgIIBlueWide_3.9019m10.1691.fits
QSO_sim_z1.0086_MgIIBlueWide_3.9019m10.1691.fits
QSO_sim_z0.8652_MgIIBlueDeep_189.3647m2.0187.fits
QSO_sim_z0.8652_MgIIBlueDeep_189.3647m2.0187.fits
QSO_sim_z2.8_DLABlue_346.7267m65.8072.fits
QSO_sim_z2.8_DLABlue_346.7267m65.8072.fits
QSO_sim_z0.85_MgIIBlueWide_197.2804m23.0452.fits
QSO_sim_z0.85_MgIIBlueWide_197.2804m23.0452.fits
QSO_sim_z0.6265_MgIIBlueWide_58.9795m25.6077.fits
QSO_sim_z0.6265_MgIIBlueWide_58.9795m25.6077.fits
QSO_sim_z1.5_MgIIBlueDeep_13.9838m29.1419.fits
QSO_sim_z1.5_MgIIBlueDeep_13.9838m29.1419.fits
QSO_sim_z1.0027_MgIIBlueWide_174.3054m29.2932.fits
QSO_sim_z1.0027_MgIIBlueWide_174.3054m29.2932.fits
QSO_sim_z1.3692_MgIIBlueDeep_165.7237p2.4876.fits
QSO_sim_z1.3692_MgIIBlueDeep_165.7237p2.4876.fits
QSO_sim_z0.7656_MgIIBlueWide_157.768m26.532.fits
QSO_sim_z0.7656_MgIIBlueWide_157.768m26.532.fits
QSO_sim_z0.7_MgIIBlueWide_173.2492m6.5313.fits
QSO_sim_z0.7_MgIIBlueWide_173.2492m6.5313.fits
QSO_sim_z1.45_MgIIBlueDeep_33.8979m27.7724.fits
QSO_sim_z1.45_MgIIBlueDeep_33.8979m27.7724.fits
QSO_sim_z1.1_MgIIBlueDeep_159.1463p1.4442.fits
QSO_sim_z1.1_MgIIBlueDeep_159.1463p1.4442.fits
QSO_sim_z0.9609_MgIIBlueWide_328.8313m43.7825.fits
QSO_sim_z0.9609_MgIIBlueWide_328.8313m43.7825.fits
QSO_sim_z0.861_MgIIBlueWide_59.7898m24.513.fits
QSO_sim_z0.861_MgIIBlueWide_59.7898m24.513.fits
QSO_sim_z0.6_MgIIBlueWide_19.6371m40.1668.fits
QSO_sim_z0.6_MgIIBlueWide_19.6371m40.1668.fits
QSO_sim_z0.8502_MgIIBlueWide_161.4744m24.2755.fits
QSO_sim_z0.8502_MgIIBlueWide_161.4744m24.2755.fits
QSO_sim_z1.4368_MgIIBlueDeep_10.2397m33.2572.fits
QSO_sim_z1.4368_MgIIBlueDeep_10.2397m33.2572.fits
QSO_sim_z0.7_MgIIBlueWide_199.3406m28.1987.fits
QSO_sim_z0.7_MgIIBlueWide_199.3406m28.1987.fits
QSO_sim_z1.2_MgIIBlueDeep_21.0845m27.3649.fits
QSO_sim_z1.2_MgIIBlueDeep_21.0845m27.3649.fits
QSO_sim_z1.5_MgIIBlueDeep_165.3749p0.4318.fits
QSO_sim_z1.5_MgIIBlueDeep_165.3749p0.4318.fits
QSO_sim_z1.0_MgIIBlueWide_295.2669m54.7297.fits
QSO_sim_z1.0_MgIIBlueWide_295.2669m54.7297.fits
QSO_sim_z0.8483_MgIIBlueDeep_165.454p0.4637.fits
QSO_sim_z0.8483_MgIIBlueDeep_165.454p0.4637.fits
QSO_sim_z0.8_MgIIBlueDeep_351.6461m29.8142.fits
QSO_sim_z0.8_MgIIBlueDeep_351.6461m29.8142.fits
QSO_sim_z0.5481_MgIIBlueWide_101.5264m57.2905.fits
QSO_sim_z0.5481_MgIIBlueWide_101.5264m57.2905.fits
QSO_sim_z0.5524_MgIIBlueWide_242.5678m33.022.fits
QSO_sim_z0.5524_MgIIBlueWide_242.5678m33.022.fits
QSO_sim_z1.5282_MgIIBlueDeep_10.8119m32.9288.fits
QSO_sim_z1.5282_MgIIBlueDeep_10.8119m32.9288.fits
QSO_sim_z2.95_DLABlue_345.0355m79.9871.fits
QSO_sim_z2.95_DLABlue_345.0355m79.9871.fits
QSO_sim_z0.7_MgIIBlueWide_56.9587m31.0647.fits
QSO_sim_z0.7_MgIIBlueWide_56.9587m31.0647.fits
QSO_sim_z0.7012_MgIIBlueWide_63.9928m44.1999.fits
QSO_sim_z0.7012_MgIIBlueWide_63.9928m44.1999.fits
QSO_sim_z2.0_MgIIBlueDeep_48.8665m32.7269.fits
QSO_sim_z2.0_MgIIBlueDeep_48.8665m32.7269.fits
QSO_sim_z0.6915_MgIIBlueWide_61.4532m45.8927.fits
QSO_sim_z0.6915_MgIIBlueWide_61.4532m45.8927.fits
QSO_sim_z0.7634_MgIIBlueWide_238.564m32.2265.fits
QSO_sim_z0.7634_MgIIBlueWide_238.564m32.2265.fits
QSO_sim_z1.0_MgIIBlueWide_39.6444m40.3135.fits
QSO_sim_z1.0_MgIIBlueWide_39.6444m40.3135.fits
QSO_sim_z0.9623_MgIIBlueWide_323.4615m25.1918.fits
QSO_sim_z0.9623_MgIIBlueWide_323.4615m25.1918.fits
QSO_sim_z1.2547_MgIIBlueDeep_10.5539m32.6359.fits
QSO_sim_z1.2547_MgIIBlueDeep_10.5539m32.6359.fits
QSO_sim_z2.2805_MgIIBlueDeep_189.801m0.8304.fits
QSO_sim_z2.2805_MgIIBlueDeep_189.801m0.8304.fits
QSO_sim_z2.6_DLABlue_350.623m66.087.fits
QSO_sim_z2.6_DLABlue_350.623m66.087.fits
QSO_sim_z1.948_MgIIBlueDeep_9.0743m33.4282.fits
QSO_sim_z1.948_MgIIBlueDeep_9.0743m33.4282.fits
QSO_sim_z1.5123_MgIIBlueDeep_221.9519m1.6315.fits
QSO_sim_z1.5123_MgIIBlueDeep_221.9519m1.6315.fits
QSO_sim_z1.65_MgIIBlueDeep_222.684m3.1972.fits
QSO_sim_z1.65_MgIIBlueDeep_222.684m3.1972.fits
QSO_sim_z0.8_MgIIBlueDeep_0.7137m32.6495.fits
QSO_sim_z0.8_MgIIBlueDeep_0.7137m32.6495.fits
QSO_sim_z0.8102_MgIIBlueWide_142.8761m0.6784.fits
QSO_sim_z0.8102_MgIIBlueWide_142.8761m0.6784.fits
QSO_sim_z1.1121_MgIIBlueDeep_222.0622p3.8426.fits
QSO_sim_z1.1121_MgIIBlueDeep_222.0622p3.8426.fits
QSO_sim_z0.55_MgIIBlueWide_77.3466m62.3768.fits
QSO_sim_z0.55_MgIIBlueWide_77.3466m62.3768.fits
QSO_sim_z0.95_MgIIBlueWide_35.4171m43.7301.fits
QSO_sim_z0.95_MgIIBlueWide_35.4171m43.7301.fits
QSO_sim_z0.8954_MgIIBlueWide_56.789m23.084.fits
QSO_sim_z0.8954_MgIIBlueWide_56.789m23.084.fits
QSO_sim_z3.0971_DLABlue_35.7294m0.8011.fits
QSO_sim_z3.0971_DLABlue_35.7294m0.8011.fits
QSO_sim_z1.599_MgIIBlueDeep_222.6273m1.4327.fits
QSO_sim_z1.599_MgIIBlueDeep_222.6273m1.4327.fits
QSO_sim_z0.973_MgIIBlueWide_244.1955m22.9608.fits
QSO_sim_z0.973_MgIIBlueWide_244.1955m22.9608.fits
QSO_sim_z2.2_MgIIBlueDeep_35.1859m30.5064.fits
QSO_sim_z2.2_MgIIBlueDeep_35.1859m30.5064.fits
QSO_sim_z0.7_MgIIBlueDeep_222.1231m1.8076.fits
QSO_sim_z0.7_MgIIBlueDeep_222.1231m1.8076.fits
QSO_sim_z0.75_MgIIBlueWide_197.6275m28.9651.fits
QSO_sim_z0.75_MgIIBlueWide_197.6275m28.9651.fits
QSO_sim_z0.7_MgIIBlueWide_18.8465m49.1241.fits
QSO_sim_z0.7_MgIIBlueWide_18.8465m49.1241.fits
QSO_sim_z0.95_MgIIBlueWide_75.6718m12.9348.fits
QSO_sim_z0.95_MgIIBlueWide_75.6718m12.9348.fits
QSO_sim_z0.9427_MgIIBlueWide_179.8676m25.6055.fits
QSO_sim_z0.9427_MgIIBlueWide_179.8676m25.6055.fits
QSO_sim_z0.85_MgIIBlueWide_75.0527m79.7609.fits
QSO_sim_z0.85_MgIIBlueWide_75.0527m79.7609.fits
QSO_sim_z0.4_MgIIBlueWide_75.95m76.8297.fits
QSO_sim_z0.4_MgIIBlueWide_75.95m76.8297.fits
QSO_sim_z1.6039_MgIIBlueDeep_193.8902p0.5519.fits
QSO_sim_z1.6039_MgIIBlueDeep_193.8902p0.5519.fits
QSO_sim_z0.9836_MgIIBlueWide_58.6596m42.4471.fits
QSO_sim_z0.9836_MgIIBlueWide_58.6596m42.4471.fits
QSO_sim_z0.9247_MgIIBlueWide_56.4062m20.0495.fits
QSO_sim_z0.9247_MgIIBlueWide_56.4062m20.0495.fits
QSO_sim_z1.3132_MgIIBlueDeep_175.8311p1.7214.fits
QSO_sim_z1.3132_MgIIBlueDeep_175.8311p1.7214.fits
QSO_sim_z0.8777_MgIIBlueDeep_11.0338m32.5508.fits
QSO_sim_z0.8777_MgIIBlueDeep_11.0338m32.5508.fits
QSO_sim_z1.4845_MgIIBlueDeep_189.0608m1.7882.fits
QSO_sim_z1.4845_MgIIBlueDeep_189.0608m1.7882.fits
QSO_sim_z0.8597_MgIIBlueDeep_221.2116m1.446.fits
QSO_sim_z0.8597_MgIIBlueDeep_221.2116m1.446.fits
QSO_sim_z0.75_MgIIBlueWide_143.8147m4.498.fits
QSO_sim_z0.75_MgIIBlueWide_143.8147m4.498.fits
QSO_sim_z0.7945_MgIIBlueWide_351.4382m8.7828.fits
QSO_sim_z0.7945_MgIIBlueWide_351.4382m8.7828.fits
QSO_sim_z1.0312_MgIIBlueWide_63.8028m22.1648.fits
QSO_sim_z1.0312_MgIIBlueWide_63.8028m22.1648.fits
QSO_sim_z2.6196_DLABlue_38.8549m12.5758.fits
QSO_sim_z2.6196_DLABlue_38.8549m12.5758.fits
QSO_sim_z1.55_MgIIBlueDeep_34.0101m29.7271.fits
QSO_sim_z1.55_MgIIBlueDeep_34.0101m29.7271.fits
QSO_sim_z0.7_MgIIBlueWide_197.6433m30.598.fits
QSO_sim_z0.7_MgIIBlueWide_197.6433m30.598.fits
QSO_sim_z1.5985_MgIIBlueDeep_203.0175p2.6842.fits
QSO_sim_z1.5985_MgIIBlueDeep_203.0175p2.6842.fits
QSO_sim_z0.949_MgIIBlueDeep_36.6574m31.4207.fits
QSO_sim_z0.949_MgIIBlueDeep_36.6574m31.4207.fits
QSO_sim_z0.7_MgIIBlueWide_36.7223m49.1433.fits
QSO_sim_z0.7_MgIIBlueWide_36.7223m49.1433.fits
QSO_sim_z1.0233_MgIIBlueWide_217.9119m14.1495.fits
QSO_sim_z1.0233_MgIIBlueWide_217.9119m14.1495.fits
QSO_sim_z1.35_MgIIBlueDeep_0.6372m31.4255.fits
QSO_sim_z1.35_MgIIBlueDeep_0.6372m31.4255.fits
QSO_sim_z0.9112_MgIIBlueDeep_163.8475m3.9166.fits
QSO_sim_z0.9112_MgIIBlueDeep_163.8475m3.9166.fits
QSO_sim_z0.7286_MgIIBlueWide_199.98m45.1018.fits
QSO_sim_z0.7286_MgIIBlueWide_199.98m45.1018.fits
QSO_sim_z0.805_MgIIBlueWide_214.8849m14.9971.fits
QSO_sim_z0.805_MgIIBlueWide_214.8849m14.9971.fits
QSO_sim_z2.1_MgIIBlueDeep_163.9464m1.9206.fits
QSO_sim_z2.1_MgIIBlueDeep_163.9464m1.9206.fits
QSO_sim_z0.82_MgIIBlueWide_96.3644m30.3119.fits
QSO_sim_z0.82_MgIIBlueWide_96.3644m30.3119.fits
QSO_sim_z0.9065_MgIIBlueDeep_222.9615m2.8526.fits
QSO_sim_z0.9065_MgIIBlueDeep_222.9615m2.8526.fits
QSO_sim_z0.9291_MgIIBlueWide_214.955m14.4614.fits
QSO_sim_z0.9291_MgIIBlueWide_214.955m14.4614.fits
QSO_sim_z0.9713_MgIIBlueWide_320.3417m41.2996.fits
QSO_sim_z0.9713_MgIIBlueWide_320.3417m41.2996.fits
QSO_sim_z1.621_MgIIBlueDeep_354.6168m35.5114.fits
QSO_sim_z1.621_MgIIBlueDeep_354.6168m35.5114.fits
QSO_sim_z1.4_MgIIBlueDeep_352.335m30.9395.fits
QSO_sim_z1.4_MgIIBlueDeep_352.335m30.9395.fits
QSO_sim_z0.6_MgIIBlueWide_172.4648m18.6272.fits
QSO_sim_z0.6_MgIIBlueWide_172.4648m18.6272.fits
QSO_sim_z0.9357_MgIIBlueWide_333.2756m21.7609.fits
QSO_sim_z0.9357_MgIIBlueWide_333.2756m21.7609.fits
QSO_sim_z0.6_MgIIBlueWide_18.1461m56.5463.fits
QSO_sim_z0.6_MgIIBlueWide_18.1461m56.5463.fits
QSO_sim_z0.5902_MgIIBlueWide_144.9611m5.0548.fits
QSO_sim_z0.5902_MgIIBlueWide_144.9611m5.0548.fits
QSO_sim_z1.566_MgIIBlueDeep_354.9921m35.2753.fits
QSO_sim_z1.566_MgIIBlueDeep_354.9921m35.2753.fits
QSO_sim_z0.6_MgIIBlueWide_18.3705m59.0141.fits
QSO_sim_z0.6_MgIIBlueWide_18.3705m59.0141.fits
QSO_sim_z0.7426_MgIIBlueWide_216.0708m13.7607.fits
QSO_sim_z0.7426_MgIIBlueWide_216.0708m13.7607.fits
QSO_sim_z0.9507_MgIIBlueWide_181.4737m21.6118.fits
QSO_sim_z0.9507_MgIIBlueWide_181.4737m21.6118.fits
QSO_sim_z1.3_MgIIBlueDeep_1.3482m33.4201.fits
QSO_sim_z1.3_MgIIBlueDeep_1.3482m33.4201.fits
QSO_sim_z0.85_MgIIBlueWide_55.3057m54.7324.fits
QSO_sim_z0.85_MgIIBlueWide_55.3057m54.7324.fits
QSO_sim_z1.1_MgIIBlueDeep_36.5634m32.2623.fits
QSO_sim_z1.1_MgIIBlueDeep_36.5634m32.2623.fits
QSO_sim_z0.5398_MgIIBlueWide_97.1182m53.9226.fits
QSO_sim_z0.5398_MgIIBlueWide_97.1182m53.9226.fits
QSO_sim_z0.9847_MgIIBlueWide_179.8292m20.9952.fits
QSO_sim_z0.9847_MgIIBlueWide_179.8292m20.9952.fits
QSO_sim_z0.95_MgIIBlueWide_15.1506m56.2354.fits
QSO_sim_z0.95_MgIIBlueWide_15.1506m56.2354.fits
QSO_sim_z0.85_MgIIBlueDeep_10.4303m33.3154.fits
QSO_sim_z0.85_MgIIBlueDeep_10.4303m33.3154.fits
QSO_sim_z0.8651_MgIIBlueDeep_200.5238p1.6912.fits
QSO_sim_z0.8651_MgIIBlueDeep_200.5238p1.6912.fits
QSO_sim_z0.7265_MgIIBlueWide_180.3695m20.4197.fits
QSO_sim_z0.7265_MgIIBlueWide_180.3695m20.4197.fits
QSO_sim_z0.9391_MgIIBlueWide_105.4565m54.4038.fits
QSO_sim_z0.9391_MgIIBlueWide_105.4565m54.4038.fits
QSO_sim_z1.0376_MgIIBlueWide_90.4492m30.3221.fits
QSO_sim_z1.0376_MgIIBlueWide_90.4492m30.3221.fits
QSO_sim_z2.5875_DLABlue_36.7404m77.3698.fits
QSO_sim_z2.5875_DLABlue_36.7404m77.3698.fits
QSO_sim_z0.868_MgIIBlueWide_218.7545m47.4051.fits
QSO_sim_z0.868_MgIIBlueWide_218.7545m47.4051.fits
QSO_sim_z0.95_MgIIBlueWide_81.6567m53.9301.fits
QSO_sim_z0.95_MgIIBlueWide_81.6567m53.9301.fits
QSO_sim_z2.9932_DLABlue_17.3741m76.4531.fits
QSO_sim_z2.9932_DLABlue_17.3741m76.4531.fits
QSO_sim_z1.0381_MgIIBlueWide_111.9641m53.0509.fits
QSO_sim_z1.0381_MgIIBlueWide_111.9641m53.0509.fits
QSO_sim_z0.79_MgIIBlueWide_97.3223m27.1074.fits
QSO_sim_z0.79_MgIIBlueWide_97.3223m27.1074.fits
QSO_sim_z1.277_MgIIBlueDeep_24.1203m34.8424.fits
QSO_sim_z1.277_MgIIBlueDeep_24.1203m34.8424.fits
QSO_sim_z0.8_MgIIBlueWide_227.3546m9.0446.fits
QSO_sim_z0.8_MgIIBlueWide_227.3546m9.0446.fits
QSO_sim_z0.9586_MgIIBlueWide_213.4163m14.7137.fits
QSO_sim_z0.9586_MgIIBlueWide_213.4163m14.7137.fits
QSO_sim_z1.0_MgIIBlueDeep_10.4694m32.4391.fits
QSO_sim_z1.0_MgIIBlueDeep_10.4694m32.4391.fits
QSO_sim_z0.612_MgIIBlueDeep_193.1489p0.378.fits
QSO_sim_z0.612_MgIIBlueDeep_193.1489p0.378.fits
QSO_sim_z2.2_MgIIBlueDeep_168.3836p3.7548.fits
QSO_sim_z2.2_MgIIBlueDeep_168.3836p3.7548.fits
QSO_sim_z2.7546_MgIIBlueDeep_223.4841m0.6015.fits
QSO_sim_z2.7546_MgIIBlueDeep_223.4841m0.6015.fits
QSO_sim_z1.8_MgIIBlueDeep_45.4823m33.8538.fits
QSO_sim_z1.8_MgIIBlueDeep_45.4823m33.8538.fits
QSO_sim_z0.8856_MgIIBlueWide_333.4768m18.2763.fits
QSO_sim_z0.8856_MgIIBlueWide_333.4768m18.2763.fits
QSO_sim_z0.8_MgIIBlueWide_55.4126p0.9153.fits
QSO_sim_z0.8_MgIIBlueWide_55.4126p0.9153.fits
QSO_sim_z0.9_MgIIBlueWide_353.9649m10.7306.fits
QSO_sim_z0.9_MgIIBlueWide_353.9649m10.7306.fits
QSO_sim_z0.6_MgIIBlueWide_81.6295m52.7865.fits
QSO_sim_z0.6_MgIIBlueWide_81.6295m52.7865.fits
QSO_sim_z0.928_MgIIBlueWide_18.2528p1.6678.fits
QSO_sim_z0.928_MgIIBlueWide_18.2528p1.6678.fits
QSO_sim_z0.9318_MgIIBlueWide_55.6773p0.5211.fits
QSO_sim_z0.9318_MgIIBlueWide_55.6773p0.5211.fits
QSO_sim_z0.8266_MgIIBlueWide_101.481m54.381.fits
QSO_sim_z0.8266_MgIIBlueWide_101.481m54.381.fits
QSO_sim_z1.6455_MgIIBlueDeep_199.1389m3.7681.fits
QSO_sim_z1.6455_MgIIBlueDeep_199.1389m3.7681.fits
QSO_sim_z1.0_MgIIBlueWide_35.0263m60.1411.fits
QSO_sim_z1.0_MgIIBlueWide_35.0263m60.1411.fits
QSO_sim_z1.0_MgIIBlueWide_300.1863m19.952.fits
QSO_sim_z1.0_MgIIBlueWide_300.1863m19.952.fits
QSO_sim_z0.8_MgIIBlueWide_198.5658m40.1221.fits
QSO_sim_z0.8_MgIIBlueWide_198.5658m40.1221.fits
QSO_sim_z0.95_MgIIBlueWide_350.8144m14.6051.fits
QSO_sim_z0.95_MgIIBlueWide_350.8144m14.6051.fits
QSO_sim_z0.8866_MgIIBlueWide_195.2053p4.7913.fits
QSO_sim_z0.8866_MgIIBlueWide_195.2053p4.7913.fits
QSO_sim_z0.9_MgIIBlueWide_229.8317m8.6057.fits
QSO_sim_z0.9_MgIIBlueWide_229.8317m8.6057.fits
QSO_sim_z0.692_MgIIBlueWide_219.3355m41.5999.fits
QSO_sim_z0.692_MgIIBlueWide_219.3355m41.5999.fits
QSO_sim_z0.7_MgIIBlueWide_142.6115m8.2041.fits
QSO_sim_z0.7_MgIIBlueWide_142.6115m8.2041.fits
QSO_sim_z0.6527_MgIIBlueWide_58.2866m18.4663.fits
QSO_sim_z0.6527_MgIIBlueWide_58.2866m18.4663.fits
QSO_sim_z2.05_MgIIBlueDeep_10.9565m32.68.fits
QSO_sim_z2.05_MgIIBlueDeep_10.9565m32.68.fits
QSO_sim_z2.0046_MgIIBlueDeep_176.861p0.7832.fits
QSO_sim_z2.0046_MgIIBlueDeep_176.861p0.7832.fits
QSO_sim_z0.9827_MgIIBlueDeep_164.691m3.7296.fits
QSO_sim_z0.9827_MgIIBlueDeep_164.691m3.7296.fits
QSO_sim_z0.9352_MgIIBlueWide_85.7338m32.6954.fits
QSO_sim_z0.9352_MgIIBlueWide_85.7338m32.6954.fits
QSO_sim_z0.95_MgIIBlueDeep_30.0058m27.2031.fits
QSO_sim_z0.95_MgIIBlueDeep_30.0058m27.2031.fits
QSO_sim_z1.0358_MgIIBlueWide_350.131m12.98.fits
QSO_sim_z1.0358_MgIIBlueWide_350.131m12.98.fits
QSO_sim_z1.0325_MgIIBlueWide_329.2348m18.4493.fits
QSO_sim_z1.0325_MgIIBlueWide_329.2348m18.4493.fits
QSO_sim_z0.4_MgIIBlueWide_83.5857m57.7698.fits
QSO_sim_z0.4_MgIIBlueWide_83.5857m57.7698.fits
QSO_sim_z0.5637_MgIIBlueWide_87.0832m31.5322.fits
QSO_sim_z0.5637_MgIIBlueWide_87.0832m31.5322.fits
QSO_sim_z1.75_MgIIBlueDeep_10.6202m32.7104.fits
QSO_sim_z1.75_MgIIBlueDeep_10.6202m32.7104.fits
QSO_sim_z0.9354_MgIIBlueWide_220.7822m37.7373.fits
QSO_sim_z0.9354_MgIIBlueWide_220.7822m37.7373.fits
QSO_sim_z0.95_MgIIBlueWide_83.0016m59.8243.fits
QSO_sim_z0.95_MgIIBlueWide_83.0016m59.8243.fits
QSO_sim_z0.8524_MgIIBlueWide_201.8273m4.4556.fits
QSO_sim_z0.8524_MgIIBlueWide_201.8273m4.4556.fits
QSO_sim_z0.923_MgIIBlueWide_325.448m32.8771.fits
QSO_sim_z0.923_MgIIBlueWide_325.448m32.8771.fits
QSO_sim_z0.9622_MgIIBlueWide_59.5179m33.9756.fits
QSO_sim_z0.9622_MgIIBlueWide_59.5179m33.9756.fits
QSO_sim_z0.9194_MgIIBlueDeep_222.2363m0.6202.fits
QSO_sim_z0.9194_MgIIBlueDeep_222.2363m0.6202.fits
QSO_sim_z1.9956_MgIIBlueDeep_38.9947m27.8865.fits
QSO_sim_z1.9956_MgIIBlueDeep_38.9947m27.8865.fits
QSO_sim_z0.85_MgIIBlueWide_226.9778m12.6156.fits
QSO_sim_z0.85_MgIIBlueWide_226.9778m12.6156.fits
QSO_sim_z2.25_MgIIBlueDeep_23.5712m27.1845.fits
QSO_sim_z2.25_MgIIBlueDeep_23.5712m27.1845.fits
QSO_sim_z0.6463_MgIIBlueWide_39.142p0.112.fits
QSO_sim_z0.6463_MgIIBlueWide_39.142p0.112.fits
QSO_sim_z2.8305_MgIIBlueDeep_201.7634p3.2198.fits
QSO_sim_z2.8305_MgIIBlueDeep_201.7634p3.2198.fits
QSO_sim_z0.762_MgIIBlueWide_358.188m9.6886.fits
QSO_sim_z0.762_MgIIBlueWide_358.188m9.6886.fits
QSO_sim_z0.65_MgIIBlueWide_60.3717m4.5648.fits
QSO_sim_z0.65_MgIIBlueWide_60.3717m4.5648.fits
QSO_sim_z0.671_MgIIBlueWide_215.2506m11.3057.fits
QSO_sim_z0.671_MgIIBlueWide_215.2506m11.3057.fits
QSO_sim_z0.9676_MgIIBlueWide_355.5421m9.7196.fits
QSO_sim_z0.9676_MgIIBlueWide_355.5421m9.7196.fits
QSO_sim_z0.8966_MgIIBlueDeep_40.5711m27.8885.fits
QSO_sim_z0.8966_MgIIBlueDeep_40.5711m27.8885.fits
QSO_sim_z0.5967_MgIIBlueWide_203.6104m8.1861.fits
QSO_sim_z0.5967_MgIIBlueWide_203.6104m8.1861.fits
QSO_sim_z1.3_MgIIBlueDeep_1.3013m34.1857.fits
QSO_sim_z1.3_MgIIBlueDeep_1.3013m34.1857.fits
QSO_sim_z1.9_MgIIBlueDeep_0.9382m32.6267.fits
QSO_sim_z1.9_MgIIBlueDeep_0.9382m32.6267.fits
QSO_sim_z2.9_DLABlue_35.4522p0.9681.fits
QSO_sim_z2.9_DLABlue_35.4522p0.9681.fits
QSO_sim_z1.5037_MgIIBlueDeep_0.9562m33.7127.fits
QSO_sim_z1.5037_MgIIBlueDeep_0.9562m33.7127.fits
QSO_sim_z2.55_MgIIBlueDeep_45.5212m33.1358.fits
QSO_sim_z2.55_MgIIBlueDeep_45.5212m33.1358.fits
QSO_sim_z0.9467_MgIIBlueWide_211.5354m11.8573.fits
QSO_sim_z0.9467_MgIIBlueWide_211.5354m11.8573.fits
QSO_sim_z1.45_MgIIBlueDeep_45.7821m33.4391.fits
QSO_sim_z1.45_MgIIBlueDeep_45.7821m33.4391.fits
QSO_sim_z0.9558_MgIIBlueWide_190.6264m22.0646.fits
QSO_sim_z0.9558_MgIIBlueWide_190.6264m22.0646.fits
QSO_sim_z0.3172_MgIIBlueWide_39.134m78.9485.fits
QSO_sim_z0.3172_MgIIBlueWide_39.134m78.9485.fits
QSO_sim_z1.0133_MgIIBlueWide_82.2703m28.4073.fits
QSO_sim_z1.0133_MgIIBlueWide_82.2703m28.4073.fits
QSO_sim_z1.0248_MgIIBlueWide_63.012m8.1122.fits
QSO_sim_z1.0248_MgIIBlueWide_63.012m8.1122.fits
QSO_sim_z0.8608_MgIIBlueDeep_204.5601p1.0031.fits
QSO_sim_z0.8608_MgIIBlueDeep_204.5601p1.0031.fits
QSO_sim_z1.5_MgIIBlueDeep_352.1565m31.4665.fits
QSO_sim_z1.5_MgIIBlueDeep_352.1565m31.4665.fits
QSO_sim_z0.8426_MgIIBlueWide_44.7675m3.5624.fits
QSO_sim_z0.8426_MgIIBlueWide_44.7675m3.5624.fits
QSO_sim_z0.7_MgIIBlueWide_78.7732m24.7749.fits
QSO_sim_z0.7_MgIIBlueWide_78.7732m24.7749.fits
QSO_sim_z0.6535_MgIIBlueDeep_171.1647m1.64.fits
QSO_sim_z0.6535_MgIIBlueDeep_171.1647m1.64.fits
QSO_sim_z0.6_MgIIBlueWide_200.8941m7.935.fits
QSO_sim_z0.6_MgIIBlueWide_200.8941m7.935.fits
QSO_sim_z3.2541_DLABlue_40.7965m3.9313.fits
QSO_sim_z3.2541_DLABlue_40.7965m3.9313.fits
QSO_sim_z0.8894_MgIIBlueWide_66.9786m40.7795.fits
QSO_sim_z0.8894_MgIIBlueWide_66.9786m40.7795.fits
QSO_sim_z0.85_MgIIBlueWide_225.2475m13.5239.fits
QSO_sim_z0.85_MgIIBlueWide_225.2475m13.5239.fits
QSO_sim_z1.0363_MgIIBlueWide_351.0003m10.3821.fits
QSO_sim_z1.0363_MgIIBlueWide_351.0003m10.3821.fits
QSO_sim_z0.6434_MgIIBlueDeep_164.1114m3.6227.fits
QSO_sim_z0.6434_MgIIBlueDeep_164.1114m3.6227.fits
QSO_sim_z0.7684_MgIIBlueWide_15.2471p3.4507.fits
QSO_sim_z0.7684_MgIIBlueWide_15.2471p3.4507.fits
QSO_sim_z0.655_MgIIBlueWide_320.587m23.5449.fits
QSO_sim_z0.655_MgIIBlueWide_320.587m23.5449.fits
QSO_sim_z0.869_MgIIBlueWide_225.8438m16.7487.fits
QSO_sim_z0.869_MgIIBlueWide_225.8438m16.7487.fits
QSO_sim_z2.7_MgIIBlueDeep_38.3302m35.5206.fits
QSO_sim_z2.7_MgIIBlueDeep_38.3302m35.5206.fits
QSO_sim_z0.7731_MgIIBlueWide_84.7074m26.2258.fits
QSO_sim_z0.7731_MgIIBlueWide_84.7074m26.2258.fits
QSO_sim_z0.65_MgIIBlueWide_301.0737m45.9758.fits
QSO_sim_z0.65_MgIIBlueWide_301.0737m45.9758.fits
QSO_sim_z0.863_MgIIBlueWide_50.439m24.1874.fits
QSO_sim_z0.863_MgIIBlueWide_50.439m24.1874.fits
QSO_sim_z0.5542_MgIIBlueWide_353.5411m9.7211.fits
QSO_sim_z0.5542_MgIIBlueWide_353.5411m9.7211.fits
QSO_sim_z1.0176_MgIIBlueWide_320.0178m22.0209.fits
QSO_sim_z1.0176_MgIIBlueWide_320.0178m22.0209.fits
QSO_sim_z2.15_MgIIBlueDeep_171.0134m1.3153.fits
QSO_sim_z2.15_MgIIBlueDeep_171.0134m1.3153.fits
QSO_sim_z0.7865_MgIIBlueWide_332.6961m8.8144.fits
QSO_sim_z0.7865_MgIIBlueWide_332.6961m8.8144.fits
QSO_sim_z0.7007_MgIIBlueWide_114.6139m48.3152.fits
QSO_sim_z0.7007_MgIIBlueWide_114.6139m48.3152.fits
QSO_sim_z0.95_MgIIBlueWide_16.8722p2.2269.fits
QSO_sim_z0.95_MgIIBlueWide_16.8722p2.2269.fits
QSO_sim_z0.8639_MgIIBlueWide_51.6929m22.404.fits
QSO_sim_z0.8639_MgIIBlueWide_51.6929m22.404.fits
QSO_sim_z0.9_MgIIBlueWide_140.9093m10.9377.fits
QSO_sim_z0.9_MgIIBlueWide_140.9093m10.9377.fits
QSO_sim_z1.0_MgIIBlueWide_227.2577m16.63.fits
QSO_sim_z1.0_MgIIBlueWide_227.2577m16.63.fits
QSO_sim_z3.5889_MgIIBlueDeep_1.1644m31.9038.fits
QSO_sim_z3.5889_MgIIBlueDeep_1.1644m31.9038.fits
QSO_sim_z1.5_MgIIBlueDeep_10.0245m32.8006.fits
QSO_sim_z1.5_MgIIBlueDeep_10.0245m32.8006.fits
QSO_sim_z0.7129_MgIIBlueWide_229.556m14.0746.fits
QSO_sim_z0.7129_MgIIBlueWide_229.556m14.0746.fits
QSO_sim_z0.873_MgIIBlueWide_60.8815m8.9265.fits
QSO_sim_z0.873_MgIIBlueWide_60.8815m8.9265.fits
QSO_sim_z2.5_MgIIBlueDeep_39.3373m35.5087.fits
QSO_sim_z2.5_MgIIBlueDeep_39.3373m35.5087.fits
QSO_sim_z0.7009_MgIIBlueWide_333.7532m8.014.fits
QSO_sim_z0.7009_MgIIBlueWide_333.7532m8.014.fits
QSO_sim_z1.1219_MgIIBlueDeep_23.0587m31.6103.fits
QSO_sim_z1.1219_MgIIBlueDeep_23.0587m31.6103.fits
QSO_sim_z0.953_MgIIBlueWide_39.3607m76.8436.fits
QSO_sim_z0.953_MgIIBlueWide_39.3607m76.8436.fits
QSO_sim_z0.75_MgIIBlueWide_353.426m49.4727.fits
QSO_sim_z0.75_MgIIBlueWide_353.426m49.4727.fits
QSO_sim_z0.7242_MgIIBlueWide_199.2089m19.3186.fits
QSO_sim_z0.7242_MgIIBlueWide_199.2089m19.3186.fits
QSO_sim_z0.7744_MgIIBlueWide_34.872m76.335.fits
QSO_sim_z0.7744_MgIIBlueWide_34.872m76.335.fits
QSO_sim_z0.7_MgIIBlueWide_82.5219m78.1884.fits
QSO_sim_z0.7_MgIIBlueWide_82.5219m78.1884.fits
QSO_sim_z0.85_MgIIBlueWide_77.7875m25.7568.fits
QSO_sim_z0.85_MgIIBlueWide_77.7875m25.7568.fits
QSO_sim_z0.6745_MgIIBlueWide_70.9615m35.4796.fits
QSO_sim_z0.6745_MgIIBlueWide_70.9615m35.4796.fits
QSO_sim_z2.9_DLABlue_43.0563m8.2699.fits
QSO_sim_z2.9_DLABlue_43.0563m8.2699.fits
QSO_sim_z0.7796_MgIIBlueWide_17.3718p1.8214.fits
QSO_sim_z0.7796_MgIIBlueWide_17.3718p1.8214.fits
QSO_sim_z0.6974_MgIIBlueWide_228.0132m13.0803.fits
QSO_sim_z0.6974_MgIIBlueWide_228.0132m13.0803.fits
QSO_sim_z0.9395_MgIIBlueWide_334.4562m75.5707.fits
QSO_sim_z0.9395_MgIIBlueWide_334.4562m75.5707.fits
QSO_sim_z0.7417_MgIIBlueWide_322.3617m19.761.fits
QSO_sim_z0.7417_MgIIBlueWide_322.3617m19.761.fits
QSO_sim_z2.5_MgIIBlueDeep_177.4055p0.0733.fits
QSO_sim_z2.5_MgIIBlueDeep_177.4055p0.0733.fits
QSO_sim_z0.8819_MgIIBlueWide_352.4249m8.1334.fits
QSO_sim_z0.8819_MgIIBlueWide_352.4249m8.1334.fits
QSO_sim_z1.55_MgIIBlueDeep_35.7503m35.5178.fits
QSO_sim_z1.55_MgIIBlueDeep_35.7503m35.5178.fits
QSO_sim_z2.1528_MgIIBlueDeep_177.6423p0.2709.fits
QSO_sim_z2.1528_MgIIBlueDeep_177.6423p0.2709.fits
QSO_sim_z0.9_MgIIBlueWide_77.9755m26.2916.fits
QSO_sim_z0.9_MgIIBlueWide_77.9755m26.2916.fits
QSO_sim_z0.75_MgIIBlueWide_84.3658m77.3406.fits
QSO_sim_z0.75_MgIIBlueWide_84.3658m77.3406.fits
QSO_sim_z1.5086_MgIIBlueDeep_211.8121m0.6781.fits
QSO_sim_z1.5086_MgIIBlueDeep_211.8121m0.6781.fits
QSO_sim_z0.912_MgIIBlueWide_110.6826m47.2218.fits
QSO_sim_z0.912_MgIIBlueWide_110.6826m47.2218.fits
QSO_sim_z0.95_MgIIBlueWide_225.2336m16.8326.fits
QSO_sim_z0.95_MgIIBlueWide_225.2336m16.8326.fits
QSO_sim_z0.8238_MgIIBlueWide_323.0899m19.1161.fits
QSO_sim_z0.8238_MgIIBlueWide_323.0899m19.1161.fits
QSO_sim_z1.479_MgIIBlueDeep_357.7898m33.2822.fits
QSO_sim_z1.479_MgIIBlueDeep_357.7898m33.2822.fits
QSO_sim_z2.082_MgIIBlueDeep_11.1169m32.1985.fits
QSO_sim_z2.082_MgIIBlueDeep_11.1169m32.1985.fits
QSO_sim_z0.6_MgIIBlueWide_330.2851m10.2003.fits
QSO_sim_z0.6_MgIIBlueWide_330.2851m10.2003.fits
QSO_sim_z0.9_MgIIBlueWide_143.2465m14.1766.fits
QSO_sim_z0.9_MgIIBlueWide_143.2465m14.1766.fits
QSO_sim_z1.0_MgIIBlueWide_171.7751m30.8271.fits
QSO_sim_z1.0_MgIIBlueWide_171.7751m30.8271.fits
QSO_sim_z0.8606_MgIIBlueWide_351.8298m7.9401.fits
QSO_sim_z0.8606_MgIIBlueWide_351.8298m7.9401.fits
QSO_sim_z0.9116_MgIIBlueWide_52.8405m17.7997.fits
QSO_sim_z0.9116_MgIIBlueWide_52.8405m17.7997.fits
QSO_sim_z1.8277_MgIIBlueDeep_222.4014m3.0595.fits
QSO_sim_z1.8277_MgIIBlueDeep_222.4014m3.0595.fits
QSO_sim_z0.7103_MgIIBlueWide_64.3146m38.2156.fits
QSO_sim_z0.7103_MgIIBlueWide_64.3146m38.2156.fits
QSO_sim_z0.6_MgIIBlueWide_172.0218m33.9118.fits
QSO_sim_z0.6_MgIIBlueWide_172.0218m33.9118.fits
QSO_sim_z2.5835_MgIIBlueDeep_160.3316m0.6312.fits
QSO_sim_z2.5835_MgIIBlueDeep_160.3316m0.6312.fits
QSO_sim_z1.9131_MgIIBlueDeep_33.7128m29.3032.fits
QSO_sim_z1.9131_MgIIBlueDeep_33.7128m29.3032.fits
QSO_sim_z2.6617_DLABlue_62.714m56.9575.fits
QSO_sim_z2.6617_DLABlue_62.714m56.9575.fits
QSO_sim_z1.0823_MgIIBlueDeep_177.4202p0.2359.fits
QSO_sim_z1.0823_MgIIBlueDeep_177.4202p0.2359.fits
QSO_sim_z0.788_MgIIBlueWide_353.9665m75.9992.fits
QSO_sim_z0.788_MgIIBlueWide_353.9665m75.9992.fits
QSO_sim_z1.9862_MgIIBlueDeep_160.4562m0.9468.fits
QSO_sim_z1.9862_MgIIBlueDeep_160.4562m0.9468.fits
QSO_sim_z0.565_MgIIBlueWide_112.2775m42.4733.fits
QSO_sim_z0.565_MgIIBlueWide_112.2775m42.4733.fits
QSO_sim_z1.8_MgIIBlueDeep_21.6284m31.5979.fits
QSO_sim_z1.8_MgIIBlueDeep_21.6284m31.5979.fits
QSO_sim_z0.8_MgIIBlueDeep_45.2125m31.5544.fits
QSO_sim_z0.8_MgIIBlueDeep_45.2125m31.5544.fits
QSO_sim_z0.8445_MgIIBlueWide_40.5569m7.2988.fits
QSO_sim_z0.8445_MgIIBlueWide_40.5569m7.2988.fits
QSO_sim_z1.4462_MgIIBlueDeep_185.1939m0.5715.fits
QSO_sim_z1.4462_MgIIBlueDeep_185.1939m0.5715.fits
QSO_sim_z0.6337_MgIIBlueWide_196.3962m17.4211.fits
QSO_sim_z0.6337_MgIIBlueWide_196.3962m17.4211.fits
QSO_sim_z2.7897_MgIIBlueDeep_160.0241m0.4382.fits
QSO_sim_z2.7897_MgIIBlueDeep_160.0241m0.4382.fits
QSO_sim_z3.1514_DLABlue_41.1265m15.9263.fits
QSO_sim_z3.1514_DLABlue_41.1265m15.9263.fits
QSO_sim_z0.7451_MgIIBlueWide_40.2954m6.671.fits
QSO_sim_z0.7451_MgIIBlueWide_40.2954m6.671.fits
QSO_sim_z0.7_MgIIBlueWide_303.602m60.711.fits
QSO_sim_z0.7_MgIIBlueWide_303.602m60.711.fits
QSO_sim_z1.6643_MgIIBlueDeep_219.8358p0.0273.fits
QSO_sim_z1.6643_MgIIBlueDeep_219.8358p0.0273.fits
QSO_sim_z0.95_MgIIBlueWide_141.3492m15.6828.fits
QSO_sim_z0.95_MgIIBlueWide_141.3492m15.6828.fits
QSO_sim_z0.9411_MgIIBlueWide_10.5674m77.3578.fits
QSO_sim_z0.9411_MgIIBlueWide_10.5674m77.3578.fits
QSO_sim_z0.7_MgIIBlueWide_204.6285m24.6725.fits
QSO_sim_z0.7_MgIIBlueWide_204.6285m24.6725.fits
QSO_sim_z0.95_MgIIBlueWide_77.5658m30.3273.fits
QSO_sim_z0.95_MgIIBlueWide_77.5658m30.3273.fits
QSO_sim_z0.95_MgIIBlueWide_171.6536m38.3324.fits
QSO_sim_z0.95_MgIIBlueWide_171.6536m38.3324.fits
QSO_sim_z0.8934_MgIIBlueWide_225.6723m12.8735.fits
QSO_sim_z0.8934_MgIIBlueWide_225.6723m12.8735.fits
QSO_sim_z0.65_MgIIBlueWide_77.1041m34.6728.fits
QSO_sim_z0.65_MgIIBlueWide_77.1041m34.6728.fits
QSO_sim_z1.45_MgIIBlueDeep_6.418m28.1208.fits
QSO_sim_z1.45_MgIIBlueDeep_6.418m28.1208.fits
QSO_sim_z0.702_MgIIBlueWide_350.8018m56.5958.fits
QSO_sim_z0.702_MgIIBlueWide_350.8018m56.5958.fits
QSO_sim_z0.9822_MgIIBlueWide_48.431m18.048.fits
QSO_sim_z0.9822_MgIIBlueWide_48.431m18.048.fits
QSO_sim_z0.8637_MgIIBlueWide_340.26m24.489.fits
QSO_sim_z0.8637_MgIIBlueWide_340.26m24.489.fits
QSO_sim_z1.8_MgIIBlueDeep_185.9812m2.3996.fits
QSO_sim_z1.8_MgIIBlueDeep_185.9812m2.3996.fits
QSO_sim_z2.05_MgIIBlueDeep_45.5314m34.1109.fits
QSO_sim_z2.05_MgIIBlueDeep_45.5314m34.1109.fits
QSO_sim_z0.9108_MgIIBlueDeep_28.769m31.9059.fits
QSO_sim_z0.9108_MgIIBlueDeep_28.769m31.9059.fits
QSO_sim_z2.15_MgIIBlueDeep_6.8532m28.7583.fits
QSO_sim_z2.15_MgIIBlueDeep_6.8532m28.7583.fits
QSO_sim_z0.85_MgIIBlueWide_142.632m15.5264.fits
QSO_sim_z0.85_MgIIBlueWide_142.632m15.5264.fits
QSO_sim_z1.0_MgIIBlueWide_5.8148m67.7744.fits
QSO_sim_z1.0_MgIIBlueWide_5.8148m67.7744.fits
QSO_sim_z0.8013_MgIIBlueWide_359.9078m9.2866.fits
QSO_sim_z0.8013_MgIIBlueWide_359.9078m9.2866.fits
QSO_sim_z0.6233_MgIIBlueWide_60.2102m14.2666.fits
QSO_sim_z0.6233_MgIIBlueWide_60.2102m14.2666.fits
QSO_sim_z2.4683_MgIIBlueDeep_222.2011m3.7662.fits
QSO_sim_z2.4683_MgIIBlueDeep_222.2011m3.7662.fits
QSO_sim_z0.9602_MgIIBlueWide_66.5883m31.1161.fits
QSO_sim_z0.9602_MgIIBlueWide_66.5883m31.1161.fits
QSO_sim_z0.95_MgIIBlueWide_331.041m43.8725.fits
QSO_sim_z0.95_MgIIBlueWide_331.041m43.8725.fits
QSO_sim_z0.6_MgIIBlueWide_303.6243m66.6797.fits
QSO_sim_z0.6_MgIIBlueWide_303.6243m66.6797.fits
QSO_sim_z2.0_MgIIBlueDeep_44.5872m28.2121.fits
QSO_sim_z2.0_MgIIBlueDeep_44.5872m28.2121.fits
QSO_sim_z0.8972_MgIIBlueWide_99.2789m20.3323.fits
QSO_sim_z0.8972_MgIIBlueWide_99.2789m20.3323.fits
QSO_sim_z2.9_DLABlue_41.2392m48.672.fits
QSO_sim_z2.9_DLABlue_41.2392m48.672.fits
QSO_sim_z1.3932_MgIIBlueDeep_31.7666m31.2213.fits
QSO_sim_z1.3932_MgIIBlueDeep_31.7666m31.2213.fits
QSO_sim_z0.9747_MgIIBlueWide_171.4121p4.4722.fits
QSO_sim_z0.9747_MgIIBlueWide_171.4121p4.4722.fits
QSO_sim_z0.95_MgIIBlueWide_228.249m34.3272.fits
QSO_sim_z0.95_MgIIBlueWide_228.249m34.3272.fits
QSO_sim_z0.6_MgIIBlueWide_228.8001m33.2036.fits
QSO_sim_z0.6_MgIIBlueWide_228.8001m33.2036.fits
QSO_sim_z0.7_MgIIBlueWide_5.8706m79.5628.fits
QSO_sim_z0.7_MgIIBlueWide_5.8706m79.5628.fits
QSO_sim_z0.8786_MgIIBlueWide_231.2238m11.9548.fits
QSO_sim_z0.8786_MgIIBlueWide_231.2238m11.9548.fits
QSO_sim_z0.836_MgIIBlueWide_91.1065m49.935.fits
QSO_sim_z0.836_MgIIBlueWide_91.1065m49.935.fits
QSO_sim_z0.8822_MgIIBlueWide_44.0507m11.0802.fits
QSO_sim_z0.8822_MgIIBlueWide_44.0507m11.0802.fits
QSO_sim_z0.95_MgIIBlueWide_144.4379m24.2035.fits
QSO_sim_z0.95_MgIIBlueWide_144.4379m24.2035.fits
QSO_sim_z0.65_MgIIBlueWide_200.0244m32.3924.fits
QSO_sim_z0.65_MgIIBlueWide_200.0244m32.3924.fits
QSO_sim_z1.207_MgIIBlueDeep_220.8257m3.5689.fits
QSO_sim_z1.207_MgIIBlueDeep_220.8257m3.5689.fits
QSO_sim_z0.95_MgIIBlueWide_78.2693m35.5389.fits
QSO_sim_z0.95_MgIIBlueWide_78.2693m35.5389.fits
QSO_sim_z0.8353_MgIIBlueWide_91.519m47.8814.fits
QSO_sim_z0.8353_MgIIBlueWide_91.519m47.8814.fits
QSO_sim_z0.65_MgIIBlueDeep_160.3192m0.5795.fits
QSO_sim_z0.65_MgIIBlueDeep_160.3192m0.5795.fits
QSO_sim_z1.7577_MgIIBlueDeep_199.7486m3.9502.fits
QSO_sim_z1.7577_MgIIBlueDeep_199.7486m3.9502.fits
QSO_sim_z0.75_MgIIBlueWide_20.145m7.3949.fits
QSO_sim_z0.75_MgIIBlueWide_20.145m7.3949.fits
QSO_sim_z1.7441_MgIIBlueDeep_223.3545m2.1042.fits
QSO_sim_z1.7441_MgIIBlueDeep_223.3545m2.1042.fits
QSO_sim_z0.7261_MgIIBlueWide_79.8577m28.5427.fits
QSO_sim_z0.7261_MgIIBlueWide_79.8577m28.5427.fits
QSO_sim_z0.55_MgIIBlueWide_85.1158m57.6195.fits
QSO_sim_z0.55_MgIIBlueWide_85.1158m57.6195.fits
QSO_sim_z2.9371_DLABlue_24.9689m63.7782.fits
QSO_sim_z2.9371_DLABlue_24.9689m63.7782.fits
QSO_sim_z0.7521_MgIIBlueWide_97.6282m47.2164.fits
QSO_sim_z0.7521_MgIIBlueWide_97.6282m47.2164.fits
QSO_sim_z0.7_MgIIBlueWide_204.5557m32.1481.fits
QSO_sim_z0.7_MgIIBlueWide_204.5557m32.1481.fits
QSO_sim_z1.1989_MgIIBlueDeep_185.6604m3.2153.fits
QSO_sim_z1.1989_MgIIBlueDeep_185.6604m3.2153.fits
QSO_sim_z0.85_MgIIBlueDeep_12.7529m31.8319.fits
QSO_sim_z0.85_MgIIBlueDeep_12.7529m31.8319.fits
QSO_sim_z3.3216_MgIIBlueDeep_178.3137p2.4449.fits
QSO_sim_z3.3216_MgIIBlueDeep_178.3137p2.4449.fits
QSO_sim_z0.9_MgIIBlueWide_79.4794m39.6027.fits
QSO_sim_z0.9_MgIIBlueWide_79.4794m39.6027.fits
QSO_sim_z1.0539_MgIIBlueDeep_178.8924p0.9181.fits
QSO_sim_z1.0539_MgIIBlueDeep_178.8924p0.9181.fits
QSO_sim_z2.25_MgIIBlueDeep_199.5512m3.0762.fits
QSO_sim_z2.25_MgIIBlueDeep_199.5512m3.0762.fits
QSO_sim_z0.6_MgIIBlueWide_40.7784m10.4869.fits
QSO_sim_z0.6_MgIIBlueWide_40.7784m10.4869.fits
QSO_sim_z0.5633_MgIIBlueWide_64.084m17.4084.fits
QSO_sim_z0.5633_MgIIBlueWide_64.084m17.4084.fits
QSO_sim_z2.6519_DLABlue_22.7415m63.2884.fits
QSO_sim_z2.6519_DLABlue_22.7415m63.2884.fits
QSO_sim_z0.7554_MgIIBlueWide_234.665m9.5305.fits
QSO_sim_z0.7554_MgIIBlueWide_234.665m9.5305.fits
QSO_sim_z0.15_MgIIBlueWide_85.3583m57.3543.fits
QSO_sim_z0.15_MgIIBlueWide_85.3583m57.3543.fits
QSO_sim_z1.4_MgIIBlueDeep_353.3224m30.9563.fits
QSO_sim_z1.4_MgIIBlueDeep_353.3224m30.9563.fits
QSO_sim_z0.9758_MgIIBlueWide_325.396m16.9787.fits
QSO_sim_z0.9758_MgIIBlueWide_325.396m16.9787.fits
QSO_sim_z0.7264_MgIIBlueWide_101.5836m45.1406.fits
QSO_sim_z0.7264_MgIIBlueWide_101.5836m45.1406.fits
QSO_sim_z1.4289_MgIIBlueDeep_178.7477p2.3496.fits
QSO_sim_z1.4289_MgIIBlueDeep_178.7477p2.3496.fits
QSO_sim_z0.9761_MgIIBlueWide_78.7517m25.9537.fits
QSO_sim_z0.9761_MgIIBlueWide_78.7517m25.9537.fits
QSO_sim_z0.767_MgIIBlueDeep_161.3807m2.3169.fits
QSO_sim_z0.767_MgIIBlueDeep_161.3807m2.3169.fits
QSO_sim_z2.1487_MgIIBlueDeep_221.6446m2.9272.fits
QSO_sim_z2.1487_MgIIBlueDeep_221.6446m2.9272.fits
QSO_sim_z1.9_MgIIBlueDeep_353.9736m30.409.fits
QSO_sim_z1.9_MgIIBlueDeep_353.9736m30.409.fits
QSO_sim_z0.3704_MgIIBlueWide_352.4232m72.1739.fits
QSO_sim_z0.3704_MgIIBlueWide_352.4232m72.1739.fits
QSO_sim_z0.95_MgIIBlueWide_308.0846m0.8262.fits
QSO_sim_z0.95_MgIIBlueWide_308.0846m0.8262.fits
QSO_sim_z1.0255_MgIIBlueWide_60.5187m18.0165.fits
QSO_sim_z1.0255_MgIIBlueWide_60.5187m18.0165.fits
QSO_sim_z0.5734_MgIIBlueWide_358.9928m0.8027.fits
QSO_sim_z0.5734_MgIIBlueWide_358.9928m0.8027.fits
QSO_sim_z1.8262_MgIIBlueDeep_221.5751p1.0851.fits
QSO_sim_z1.8262_MgIIBlueDeep_221.5751p1.0851.fits
QSO_sim_z2.5348_MgIIBlueDeep_170.2263m3.9361.fits
QSO_sim_z2.5348_MgIIBlueDeep_170.2263m3.9361.fits
QSO_sim_z0.97_MgIIBlueWide_188.1846m16.8323.fits
QSO_sim_z0.97_MgIIBlueWide_188.1846m16.8323.fits
QSO_sim_z0.8228_MgIIBlueWide_42.2835m75.2799.fits
QSO_sim_z0.8228_MgIIBlueWide_42.2835m75.2799.fits
QSO_sim_z2.1407_MgIIBlueDeep_186.8546m1.1177.fits
QSO_sim_z2.1407_MgIIBlueDeep_186.8546m1.1177.fits
QSO_sim_z1.039_MgIIBlueWide_79.5032m24.9472.fits
QSO_sim_z1.039_MgIIBlueWide_79.5032m24.9472.fits
QSO_sim_z0.789_MgIIBlueWide_61.5107m17.0343.fits
QSO_sim_z0.789_MgIIBlueWide_61.5107m17.0343.fits
QSO_sim_z1.1924_MgIIBlueDeep_172.679m3.7369.fits
QSO_sim_z1.1924_MgIIBlueDeep_172.679m3.7369.fits
QSO_sim_z2.2_MgIIBlueDeep_354.8563m33.896.fits
QSO_sim_z2.2_MgIIBlueDeep_354.8563m33.896.fits
QSO_sim_z0.829_MgIIBlueDeep_4.1458m32.2378.fits
QSO_sim_z0.829_MgIIBlueDeep_4.1458m32.2378.fits
QSO_sim_z0.8828_MgIIBlueWide_340.8088m74.7226.fits
QSO_sim_z0.8828_MgIIBlueWide_340.8088m74.7226.fits
QSO_sim_z1.503_MgIIBlueDeep_161.2935m2.9019.fits
QSO_sim_z1.503_MgIIBlueDeep_161.2935m2.9019.fits
QSO_sim_z0.7652_MgIIBlueWide_341.4896m74.3149.fits
QSO_sim_z0.7652_MgIIBlueWide_341.4896m74.3149.fits
QSO_sim_z0.5321_MgIIBlueWide_338.1708m74.2657.fits
QSO_sim_z0.5321_MgIIBlueWide_338.1708m74.2657.fits
QSO_sim_z2.2_MgIIBlueDeep_195.7305m1.9506.fits
QSO_sim_z2.2_MgIIBlueDeep_195.7305m1.9506.fits
QSO_sim_z1.0361_MgIIBlueWide_145.4319m7.7994.fits
QSO_sim_z1.0361_MgIIBlueWide_145.4319m7.7994.fits
QSO_sim_z0.8503_MgIIBlueWide_43.3732m11.7578.fits
QSO_sim_z0.8503_MgIIBlueWide_43.3732m11.7578.fits
QSO_sim_z2.9133_DLABlue_47.2657m2.9398.fits
QSO_sim_z2.9133_DLABlue_47.2657m2.9398.fits
QSO_sim_z1.0198_MgIIBlueWide_44.0062m74.9836.fits
QSO_sim_z1.0198_MgIIBlueWide_44.0062m74.9836.fits
QSO_sim_z0.8546_MgIIBlueWide_77.3996m24.5945.fits
QSO_sim_z0.8546_MgIIBlueWide_77.3996m24.5945.fits
QSO_sim_z1.0_MgIIBlueWide_359.1902m2.5518.fits
QSO_sim_z1.0_MgIIBlueWide_359.1902m2.5518.fits
QSO_sim_z1.4_MgIIBlueDeep_212.3411m3.9398.fits
QSO_sim_z1.4_MgIIBlueDeep_212.3411m3.9398.fits
QSO_sim_z1.3174_MgIIBlueDeep_224.7955m3.355.fits
QSO_sim_z1.3174_MgIIBlueDeep_224.7955m3.355.fits
QSO_sim_z1.8311_MgIIBlueDeep_195.8533m1.7348.fits
QSO_sim_z1.8311_MgIIBlueDeep_195.8533m1.7348.fits
QSO_sim_z1.25_MgIIBlueDeep_11.9615m33.4266.fits
QSO_sim_z1.25_MgIIBlueDeep_11.9615m33.4266.fits
QSO_sim_z0.8739_MgIIBlueWide_230.4055m5.8643.fits
QSO_sim_z0.8739_MgIIBlueWide_230.4055m5.8643.fits
QSO_sim_z1.0241_MgIIBlueWide_2.5735m4.3931.fits
QSO_sim_z1.0241_MgIIBlueWide_2.5735m4.3931.fits
QSO_sim_z0.6255_MgIIBlueWide_149.5591m3.2973.fits
QSO_sim_z0.6255_MgIIBlueWide_149.5591m3.2973.fits
QSO_sim_z2.15_MgIIBlueDeep_186.1215m3.6646.fits
QSO_sim_z2.15_MgIIBlueDeep_186.1215m3.6646.fits
QSO_sim_z0.7254_MgIIBlueWide_232.5734m1.526.fits
QSO_sim_z0.7254_MgIIBlueWide_232.5734m1.526.fits
QSO_sim_z0.7112_MgIIBlueWide_57.6971m14.3444.fits
QSO_sim_z0.7112_MgIIBlueWide_57.6971m14.3444.fits
QSO_sim_z2.7028_DLABlue_46.6556m8.7548.fits
QSO_sim_z2.7028_DLABlue_46.6556m8.7548.fits
QSO_sim_z1.2615_MgIIBlueDeep_27.2234m29.529.fits
QSO_sim_z1.2615_MgIIBlueDeep_27.2234m29.529.fits
QSO_sim_z0.8587_MgIIBlueWide_146.205m4.89.fits
QSO_sim_z0.8587_MgIIBlueWide_146.205m4.89.fits
QSO_sim_z1.0344_MgIIBlueWide_357.5953m6.7736.fits
QSO_sim_z1.0344_MgIIBlueWide_357.5953m6.7736.fits
QSO_sim_z1.5_MgIIBlueDeep_46.4485m31.1245.fits
QSO_sim_z1.5_MgIIBlueDeep_46.4485m31.1245.fits
QSO_sim_z0.7_MgIIBlueWide_93.061m54.7702.fits
QSO_sim_z0.7_MgIIBlueWide_93.061m54.7702.fits
QSO_sim_z1.3_MgIIBlueDeep_8.4138m28.5271.fits
QSO_sim_z1.3_MgIIBlueDeep_8.4138m28.5271.fits
QSO_sim_z0.8572_MgIIBlueWide_270.44m61.5263.fits
QSO_sim_z0.8572_MgIIBlueWide_270.44m61.5263.fits
QSO_sim_z0.94_MgIIBlueDeep_9.0113m31.4192.fits
QSO_sim_z0.94_MgIIBlueDeep_9.0113m31.4192.fits
QSO_sim_z1.3_MgIIBlueDeep_46.5567m33.318.fits
QSO_sim_z1.3_MgIIBlueDeep_46.5567m33.318.fits
QSO_sim_z0.6845_MgIIBlueWide_59.7802m12.9781.fits
QSO_sim_z0.6845_MgIIBlueWide_59.7802m12.9781.fits
QSO_sim_z0.9441_MgIIBlueWide_356.879m5.277.fits
QSO_sim_z0.9441_MgIIBlueWide_356.879m5.277.fits
QSO_sim_z0.651_MgIIBlueWide_145.96m0.0431.fits
QSO_sim_z0.651_MgIIBlueWide_145.96m0.0431.fits
QSO_sim_z0.7217_MgIIBlueWide_233.9304m0.4481.fits
QSO_sim_z0.7217_MgIIBlueWide_233.9304m0.4481.fits
QSO_sim_z0.9751_MgIIBlueWide_148.7505m5.4863.fits
QSO_sim_z0.9751_MgIIBlueWide_148.7505m5.4863.fits
QSO_sim_z2.7255_MgIIBlueDeep_223.9174m0.0409.fits
QSO_sim_z2.7255_MgIIBlueDeep_223.9174m0.0409.fits
QSO_sim_z1.0245_MgIIBlueWide_189.5415m17.0664.fits
QSO_sim_z1.0245_MgIIBlueWide_189.5415m17.0664.fits
QSO_sim_z0.9046_MgIIBlueWide_195.6685m42.1526.fits
QSO_sim_z0.9046_MgIIBlueWide_195.6685m42.1526.fits
QSO_sim_z1.9066_MgIIBlueDeep_212.057m1.6679.fits
QSO_sim_z1.9066_MgIIBlueDeep_212.057m1.6679.fits
QSO_sim_z0.8069_MgIIBlueWide_358.156m5.424.fits
QSO_sim_z0.8069_MgIIBlueWide_358.156m5.424.fits
QSO_sim_z0.7456_MgIIBlueWide_358.3028m5.0743.fits
QSO_sim_z0.7456_MgIIBlueWide_358.3028m5.0743.fits
QSO_sim_z0.9638_MgIIBlueWide_324.8499m14.9865.fits
QSO_sim_z0.9638_MgIIBlueWide_324.8499m14.9865.fits
QSO_sim_z3.4279_MgIIBlueDeep_212.1959m1.6794.fits
QSO_sim_z3.4279_MgIIBlueDeep_212.1959m1.6794.fits
QSO_sim_z0.5503_MgIIBlueWide_285.6165m57.0208.fits
QSO_sim_z0.5503_MgIIBlueWide_285.6165m57.0208.fits
QSO_sim_z0.7381_MgIIBlueWide_54.9119m13.6688.fits
QSO_sim_z0.7381_MgIIBlueWide_54.9119m13.6688.fits
QSO_sim_z0.85_MgIIBlueWide_177.1022m11.5413.fits
QSO_sim_z0.85_MgIIBlueWide_177.1022m11.5413.fits
QSO_sim_z1.8276_MgIIBlueDeep_212.4489m3.4383.fits
QSO_sim_z1.8276_MgIIBlueDeep_212.4489m3.4383.fits
QSO_sim_z2.9086_DLABlue_47.5416m14.9542.fits
QSO_sim_z2.9086_DLABlue_47.5416m14.9542.fits
QSO_sim_z0.8_MgIIBlueWide_62.8201m25.2856.fits
QSO_sim_z0.8_MgIIBlueWide_62.8201m25.2856.fits
QSO_sim_z1.0676_MgIIBlueDeep_200.8513p1.7646.fits
QSO_sim_z1.0676_MgIIBlueDeep_200.8513p1.7646.fits
QSO_sim_z0.7295_MgIIBlueWide_278.3643m57.7431.fits
QSO_sim_z0.7295_MgIIBlueWide_278.3643m57.7431.fits
QSO_sim_z0.9_MgIIBlueWide_13.4951m78.3196.fits
QSO_sim_z0.9_MgIIBlueWide_13.4951m78.3196.fits
QSO_sim_z2.8255_DLABlue_3.8761m64.8141.fits
QSO_sim_z2.8255_DLABlue_3.8761m64.8141.fits
QSO_sim_z0.75_MgIIBlueWide_23.6743m14.9833.fits
QSO_sim_z0.75_MgIIBlueWide_23.6743m14.9833.fits
QSO_sim_z0.7_MgIIBlueWide_80.9465m7.9607.fits
QSO_sim_z0.7_MgIIBlueWide_80.9465m7.9607.fits
QSO_sim_z0.75_MgIIBlueWide_230.3493m6.547.fits
QSO_sim_z0.75_MgIIBlueWide_230.3493m6.547.fits
QSO_sim_z1.0_MgIIBlueWide_92.6308m58.1998.fits
QSO_sim_z1.0_MgIIBlueWide_92.6308m58.1998.fits
QSO_sim_z0.7829_MgIIBlueWide_357.2628m8.1407.fits
QSO_sim_z0.7829_MgIIBlueWide_357.2628m8.1407.fits
QSO_sim_z0.8475_MgIIBlueWide_288.4886m58.8354.fits
QSO_sim_z0.8475_MgIIBlueWide_288.4886m58.8354.fits
QSO_sim_z0.7621_MgIIBlueWide_53.5124m12.637.fits
QSO_sim_z0.7621_MgIIBlueWide_53.5124m12.637.fits
QSO_sim_z2.9811_DLABlue_15.4374m59.85.fits
QSO_sim_z2.9811_DLABlue_15.4374m59.85.fits
QSO_sim_z0.65_MgIIBlueWide_20.8978m15.1055.fits
QSO_sim_z0.65_MgIIBlueWide_20.8978m15.1055.fits
QSO_sim_z0.7_MgIIBlueWide_44.9623m21.4534.fits
QSO_sim_z0.7_MgIIBlueWide_44.9623m21.4534.fits
QSO_sim_z0.75_MgIIBlueWide_305.4518m48.4382.fits
QSO_sim_z0.75_MgIIBlueWide_305.4518m48.4382.fits
QSO_sim_z2.7_DLABlue_47.8308m18.8251.fits
QSO_sim_z2.7_DLABlue_47.8308m18.8251.fits
QSO_sim_z0.7156_MgIIBlueWide_359.7121m4.445.fits
QSO_sim_z0.7156_MgIIBlueWide_359.7121m4.445.fits
QSO_sim_z0.6848_MgIIBlueWide_100.6435m41.1532.fits
QSO_sim_z0.6848_MgIIBlueWide_100.6435m41.1532.fits
QSO_sim_z1.0241_MgIIBlueWide_33.5746m24.1464.fits
QSO_sim_z1.0241_MgIIBlueWide_33.5746m24.1464.fits
QSO_sim_z1.0_MgIIBlueWide_90.3915m61.8202.fits
QSO_sim_z1.0_MgIIBlueWide_90.3915m61.8202.fits
QSO_sim_z0.8018_MgIIBlueWide_142.5837m4.4794.fits
QSO_sim_z0.8018_MgIIBlueWide_142.5837m4.4794.fits
QSO_sim_z0.8665_MgIIBlueDeep_161.7834m0.312.fits
QSO_sim_z0.8665_MgIIBlueDeep_161.7834m0.312.fits
QSO_sim_z0.75_MgIIBlueWide_219.7194m7.8741.fits
QSO_sim_z0.75_MgIIBlueWide_219.7194m7.8741.fits
QSO_sim_z1.9188_MgIIBlueDeep_216.473m1.1019.fits
QSO_sim_z1.9188_MgIIBlueDeep_216.473m1.1019.fits
QSO_sim_z0.6_MgIIBlueWide_22.1166m17.9466.fits
QSO_sim_z0.6_MgIIBlueWide_22.1166m17.9466.fits
QSO_sim_z0.95_MgIIBlueWide_307.3923m46.4019.fits
QSO_sim_z0.95_MgIIBlueWide_307.3923m46.4019.fits
QSO_sim_z0.9986_MgIIBlueDeep_6.0395m30.3255.fits
QSO_sim_z0.9986_MgIIBlueDeep_6.0395m30.3255.fits
QSO_sim_z1.01_MgIIBlueDeep_29.3364m27.7594.fits
QSO_sim_z1.01_MgIIBlueDeep_29.3364m27.7594.fits
QSO_sim_z1.0_MgIIBlueWide_61.64m32.7119.fits
QSO_sim_z1.0_MgIIBlueWide_61.64m32.7119.fits
QSO_sim_z0.85_MgIIBlueWide_230.7471m13.0811.fits
QSO_sim_z0.85_MgIIBlueWide_230.7471m13.0811.fits
QSO_sim_z1.1_MgIIBlueDeep_9.5099m27.0421.fits
QSO_sim_z1.1_MgIIBlueDeep_9.5099m27.0421.fits
QSO_sim_z1.1518_MgIIBlueDeep_183.3822m3.37.fits
QSO_sim_z1.1518_MgIIBlueDeep_183.3822m3.37.fits
QSO_sim_z0.9713_MgIIBlueDeep_162.9296m2.6534.fits
QSO_sim_z0.9713_MgIIBlueDeep_162.9296m2.6534.fits
QSO_sim_z0.8725_MgIIBlueWide_357.2056m10.5373.fits
QSO_sim_z0.8725_MgIIBlueWide_357.2056m10.5373.fits
QSO_sim_z0.6061_MgIIBlueWide_92.6702m40.7934.fits
QSO_sim_z0.6061_MgIIBlueWide_92.6702m40.7934.fits
QSO_sim_z0.95_MgIIBlueWide_91.984m74.8805.fits
QSO_sim_z0.95_MgIIBlueWide_91.984m74.8805.fits
QSO_sim_z0.938_MgIIBlueWide_224.3743m8.2933.fits
QSO_sim_z0.938_MgIIBlueWide_224.3743m8.2933.fits
QSO_sim_z0.7_MgIIBlueWide_209.5963m14.1267.fits
QSO_sim_z0.7_MgIIBlueWide_209.5963m14.1267.fits
QSO_sim_z0.9815_MgIIBlueWide_188.9651m11.6014.fits
QSO_sim_z0.9815_MgIIBlueWide_188.9651m11.6014.fits
QSO_sim_z0.9_MgIIBlueDeep_13.5222m32.7133.fits
QSO_sim_z0.9_MgIIBlueDeep_13.5222m32.7133.fits
QSO_sim_z0.866_MgIIBlueWide_191.3262m11.4586.fits
QSO_sim_z0.866_MgIIBlueWide_191.3262m11.4586.fits
QSO_sim_z0.8185_MgIIBlueWide_336.6214m68.11.fits
QSO_sim_z0.8185_MgIIBlueWide_336.6214m68.11.fits
QSO_sim_z1.412_MgIIBlueDeep_195.0341m1.0337.fits
QSO_sim_z1.412_MgIIBlueDeep_195.0341m1.0337.fits
QSO_sim_z1.4_MgIIBlueDeep_24.7238m34.9968.fits
QSO_sim_z1.4_MgIIBlueDeep_24.7238m34.9968.fits
QSO_sim_z0.75_MgIIBlueWide_17.6777m68.3922.fits
QSO_sim_z0.75_MgIIBlueWide_17.6777m68.3922.fits
QSO_sim_z1.15_MgIIBlueDeep_47.9448m34.86.fits
QSO_sim_z1.15_MgIIBlueDeep_47.9448m34.86.fits
QSO_sim_z0.95_MgIIBlueWide_232.0309m12.677.fits
QSO_sim_z0.95_MgIIBlueWide_232.0309m12.677.fits
QSO_sim_z1.0048_MgIIBlueWide_306.1996m24.3086.fits
QSO_sim_z1.0048_MgIIBlueWide_306.1996m24.3086.fits
QSO_sim_z1.912_MgIIBlueDeep_9.1633m28.3259.fits
QSO_sim_z1.912_MgIIBlueDeep_9.1633m28.3259.fits
QSO_sim_z0.8_MgIIBlueWide_207.4699m10.2312.fits
QSO_sim_z0.8_MgIIBlueWide_207.4699m10.2312.fits
QSO_sim_z1.5_MgIIBlueDeep_13.3771m33.6405.fits
QSO_sim_z1.5_MgIIBlueDeep_13.3771m33.6405.fits
QSO_sim_z0.791_MgIIBlueWide_229.8153m4.5713.fits
QSO_sim_z0.791_MgIIBlueWide_229.8153m4.5713.fits
QSO_sim_z1.95_MgIIBlueDeep_351.5373m30.7286.fits
QSO_sim_z1.95_MgIIBlueDeep_351.5373m30.7286.fits
QSO_sim_z0.7_MgIIBlueWide_147.2368m9.4628.fits
QSO_sim_z0.7_MgIIBlueWide_147.2368m9.4628.fits
QSO_sim_z0.8271_MgIIBlueWide_228.6504m5.0098.fits
QSO_sim_z0.8271_MgIIBlueWide_228.6504m5.0098.fits
QSO_sim_z1.9996_MgIIBlueDeep_195.0396m3.0341.fits
QSO_sim_z1.9996_MgIIBlueDeep_195.0396m3.0341.fits
QSO_sim_z0.6011_MgIIBlueWide_358.8409m1.1645.fits
QSO_sim_z0.6011_MgIIBlueWide_358.8409m1.1645.fits
QSO_sim_z0.6977_MgIIBlueWide_228.4016m4.7821.fits
QSO_sim_z0.6977_MgIIBlueWide_228.4016m4.7821.fits
QSO_sim_z0.6355_MgIIBlueWide_335.2169m5.699.fits
QSO_sim_z0.6355_MgIIBlueWide_335.2169m5.699.fits
QSO_sim_z0.9903_MgIIBlueDeep_183.9174m3.8122.fits
QSO_sim_z0.9903_MgIIBlueDeep_183.9174m3.8122.fits
QSO_sim_z0.7_MgIIBlueWide_19.7646m79.1058.fits
QSO_sim_z0.7_MgIIBlueWide_19.7646m79.1058.fits
QSO_sim_z0.6752_MgIIBlueWide_167.3854m28.3168.fits
QSO_sim_z0.6752_MgIIBlueWide_167.3854m28.3168.fits
QSO_sim_z1.7_MgIIBlueDeep_162.918m0.2485.fits
QSO_sim_z1.7_MgIIBlueDeep_162.918m0.2485.fits
QSO_sim_z1.0211_MgIIBlueWide_294.4308m51.6705.fits
QSO_sim_z1.0211_MgIIBlueWide_294.4308m51.6705.fits
QSO_sim_z0.5439_MgIIBlueWide_33.5994m71.3736.fits
QSO_sim_z0.5439_MgIIBlueWide_33.5994m71.3736.fits
QSO_sim_z2.356_MgIIBlueDeep_219.1888m0.0966.fits
QSO_sim_z2.356_MgIIBlueDeep_219.1888m0.0966.fits
QSO_sim_z1.65_MgIIBlueDeep_5.0863m28.7586.fits
QSO_sim_z1.65_MgIIBlueDeep_5.0863m28.7586.fits
QSO_sim_z2.6249_DLABlue_50.6001m0.2446.fits
QSO_sim_z2.6249_DLABlue_50.6001m0.2446.fits
QSO_sim_z2.371_MgIIBlueDeep_42.9674m29.2903.fits
QSO_sim_z2.371_MgIIBlueDeep_42.9674m29.2903.fits
QSO_sim_z0.6296_MgIIBlueWide_302.029m24.2544.fits
QSO_sim_z0.6296_MgIIBlueWide_302.029m24.2544.fits
QSO_sim_z0.85_MgIIBlueWide_355.2809m10.8989.fits
QSO_sim_z0.85_MgIIBlueWide_355.2809m10.8989.fits
QSO_sim_z0.7587_MgIIBlueWide_21.9817m17.9075.fits
QSO_sim_z0.7587_MgIIBlueWide_21.9817m17.9075.fits
QSO_sim_z2.9_MgIIBlueDeep_43.0497m29.2483.fits
QSO_sim_z2.9_MgIIBlueDeep_43.0497m29.2483.fits
QSO_sim_z0.959_MgIIBlueWide_153.9374m2.8809.fits
QSO_sim_z0.959_MgIIBlueWide_153.9374m2.8809.fits
QSO_sim_z0.94_MgIIBlueDeep_5.4447m29.2173.fits
QSO_sim_z0.94_MgIIBlueDeep_5.4447m29.2173.fits
QSO_sim_z1.0283_MgIIBlueDeep_195.3823m2.8865.fits
QSO_sim_z1.0283_MgIIBlueDeep_195.3823m2.8865.fits
QSO_sim_z0.65_MgIIBlueWide_148.9598m11.6464.fits
QSO_sim_z0.65_MgIIBlueWide_148.9598m11.6464.fits
QSO_sim_z1.4477_MgIIBlueDeep_195.7591m1.6139.fits
QSO_sim_z1.4477_MgIIBlueDeep_195.7591m1.6139.fits
QSO_sim_z1.9_MgIIBlueDeep_351.7025m30.6958.fits
QSO_sim_z1.9_MgIIBlueDeep_351.7025m30.6958.fits
QSO_sim_z0.75_MgIIBlueWide_207.01m17.7221.fits
QSO_sim_z0.75_MgIIBlueWide_207.01m17.7221.fits
QSO_sim_z1.5_MgIIBlueDeep_195.9231m1.4067.fits
QSO_sim_z1.5_MgIIBlueDeep_195.9231m1.4067.fits
QSO_sim_z0.9_MgIIBlueWide_230.2331m18.4775.fits
QSO_sim_z0.9_MgIIBlueWide_230.2331m18.4775.fits
QSO_sim_z0.913_MgIIBlueWide_156.7639p0.4548.fits
QSO_sim_z0.913_MgIIBlueWide_156.7639p0.4548.fits
QSO_sim_z0.8_MgIIBlueWide_306.2137m63.2331.fits
QSO_sim_z0.8_MgIIBlueWide_306.2137m63.2331.fits
QSO_sim_z1.029_MgIIBlueWide_21.2564m17.853.fits
QSO_sim_z1.029_MgIIBlueWide_21.2564m17.853.fits
QSO_sim_z2.0815_MgIIBlueDeep_223.5665m2.9989.fits
QSO_sim_z2.0815_MgIIBlueDeep_223.5665m2.9989.fits
QSO_sim_z0.6867_MgIIBlueWide_282.7503m52.9271.fits
QSO_sim_z0.6867_MgIIBlueWide_282.7503m52.9271.fits
QSO_sim_z4.9_MgIIBlueDeep_23.9302m35.166.fits
QSO_sim_z4.9_MgIIBlueDeep_23.9302m35.166.fits
QSO_sim_z0.881_MgIIBlueWide_106.2146m35.333.fits
QSO_sim_z0.881_MgIIBlueWide_106.2146m35.333.fits
QSO_sim_z1.9463_MgIIBlueDeep_183.1781m0.31.fits
QSO_sim_z1.9463_MgIIBlueDeep_183.1781m0.31.fits
QSO_sim_z0.75_MgIIBlueWide_80.0636m27.9262.fits
QSO_sim_z0.75_MgIIBlueWide_80.0636m27.9262.fits
QSO_sim_z0.917_MgIIBlueWide_302.9742m21.6985.fits
QSO_sim_z0.917_MgIIBlueWide_302.9742m21.6985.fits
QSO_sim_z0.6481_MgIIBlueWide_70.5394m17.1886.fits
QSO_sim_z0.6481_MgIIBlueWide_70.5394m17.1886.fits
QSO_sim_z0.6056_MgIIBlueWide_152.5002p0.3063.fits
QSO_sim_z0.6056_MgIIBlueWide_152.5002p0.3063.fits
QSO_sim_z0.588_MgIIBlueWide_35.872m20.811.fits
QSO_sim_z0.588_MgIIBlueWide_35.872m20.811.fits
QSO_sim_z1.035_MgIIBlueWide_36.5279m20.4184.fits
QSO_sim_z1.035_MgIIBlueWide_36.5279m20.4184.fits
QSO_sim_z0.874_MgIIBlueWide_3.0922m60.578.fits
QSO_sim_z0.874_MgIIBlueWide_3.0922m60.578.fits
QSO_sim_z0.95_MgIIBlueWide_81.0472m25.1985.fits
QSO_sim_z0.95_MgIIBlueWide_81.0472m25.1985.fits
QSO_sim_z1.9499_MgIIBlueDeep_217.8502p0.3841.fits
QSO_sim_z1.9499_MgIIBlueDeep_217.8502p0.3841.fits
QSO_sim_z1.6498_MgIIBlueDeep_183.427m1.5711.fits
QSO_sim_z1.6498_MgIIBlueDeep_183.427m1.5711.fits
QSO_sim_z1.0_MgIIBlueWide_61.9296m45.3356.fits
QSO_sim_z1.0_MgIIBlueWide_61.9296m45.3356.fits
QSO_sim_z0.7158_MgIIBlueWide_40.6676m70.3145.fits
QSO_sim_z0.7158_MgIIBlueWide_40.6676m70.3145.fits
QSO_sim_z0.6587_MgIIBlueWide_99.5016m36.5959.fits
QSO_sim_z0.6587_MgIIBlueWide_99.5016m36.5959.fits
QSO_sim_z2.5377_MgIIBlueDeep_201.8352p2.4284.fits
QSO_sim_z2.5377_MgIIBlueDeep_201.8352p2.4284.fits
QSO_sim_z0.906_MgIIBlueWide_8.9489m59.6121.fits
QSO_sim_z0.906_MgIIBlueWide_8.9489m59.6121.fits
QSO_sim_z0.5924_MgIIBlueWide_42.2581m68.3369.fits
QSO_sim_z0.5924_MgIIBlueWide_42.2581m68.3369.fits
QSO_sim_z0.8808_MgIIBlueWide_74.3869m17.0337.fits
QSO_sim_z0.8808_MgIIBlueWide_74.3869m17.0337.fits
QSO_sim_z1.85_MgIIBlueDeep_352.3907m35.3589.fits
QSO_sim_z1.85_MgIIBlueDeep_352.3907m35.3589.fits
QSO_sim_z0.8057_MgIIBlueWide_150.9276m0.1914.fits
QSO_sim_z0.8057_MgIIBlueWide_150.9276m0.1914.fits
QSO_sim_z0.9284_MgIIBlueWide_26.7414m15.595.fits
QSO_sim_z0.9284_MgIIBlueWide_26.7414m15.595.fits
QSO_sim_z2.3855_MgIIBlueDeep_195.4813m3.7482.fits
QSO_sim_z2.3855_MgIIBlueDeep_195.4813m3.7482.fits
QSO_sim_z0.6077_MgIIBlueWide_46.1593m67.9106.fits
QSO_sim_z0.6077_MgIIBlueWide_46.1593m67.9106.fits
QSO_sim_z1.4_MgIIBlueDeep_6.1178m32.5237.fits
QSO_sim_z1.4_MgIIBlueDeep_6.1178m32.5237.fits
QSO_sim_z1.7837_MgIIBlueDeep_4.6943m29.4976.fits
QSO_sim_z1.7837_MgIIBlueDeep_4.6943m29.4976.fits
QSO_sim_z0.65_MgIIBlueWide_336.5145m11.6378.fits
QSO_sim_z0.65_MgIIBlueWide_336.5145m11.6378.fits
QSO_sim_z0.4_MgIIBlueWide_21.7087m67.732.fits
QSO_sim_z0.4_MgIIBlueWide_21.7087m67.732.fits
QSO_sim_z1.0095_MgIIBlueWide_25.7544m14.3187.fits
QSO_sim_z1.0095_MgIIBlueWide_25.7544m14.3187.fits
QSO_sim_z4.15_MgIIBlueDeep_353.8363m35.3813.fits
QSO_sim_z4.15_MgIIBlueDeep_353.8363m35.3813.fits
QSO_sim_z0.8554_MgIIBlueWide_11.8911m56.8933.fits
QSO_sim_z0.8554_MgIIBlueWide_11.8911m56.8933.fits
QSO_sim_z0.7627_MgIIBlueWide_101.3331m33.6778.fits
QSO_sim_z0.7627_MgIIBlueWide_101.3331m33.6778.fits
QSO_sim_z2.4797_MgIIBlueDeep_330.5659m35.5061.fits
QSO_sim_z2.4797_MgIIBlueDeep_330.5659m35.5061.fits
QSO_sim_z1.0_MgIIBlueDeep_201.2555p1.1324.fits
QSO_sim_z1.0_MgIIBlueDeep_201.2555p1.1324.fits
QSO_sim_z0.6898_MgIIBlueWide_36.1187m17.4914.fits
QSO_sim_z0.6898_MgIIBlueWide_36.1187m17.4914.fits
QSO_sim_z0.7_MgIIBlueWide_309.0282m68.4908.fits
QSO_sim_z0.7_MgIIBlueWide_309.0282m68.4908.fits
QSO_sim_z0.5034_MgIIBlueWide_46.2622m67.1376.fits
QSO_sim_z0.5034_MgIIBlueWide_46.2622m67.1376.fits
QSO_sim_z0.8815_MgIIBlueWide_148.7822p0.6953.fits
QSO_sim_z0.8815_MgIIBlueWide_148.7822p0.6953.fits
QSO_sim_z0.6_MgIIBlueWide_40.7543m56.389.fits
QSO_sim_z0.6_MgIIBlueWide_40.7543m56.389.fits
QSO_sim_z1.6466_MgIIBlueDeep_174.5291m0.2783.fits
QSO_sim_z1.6466_MgIIBlueDeep_174.5291m0.2783.fits
QSO_sim_z3.0309_DLABlue_352.4131m77.6006.fits
QSO_sim_z3.0309_DLABlue_352.4131m77.6006.fits
QSO_sim_z0.85_MgIIBlueDeep_174.3374m3.0978.fits
QSO_sim_z0.85_MgIIBlueDeep_174.3374m3.0978.fits
QSO_sim_z0.9207_MgIIBlueWide_89.6062m77.0459.fits
QSO_sim_z0.9207_MgIIBlueWide_89.6062m77.0459.fits
QSO_sim_z1.4_MgIIBlueDeep_26.2178m29.0405.fits
QSO_sim_z1.4_MgIIBlueDeep_26.2178m29.0405.fits
QSO_sim_z0.7_MgIIBlueWide_24.6785m66.6718.fits
QSO_sim_z0.7_MgIIBlueWide_24.6785m66.6718.fits
QSO_sim_z0.6_MgIIBlueWide_206.2187m31.9436.fits
QSO_sim_z0.6_MgIIBlueWide_206.2187m31.9436.fits
QSO_sim_z0.6521_MgIIBlueWide_140.3581m4.3138.fits
QSO_sim_z0.6521_MgIIBlueWide_140.3581m4.3138.fits
QSO_sim_z2.603_DLABlue_334.5918m76.0709.fits
QSO_sim_z2.603_DLABlue_334.5918m76.0709.fits
QSO_sim_z1.9_MgIIBlueDeep_223.9769m0.6816.fits
QSO_sim_z1.9_MgIIBlueDeep_223.9769m0.6816.fits
QSO_sim_z2.2914_MgIIBlueDeep_187.3145p3.5494.fits
QSO_sim_z2.2914_MgIIBlueDeep_187.3145p3.5494.fits
QSO_sim_z0.6467_MgIIBlueWide_310.2171m1.0828.fits
QSO_sim_z0.6467_MgIIBlueWide_310.2171m1.0828.fits
QSO_sim_z0.727_MgIIBlueDeep_2.8599m28.6307.fits
QSO_sim_z0.727_MgIIBlueDeep_2.8599m28.6307.fits
QSO_sim_z2.1297_MgIIBlueDeep_201.7836p3.5315.fits
QSO_sim_z2.1297_MgIIBlueDeep_201.7836p3.5315.fits
QSO_sim_z2.2226_MgIIBlueDeep_163.14p2.3525.fits
QSO_sim_z2.2226_MgIIBlueDeep_163.14p2.3525.fits
QSO_sim_z0.798_MgIIBlueWide_292.4178m47.0394.fits
QSO_sim_z0.798_MgIIBlueWide_292.4178m47.0394.fits
QSO_sim_z0.5643_MgIIBlueWide_350.6521m66.0587.fits
QSO_sim_z0.5643_MgIIBlueWide_350.6521m66.0587.fits
QSO_sim_z1.0017_MgIIBlueWide_21.3254m55.5683.fits
QSO_sim_z1.0017_MgIIBlueWide_21.3254m55.5683.fits
QSO_sim_z0.85_MgIIBlueWide_207.6023m33.4851.fits
QSO_sim_z0.85_MgIIBlueWide_207.6023m33.4851.fits
QSO_sim_z0.65_MgIIBlueWide_22.4629m74.6819.fits
QSO_sim_z0.65_MgIIBlueWide_22.4629m74.6819.fits
QSO_sim_z0.85_MgIIBlueWide_99.0572m63.2476.fits
QSO_sim_z0.85_MgIIBlueWide_99.0572m63.2476.fits
QSO_sim_z0.3143_MgIIBlueWide_66.4102m73.6516.fits
QSO_sim_z0.3143_MgIIBlueWide_66.4102m73.6516.fits
QSO_sim_z1.05_MgIIBlueDeep_26.3413m27.0908.fits
QSO_sim_z1.05_MgIIBlueDeep_26.3413m27.0908.fits
QSO_sim_z0.9454_MgIIBlueWide_287.5089m46.32.fits
QSO_sim_z0.9454_MgIIBlueWide_287.5089m46.32.fits
QSO_sim_z0.8653_MgIIBlueWide_24.6201m12.4898.fits
QSO_sim_z0.8653_MgIIBlueWide_24.6201m12.4898.fits
QSO_sim_z0.7069_MgIIBlueWide_308.4306m19.9593.fits
QSO_sim_z0.7069_MgIIBlueWide_308.4306m19.9593.fits
QSO_sim_z2.2_MgIIBlueDeep_6.2302m31.2295.fits
QSO_sim_z2.2_MgIIBlueDeep_6.2302m31.2295.fits
QSO_sim_z1.9066_MgIIBlueDeep_172.72m1.612.fits
QSO_sim_z1.9066_MgIIBlueDeep_172.72m1.612.fits
QSO_sim_z0.9_MgIIBlueWide_20.6836m77.7144.fits
QSO_sim_z0.9_MgIIBlueWide_20.6836m77.7144.fits
QSO_sim_z2.6_DLABlue_54.1473p0.452.fits
QSO_sim_z2.6_DLABlue_54.1473p0.452.fits
QSO_sim_z1.6_MgIIBlueDeep_51.3117m29.4121.fits
QSO_sim_z1.6_MgIIBlueDeep_51.3117m29.4121.fits
QSO_sim_z1.85_MgIIBlueDeep_27.2497m29.481.fits
QSO_sim_z1.85_MgIIBlueDeep_27.2497m29.481.fits
QSO_sim_z0.65_MgIIBlueWide_230.8631m26.8128.fits
QSO_sim_z0.65_MgIIBlueWide_230.8631m26.8128.fits
QSO_sim_z1.7294_MgIIBlueDeep_196.054m1.9864.fits
QSO_sim_z1.7294_MgIIBlueDeep_196.054m1.9864.fits
QSO_sim_z1.0085_MgIIBlueWide_30.398m18.7885.fits
QSO_sim_z1.0085_MgIIBlueWide_30.398m18.7885.fits
QSO_sim_z1.8832_MgIIBlueDeep_17.4153m30.7507.fits
QSO_sim_z1.8832_MgIIBlueDeep_17.4153m30.7507.fits
QSO_sim_z2.9497_MgIIBlueDeep_184.1418m3.7878.fits
QSO_sim_z2.9497_MgIIBlueDeep_184.1418m3.7878.fits
QSO_sim_z0.65_MgIIBlueWide_358.1651m56.8135.fits
QSO_sim_z0.65_MgIIBlueWide_358.1651m56.8135.fits
QSO_sim_z2.5_MgIIBlueDeep_184.2219m2.6867.fits
QSO_sim_z2.5_MgIIBlueDeep_184.2219m2.6867.fits
QSO_sim_z2.6012_MgIIBlueDeep_20.2105m31.7295.fits
QSO_sim_z2.6012_MgIIBlueDeep_20.2105m31.7295.fits
QSO_sim_z0.6585_MgIIBlueWide_42.4526p0.8647.fits
QSO_sim_z0.6585_MgIIBlueWide_42.4526p0.8647.fits
QSO_sim_z0.65_MgIIBlueWide_96.2499m61.2965.fits
QSO_sim_z0.65_MgIIBlueWide_96.2499m61.2965.fits
QSO_sim_z0.9824_MgIIBlueWide_347.1987m66.4865.fits
QSO_sim_z0.9824_MgIIBlueWide_347.1987m66.4865.fits
QSO_sim_z2.6792_DLABlue_339.212m71.7636.fits
QSO_sim_z2.6792_DLABlue_339.212m71.7636.fits
QSO_sim_z2.2287_MgIIBlueDeep_184.9791m1.337.fits
QSO_sim_z2.2287_MgIIBlueDeep_184.9791m1.337.fits
QSO_sim_z0.6_MgIIBlueWide_310.4038m8.5198.fits
QSO_sim_z0.6_MgIIBlueWide_310.4038m8.5198.fits
QSO_sim_z0.916_MgIIBlueDeep_201.983p2.1696.fits
QSO_sim_z0.916_MgIIBlueDeep_201.983p2.1696.fits
QSO_sim_z0.25_MgIIBlueWide_96.2643m63.505.fits
QSO_sim_z0.25_MgIIBlueWide_96.2643m63.505.fits
QSO_sim_z0.956_MgIIBlueWide_106.0341m28.3953.fits
QSO_sim_z0.956_MgIIBlueWide_106.0341m28.3953.fits
QSO_sim_z1.9557_MgIIBlueDeep_212.6989m1.1154.fits
QSO_sim_z1.9557_MgIIBlueDeep_212.6989m1.1154.fits
QSO_sim_z2.3_MgIIBlueDeep_223.5532m3.6553.fits
QSO_sim_z2.3_MgIIBlueDeep_223.5532m3.6553.fits
QSO_sim_z0.9394_MgIIBlueWide_66.8676m0.354.fits
QSO_sim_z0.9394_MgIIBlueWide_66.8676m0.354.fits
QSO_sim_z2.2655_MgIIBlueDeep_201.9399p1.1717.fits
QSO_sim_z2.2655_MgIIBlueDeep_201.9399p1.1717.fits
QSO_sim_z2.818_DLABlue_340.6843m70.9247.fits
QSO_sim_z2.818_DLABlue_340.6843m70.9247.fits
QSO_sim_z1.5086_MgIIBlueDeep_196.7335m3.5555.fits
QSO_sim_z1.5086_MgIIBlueDeep_196.7335m3.5555.fits
QSO_sim_z2.0283_MgIIBlueDeep_7.1991m27.5668.fits
QSO_sim_z2.0283_MgIIBlueDeep_7.1991m27.5668.fits
QSO_sim_z0.6974_MgIIBlueWide_309.2844m16.2627.fits
QSO_sim_z0.6974_MgIIBlueWide_309.2844m16.2627.fits
QSO_sim_z0.9207_MgIIBlueWide_27.8684m13.1226.fits
QSO_sim_z0.9207_MgIIBlueWide_27.8684m13.1226.fits
QSO_sim_z0.7175_MgIIBlueWide_300.0028m22.8555.fits
QSO_sim_z0.7175_MgIIBlueWide_300.0028m22.8555.fits
QSO_sim_z1.0378_MgIIBlueDeep_174.5922m1.2723.fits
QSO_sim_z1.0378_MgIIBlueDeep_174.5922m1.2723.fits
QSO_sim_z1.977_MgIIBlueDeep_180.1189m0.0655.fits
QSO_sim_z1.977_MgIIBlueDeep_180.1189m0.0655.fits
QSO_sim_z1.0_MgIIBlueWide_311.3423m7.7197.fits
QSO_sim_z1.0_MgIIBlueWide_311.3423m7.7197.fits
QSO_sim_z0.35_MgIIBlueWide_28.9315m64.7624.fits
QSO_sim_z0.35_MgIIBlueWide_28.9315m64.7624.fits
QSO_sim_z1.6693_MgIIBlueDeep_174.7038m1.2547.fits
QSO_sim_z1.6693_MgIIBlueDeep_174.7038m1.2547.fits
QSO_sim_z0.6543_MgIIBlueWide_144.9504p0.5795.fits
QSO_sim_z0.6543_MgIIBlueWide_144.9504p0.5795.fits
QSO_sim_z1.0302_MgIIBlueWide_296.4248m21.672.fits
QSO_sim_z1.0302_MgIIBlueWide_296.4248m21.672.fits
QSO_sim_z1.0127_MgIIBlueWide_355.8963m64.4479.fits
QSO_sim_z1.0127_MgIIBlueWide_355.8963m64.4479.fits
QSO_sim_z2.3_MgIIBlueDeep_17.5909m29.6581.fits
QSO_sim_z2.3_MgIIBlueDeep_17.5909m29.6581.fits
QSO_sim_z0.7178_MgIIBlueDeep_176.9933m0.2644.fits
QSO_sim_z0.7178_MgIIBlueDeep_176.9933m0.2644.fits
QSO_sim_z2.0788_MgIIBlueDeep_201.6595p0.3154.fits
QSO_sim_z2.0788_MgIIBlueDeep_201.6595p0.3154.fits
QSO_sim_z0.8482_MgIIBlueWide_312.3964m5.3275.fits
QSO_sim_z0.8482_MgIIBlueWide_312.3964m5.3275.fits
QSO_sim_z1.025_MgIIBlueWide_68.8671m5.0632.fits
QSO_sim_z1.025_MgIIBlueWide_68.8671m5.0632.fits
QSO_sim_z0.8218_MgIIBlueWide_316.7488m65.7954.fits
QSO_sim_z0.8218_MgIIBlueWide_316.7488m65.7954.fits
QSO_sim_z0.6444_MgIIBlueWide_29.641m10.9036.fits
QSO_sim_z0.6444_MgIIBlueWide_29.641m10.9036.fits
QSO_sim_z2.45_MgIIBlueDeep_15.2537m27.7345.fits
QSO_sim_z2.45_MgIIBlueDeep_15.2537m27.7345.fits
QSO_sim_z0.6571_MgIIBlueWide_68.8678m6.3509.fits
QSO_sim_z0.6571_MgIIBlueWide_68.8678m6.3509.fits
QSO_sim_z0.7847_MgIIBlueWide_21.7385m50.7884.fits
QSO_sim_z0.7847_MgIIBlueWide_21.7385m50.7884.fits
QSO_sim_z0.8191_MgIIBlueWide_143.9621p0.665.fits
QSO_sim_z0.8191_MgIIBlueWide_143.9621p0.665.fits
QSO_sim_z1.2498_MgIIBlueDeep_179.0522p0.5032.fits
QSO_sim_z1.2498_MgIIBlueDeep_179.0522p0.5032.fits
QSO_sim_z2.9558_DLABlue_348.7586m67.8971.fits
QSO_sim_z2.9558_DLABlue_348.7586m67.8971.fits
QSO_sim_z0.95_MgIIBlueWide_69.9464m6.3125.fits
QSO_sim_z0.95_MgIIBlueWide_69.9464m6.3125.fits
QSO_sim_z0.5_MgIIBlueWide_96.553m65.2812.fits
QSO_sim_z0.5_MgIIBlueWide_96.553m65.2812.fits
QSO_sim_z0.951_MgIIBlueDeep_163.9152p0.2749.fits
QSO_sim_z0.951_MgIIBlueDeep_163.9152p0.2749.fits
QSO_sim_z1.8749_MgIIBlueDeep_213.1747m3.7951.fits
QSO_sim_z1.8749_MgIIBlueDeep_213.1747m3.7951.fits
QSO_sim_z1.9126_MgIIBlueDeep_174.1407m1.7824.fits
QSO_sim_z1.9126_MgIIBlueDeep_174.1407m1.7824.fits
QSO_sim_z0.8083_MgIIBlueWide_137.5702m0.9059.fits
QSO_sim_z0.8083_MgIIBlueWide_137.5702m0.9059.fits
QSO_sim_z0.9101_MgIIBlueWide_211.3519m6.7645.fits
QSO_sim_z0.9101_MgIIBlueWide_211.3519m6.7645.fits
QSO_sim_z1.5655_MgIIBlueDeep_164.5898p1.036.fits
QSO_sim_z1.5655_MgIIBlueDeep_164.5898p1.036.fits
QSO_sim_z1.2_MgIIBlueDeep_28.9267m29.9092.fits
QSO_sim_z1.2_MgIIBlueDeep_28.9267m29.9092.fits
QSO_sim_z2.2896_MgIIBlueDeep_196.2138m0.5605.fits
QSO_sim_z2.2896_MgIIBlueDeep_196.2138m0.5605.fits
QSO_sim_z1.0783_MgIIBlueDeep_354.7763m34.7992.fits
QSO_sim_z1.0783_MgIIBlueDeep_354.7763m34.7992.fits
QSO_sim_z0.7_MgIIBlueWide_184.1954m10.0468.fits
QSO_sim_z0.7_MgIIBlueWide_184.1954m10.0468.fits
QSO_sim_z1.1649_MgIIBlueDeep_180.6009m1.5413.fits
QSO_sim_z1.1649_MgIIBlueDeep_180.6009m1.5413.fits
QSO_sim_z0.919_MgIIBlueDeep_213.4969m1.4806.fits
QSO_sim_z0.919_MgIIBlueDeep_213.4969m1.4806.fits
QSO_sim_z1.0323_MgIIBlueWide_35.335m17.117.fits
QSO_sim_z1.0323_MgIIBlueWide_35.335m17.117.fits
QSO_sim_z2.3048_MgIIBlueDeep_213.2163m0.7926.fits
QSO_sim_z2.3048_MgIIBlueDeep_213.2163m0.7926.fits
QSO_sim_z1.0129_MgIIBlueWide_55.3541m68.0338.fits
QSO_sim_z1.0129_MgIIBlueWide_55.3541m68.0338.fits
QSO_sim_z2.9_DLABlue_55.7881m31.0226.fits
QSO_sim_z2.9_DLABlue_55.7881m31.0226.fits
QSO_sim_z0.2_MgIIBlueWide_25.8009m65.0283.fits
QSO_sim_z0.2_MgIIBlueWide_25.8009m65.0283.fits
QSO_sim_z0.5579_MgIIBlueWide_9.1206m56.0859.fits
QSO_sim_z0.5579_MgIIBlueWide_9.1206m56.0859.fits
QSO_sim_z2.3083_MgIIBlueDeep_187.1945p0.5034.fits
QSO_sim_z2.3083_MgIIBlueDeep_187.1945p0.5034.fits
QSO_sim_z0.6312_MgIIBlueWide_49.6597m8.7365.fits
QSO_sim_z0.6312_MgIIBlueWide_49.6597m8.7365.fits
QSO_sim_z1.95_MgIIBlueDeep_40.2275m30.8296.fits
QSO_sim_z1.95_MgIIBlueDeep_40.2275m30.8296.fits
QSO_sim_z2.6_DLABlue_57.0535m42.2854.fits
QSO_sim_z2.6_DLABlue_57.0535m42.2854.fits
QSO_sim_z0.75_MgIIBlueWide_310.9532m11.7357.fits
QSO_sim_z0.75_MgIIBlueWide_310.9532m11.7357.fits
QSO_sim_z1.3_MgIIBlueDeep_29.7649m27.2789.fits
QSO_sim_z1.3_MgIIBlueDeep_29.7649m27.2789.fits
QSO_sim_z0.5949_MgIIBlueWide_137.7582p0.8486.fits
QSO_sim_z0.5949_MgIIBlueWide_137.7582p0.8486.fits
QSO_sim_z0.65_MgIIBlueWide_183.811m15.2766.fits
QSO_sim_z0.65_MgIIBlueWide_183.811m15.2766.fits
QSO_sim_z0.6038_MgIIBlueWide_332.183m63.1082.fits
QSO_sim_z0.6038_MgIIBlueWide_332.183m63.1082.fits
QSO_sim_z0.9131_MgIIBlueWide_116.6669m9.0832.fits
QSO_sim_z0.9131_MgIIBlueWide_116.6669m9.0832.fits
QSO_sim_z1.0389_MgIIBlueWide_29.287m8.7072.fits
QSO_sim_z1.0389_MgIIBlueWide_29.287m8.7072.fits
QSO_sim_z1.9_MgIIBlueDeep_40.5921m34.1011.fits
QSO_sim_z1.9_MgIIBlueDeep_40.5921m34.1011.fits
QSO_sim_z1.95_MgIIBlueDeep_37.3751m29.1464.fits
QSO_sim_z1.95_MgIIBlueDeep_37.3751m29.1464.fits
QSO_sim_z1.4585_MgIIBlueDeep_335.85m34.0572.fits
QSO_sim_z1.4585_MgIIBlueDeep_335.85m34.0572.fits
QSO_sim_z1.0155_MgIIBlueWide_2.0368m54.226.fits
QSO_sim_z1.0155_MgIIBlueWide_2.0368m54.226.fits
QSO_sim_z2.0784_MgIIBlueDeep_170.0374m2.5509.fits
QSO_sim_z2.0784_MgIIBlueDeep_170.0374m2.5509.fits
QSO_sim_z0.7_MgIIBlueWide_67.0784m5.0546.fits
QSO_sim_z0.7_MgIIBlueWide_67.0784m5.0546.fits
QSO_sim_z1.3_MgIIBlueDeep_15.5953m29.4027.fits
QSO_sim_z1.3_MgIIBlueDeep_15.5953m29.4027.fits
QSO_sim_z1.7341_MgIIBlueDeep_220.4246p1.3629.fits
QSO_sim_z1.7341_MgIIBlueDeep_220.4246p1.3629.fits
QSO_sim_z0.6531_MgIIBlueWide_47.1412m7.9308.fits
QSO_sim_z0.6531_MgIIBlueWide_47.1412m7.9308.fits
QSO_sim_z2.9_DLABlue_76.3742m0.6823.fits
QSO_sim_z2.9_DLABlue_76.3742m0.6823.fits
QSO_sim_z0.85_MgIIBlueDeep_180.3104m1.0218.fits
QSO_sim_z0.85_MgIIBlueDeep_180.3104m1.0218.fits
QSO_sim_z0.75_MgIIBlueDeep_7.4893m31.3853.fits
QSO_sim_z0.75_MgIIBlueDeep_7.4893m31.3853.fits
QSO_sim_z0.8586_MgIIBlueWide_4.3509m0.0106.fits
QSO_sim_z0.8586_MgIIBlueWide_4.3509m0.0106.fits
QSO_sim_z2.6203_DLABlue_2.1214m6.8983.fits
QSO_sim_z2.6203_DLABlue_2.1214m6.8983.fits
QSO_sim_z1.2_MgIIBlueDeep_357.0936m32.2936.fits
QSO_sim_z1.2_MgIIBlueDeep_357.0936m32.2936.fits
QSO_sim_z1.4998_MgIIBlueDeep_202.6057p2.0394.fits
QSO_sim_z1.4998_MgIIBlueDeep_202.6057p2.0394.fits
QSO_sim_z2.05_MgIIBlueDeep_40.5952m34.3578.fits
QSO_sim_z2.05_MgIIBlueDeep_40.5952m34.3578.fits
QSO_sim_z0.9392_MgIIBlueDeep_219.9634p1.5861.fits
QSO_sim_z0.9392_MgIIBlueDeep_219.9634p1.5861.fits
QSO_sim_z0.5834_MgIIBlueWide_204.3283m28.3335.fits
QSO_sim_z0.5834_MgIIBlueWide_204.3283m28.3335.fits
QSO_sim_z2.6_DLABlue_4.4927m7.4208.fits
QSO_sim_z2.6_DLABlue_4.4927m7.4208.fits
QSO_sim_z1.3_MgIIBlueDeep_16.5903m27.8299.fits
QSO_sim_z1.3_MgIIBlueDeep_16.5903m27.8299.fits
QSO_sim_z0.8768_MgIIBlueDeep_334.5212m34.1444.fits
QSO_sim_z0.8768_MgIIBlueDeep_334.5212m34.1444.fits
QSO_sim_z0.5901_MgIIBlueWide_125.0894m6.4396.fits
QSO_sim_z0.5901_MgIIBlueWide_125.0894m6.4396.fits
QSO_sim_z1.159_MgIIBlueDeep_196.674m0.3811.fits
QSO_sim_z1.159_MgIIBlueDeep_196.674m0.3811.fits
QSO_sim_z0.6135_MgIIBlueWide_165.1418m16.6028.fits
QSO_sim_z0.6135_MgIIBlueWide_165.1418m16.6028.fits
QSO_sim_z0.89_MgIIBlueWide_164.8415m16.1747.fits
QSO_sim_z0.89_MgIIBlueWide_164.8415m16.1747.fits
QSO_sim_z1.0_MgIIBlueWide_151.1804m10.5085.fits
QSO_sim_z1.0_MgIIBlueWide_151.1804m10.5085.fits
QSO_sim_z0.8856_MgIIBlueWide_161.0922p4.7953.fits
QSO_sim_z0.8856_MgIIBlueWide_161.0922p4.7953.fits
QSO_sim_z2.1509_MgIIBlueDeep_172.048m0.6495.fits
QSO_sim_z2.1509_MgIIBlueDeep_172.048m0.6495.fits
QSO_sim_z0.6245_MgIIBlueWide_149.1037m25.632.fits
QSO_sim_z0.6245_MgIIBlueWide_149.1037m25.632.fits
QSO_sim_z0.7544_MgIIBlueWide_49.8133m13.244.fits
QSO_sim_z0.7544_MgIIBlueWide_49.8133m13.244.fits
QSO_sim_z0.8_MgIIBlueWide_239.3896m11.4564.fits
QSO_sim_z0.8_MgIIBlueWide_239.3896m11.4564.fits
QSO_sim_z0.7_MgIIBlueWide_239.2023m10.0291.fits
QSO_sim_z0.7_MgIIBlueWide_239.2023m10.0291.fits
QSO_sim_z0.8635_MgIIBlueWide_45.6282m66.4301.fits
QSO_sim_z0.8635_MgIIBlueWide_45.6282m66.4301.fits
QSO_sim_z1.4768_MgIIBlueDeep_181.0395m3.1009.fits
QSO_sim_z1.4768_MgIIBlueDeep_181.0395m3.1009.fits
QSO_sim_z0.6298_MgIIBlueDeep_160.1538p2.993.fits
QSO_sim_z0.6298_MgIIBlueDeep_160.1538p2.993.fits
QSO_sim_z0.888_MgIIBlueDeep_355.6548m32.1879.fits
QSO_sim_z0.888_MgIIBlueDeep_355.6548m32.1879.fits
QSO_sim_z1.0789_MgIIBlueDeep_181.3336m3.3396.fits
QSO_sim_z1.0789_MgIIBlueDeep_181.3336m3.3396.fits
QSO_sim_z0.8_MgIIBlueDeep_40.642m31.7224.fits
QSO_sim_z0.8_MgIIBlueDeep_40.642m31.7224.fits
QSO_sim_z1.3728_MgIIBlueDeep_334.44m33.4691.fits
QSO_sim_z1.3728_MgIIBlueDeep_334.44m33.4691.fits
QSO_sim_z0.8_MgIIBlueWide_236.4037m14.9162.fits
QSO_sim_z0.8_MgIIBlueWide_236.4037m14.9162.fits
QSO_sim_z2.5_MgIIBlueDeep_50.0536m34.5833.fits
QSO_sim_z2.5_MgIIBlueDeep_50.0536m34.5833.fits
QSO_sim_z0.7202_MgIIBlueWide_286.4703m68.4959.fits
QSO_sim_z0.7202_MgIIBlueWide_286.4703m68.4959.fits
QSO_sim_z2.6326_DLABlue_64.0087m8.6328.fits
QSO_sim_z2.6326_DLABlue_64.0087m8.6328.fits
QSO_sim_z0.75_MgIIBlueWide_88.3278m26.756.fits
QSO_sim_z0.75_MgIIBlueWide_88.3278m26.756.fits
QSO_sim_z1.552_MgIIBlueDeep_170.8379m1.4361.fits
QSO_sim_z1.552_MgIIBlueDeep_170.8379m1.4361.fits
QSO_sim_z2.6703_MgIIBlueDeep_170.968m1.4267.fits
QSO_sim_z2.6703_MgIIBlueDeep_170.968m1.4267.fits
QSO_sim_z0.7707_MgIIBlueWide_14.4279m49.8205.fits
QSO_sim_z0.7707_MgIIBlueWide_14.4279m49.8205.fits
QSO_sim_z0.8_MgIIBlueWide_236.1536m14.7367.fits
QSO_sim_z0.8_MgIIBlueWide_236.1536m14.7367.fits
QSO_sim_z0.971_MgIIBlueWide_144.6314m25.1919.fits
QSO_sim_z0.971_MgIIBlueWide_144.6314m25.1919.fits
QSO_sim_z0.5528_MgIIBlueWide_118.93m5.2435.fits
QSO_sim_z0.5528_MgIIBlueWide_118.93m5.2435.fits
QSO_sim_z0.85_MgIIBlueWide_182.5806m24.6972.fits
QSO_sim_z0.85_MgIIBlueWide_182.5806m24.6972.fits
QSO_sim_z3.295_MgIIBlueDeep_220.9408p1.9118.fits
QSO_sim_z3.295_MgIIBlueDeep_220.9408p1.9118.fits
QSO_sim_z0.9941_MgIIBlueWide_314.4757m18.6459.fits
QSO_sim_z0.9941_MgIIBlueWide_314.4757m18.6459.fits
QSO_sim_z1.3204_MgIIBlueDeep_160.4883p3.0971.fits
QSO_sim_z1.3204_MgIIBlueDeep_160.4883p3.0971.fits
QSO_sim_z1.012_MgIIBlueWide_199.1312m30.3263.fits
QSO_sim_z1.012_MgIIBlueWide_199.1312m30.3263.fits
QSO_sim_z0.843_MgIIBlueWide_357.4827m24.2517.fits
QSO_sim_z0.843_MgIIBlueWide_357.4827m24.2517.fits
QSO_sim_z2.8263_MgIIBlueDeep_220.6648p2.0719.fits
QSO_sim_z2.8263_MgIIBlueDeep_220.6648p2.0719.fits
QSO_sim_z2.37_MgIIBlueDeep_213.6808m0.0469.fits
QSO_sim_z2.37_MgIIBlueDeep_213.6808m0.0469.fits
QSO_sim_z1.05_MgIIBlueDeep_170.6574m1.9488.fits
QSO_sim_z1.05_MgIIBlueDeep_170.6574m1.9488.fits
QSO_sim_z0.7101_MgIIBlueWide_314.74m17.4443.fits
QSO_sim_z0.7101_MgIIBlueWide_314.74m17.4443.fits
QSO_sim_z0.6235_MgIIBlueDeep_354.8089m32.3407.fits
QSO_sim_z0.6235_MgIIBlueDeep_354.8089m32.3407.fits
QSO_sim_z0.4904_MgIIBlueWide_59.342m63.2517.fits
QSO_sim_z0.4904_MgIIBlueWide_59.342m63.2517.fits
QSO_sim_z1.0_MgIIBlueWide_68.7191m16.3056.fits
QSO_sim_z1.0_MgIIBlueWide_68.7191m16.3056.fits
QSO_sim_z2.2_MgIIBlueDeep_41.0648m34.8166.fits
QSO_sim_z2.2_MgIIBlueDeep_41.0648m34.8166.fits
QSO_sim_z0.9_MgIIBlueWide_32.3034m71.4843.fits
QSO_sim_z0.9_MgIIBlueWide_32.3034m71.4843.fits
QSO_sim_z1.35_MgIIBlueDeep_160.3047p0.1459.fits
QSO_sim_z1.35_MgIIBlueDeep_160.3047p0.1459.fits
QSO_sim_z1.8575_MgIIBlueDeep_171.8772p3.0557.fits
QSO_sim_z1.8575_MgIIBlueDeep_171.8772p3.0557.fits
QSO_sim_z2.2672_MgIIBlueDeep_202.6365p0.354.fits
QSO_sim_z2.2672_MgIIBlueDeep_202.6365p0.354.fits
QSO_sim_z1.1603_MgIIBlueDeep_188.9154p1.2483.fits
QSO_sim_z1.1603_MgIIBlueDeep_188.9154p1.2483.fits
QSO_sim_z2.65_DLABlue_77.1439m22.6432.fits
QSO_sim_z2.65_DLABlue_77.1439m22.6432.fits
QSO_sim_z2.8769_MgIIBlueDeep_181.0931m3.7272.fits
QSO_sim_z2.8769_MgIIBlueDeep_181.0931m3.7272.fits
QSO_sim_z0.7919_MgIIBlueWide_49.1334m15.9368.fits
QSO_sim_z0.7919_MgIIBlueWide_49.1334m15.9368.fits
QSO_sim_z0.9_MgIIBlueWide_213.8677m24.3557.fits
QSO_sim_z0.9_MgIIBlueWide_213.8677m24.3557.fits
QSO_sim_z0.941_MgIIBlueWide_25.8448m1.8532.fits
QSO_sim_z0.941_MgIIBlueWide_25.8448m1.8532.fits
QSO_sim_z0.636_MgIIBlueDeep_353.8693m31.3045.fits
QSO_sim_z0.636_MgIIBlueDeep_353.8693m31.3045.fits
QSO_sim_z1.0_MgIIBlueWide_182.0892m26.859.fits
QSO_sim_z1.0_MgIIBlueWide_182.0892m26.859.fits
QSO_sim_z0.8_MgIIBlueWide_66.67m15.6032.fits
QSO_sim_z0.8_MgIIBlueWide_66.67m15.6032.fits
QSO_sim_z1.7478_MgIIBlueDeep_196.52m0.7755.fits
QSO_sim_z1.7478_MgIIBlueDeep_196.52m0.7755.fits
QSO_sim_z1.162_MgIIBlueDeep_220.4379p2.6287.fits
QSO_sim_z1.162_MgIIBlueDeep_220.4379p2.6287.fits
QSO_sim_z0.95_MgIIBlueWide_344.5964m7.4567.fits
QSO_sim_z0.95_MgIIBlueWide_344.5964m7.4567.fits
QSO_sim_z2.1_MgIIBlueDeep_50.9456m34.1609.fits
QSO_sim_z2.1_MgIIBlueDeep_50.9456m34.1609.fits
QSO_sim_z2.0_MgIIBlueDeep_16.4577m29.1497.fits
QSO_sim_z2.0_MgIIBlueDeep_16.4577m29.1497.fits
QSO_sim_z3.3_MgIIBlueDeep_8.0551m31.9488.fits
QSO_sim_z3.3_MgIIBlueDeep_8.0551m31.9488.fits
QSO_sim_z0.9254_MgIIBlueWide_16.8871m12.2847.fits
QSO_sim_z0.9254_MgIIBlueWide_16.8871m12.2847.fits
QSO_sim_z2.326_MgIIBlueDeep_220.2752p2.6033.fits
QSO_sim_z2.326_MgIIBlueDeep_220.2752p2.6033.fits
QSO_sim_z0.95_MgIIBlueWide_314.8759m53.305.fits
QSO_sim_z0.95_MgIIBlueWide_314.8759m53.305.fits
QSO_sim_z0.65_MgIIBlueWide_236.479m16.7731.fits
QSO_sim_z0.65_MgIIBlueWide_236.479m16.7731.fits
QSO_sim_z3.25_MgIIBlueDeep_357.6302m30.5942.fits
QSO_sim_z3.25_MgIIBlueDeep_357.6302m30.5942.fits
QSO_sim_z0.669_MgIIBlueWide_31.8262m52.0102.fits
QSO_sim_z0.669_MgIIBlueWide_31.8262m52.0102.fits
QSO_sim_z2.6_DLABlue_179.7973m16.7055.fits
QSO_sim_z2.6_DLABlue_179.7973m16.7055.fits
QSO_sim_z1.15_MgIIBlueDeep_160.118p0.352.fits
QSO_sim_z1.15_MgIIBlueDeep_160.118p0.352.fits
QSO_sim_z1.2424_MgIIBlueDeep_202.1707p0.2147.fits
QSO_sim_z1.2424_MgIIBlueDeep_202.1707p0.2147.fits
QSO_sim_z2.95_DLABlue_0.4738m61.4191.fits
QSO_sim_z2.95_DLABlue_0.4738m61.4191.fits
QSO_sim_z0.95_MgIIBlueDeep_8.9476m33.153.fits
QSO_sim_z0.95_MgIIBlueDeep_8.9476m33.153.fits
QSO_sim_z1.0_MgIIBlueWide_85.8475m37.0342.fits
QSO_sim_z1.0_MgIIBlueWide_85.8475m37.0342.fits
QSO_sim_z1.0128_MgIIBlueWide_341.6671m11.4707.fits
QSO_sim_z1.0128_MgIIBlueWide_341.6671m11.4707.fits
QSO_sim_z1.0_MgIIBlueWide_45.8246m17.7364.fits
QSO_sim_z1.0_MgIIBlueWide_45.8246m17.7364.fits
QSO_sim_z0.5727_MgIIBlueWide_54.4737m60.9053.fits
QSO_sim_z0.5727_MgIIBlueWide_54.4737m60.9053.fits
QSO_sim_z0.853_MgIIBlueWide_4.329m5.3416.fits
QSO_sim_z0.853_MgIIBlueWide_4.329m5.3416.fits
QSO_sim_z0.8254_MgIIBlueDeep_217.8349p1.478.fits
QSO_sim_z0.8254_MgIIBlueDeep_217.8349p1.478.fits
QSO_sim_z1.0_MgIIBlueWide_342.8263m14.1208.fits
QSO_sim_z1.0_MgIIBlueWide_342.8263m14.1208.fits
QSO_sim_z1.65_MgIIBlueDeep_8.2178m33.6787.fits
QSO_sim_z1.65_MgIIBlueDeep_8.2178m33.6787.fits
QSO_sim_z0.5842_MgIIBlueWide_165.4141m14.0938.fits
QSO_sim_z0.5842_MgIIBlueWide_165.4141m14.0938.fits
QSO_sim_z3.1_DLABlue_62.7298m32.2984.fits
QSO_sim_z3.1_DLABlue_62.7298m32.2984.fits
QSO_sim_z0.8_MgIIBlueWide_104.2416m69.2927.fits
QSO_sim_z0.8_MgIIBlueWide_104.2416m69.2927.fits
QSO_sim_z2.9_DLABlue_62.512m34.4957.fits
QSO_sim_z2.9_DLABlue_62.512m34.4957.fits
QSO_sim_z1.0_MgIIBlueWide_46.3907m18.3495.fits
QSO_sim_z1.0_MgIIBlueWide_46.3907m18.3495.fits
QSO_sim_z1.3139_MgIIBlueDeep_338.5757m33.7429.fits
QSO_sim_z1.3139_MgIIBlueDeep_338.5757m33.7429.fits
QSO_sim_z1.622_MgIIBlueDeep_17.6073m29.6514.fits
QSO_sim_z1.622_MgIIBlueDeep_17.6073m29.6514.fits
QSO_sim_z0.9711_MgIIBlueWide_148.6098m19.4456.fits
QSO_sim_z0.9711_MgIIBlueWide_148.6098m19.4456.fits
QSO_sim_z1.45_MgIIBlueDeep_17.1549m27.768.fits
QSO_sim_z1.45_MgIIBlueDeep_17.1549m27.768.fits
QSO_sim_z0.7046_MgIIBlueWide_28.9727m5.6632.fits
QSO_sim_z0.7046_MgIIBlueWide_28.9727m5.6632.fits
QSO_sim_z1.0_MgIIBlueWide_69.0713m26.765.fits
QSO_sim_z1.0_MgIIBlueWide_69.0713m26.765.fits
QSO_sim_z0.5664_MgIIBlueWide_35.6666m45.9186.fits
QSO_sim_z0.5664_MgIIBlueWide_35.6666m45.9186.fits
QSO_sim_z0.7975_MgIIBlueWide_295.615m67.7062.fits
QSO_sim_z0.7975_MgIIBlueWide_295.615m67.7062.fits
QSO_sim_z1.0353_MgIIBlueWide_170.7544m12.393.fits
QSO_sim_z1.0353_MgIIBlueWide_170.7544m12.393.fits
QSO_sim_z2.7_DLABlue_64.6953m37.5364.fits
QSO_sim_z2.7_DLABlue_64.6953m37.5364.fits
QSO_sim_z0.9614_MgIIBlueWide_21.0665m9.2761.fits
QSO_sim_z0.9614_MgIIBlueWide_21.0665m9.2761.fits
QSO_sim_z0.9474_MgIIBlueWide_167.9796m12.6056.fits
QSO_sim_z0.9474_MgIIBlueWide_167.9796m12.6056.fits
QSO_sim_z1.5443_MgIIBlueDeep_161.6495p3.159.fits
QSO_sim_z1.5443_MgIIBlueDeep_161.6495p3.159.fits
QSO_sim_z1.6504_MgIIBlueDeep_337.6806m32.6988.fits
QSO_sim_z1.6504_MgIIBlueDeep_337.6806m32.6988.fits
QSO_sim_z1.35_MgIIBlueDeep_42.5751m32.7181.fits
QSO_sim_z1.35_MgIIBlueDeep_42.5751m32.7181.fits
QSO_sim_z1.5554_MgIIBlueDeep_202.7181p0.5014.fits
QSO_sim_z1.5554_MgIIBlueDeep_202.7181p0.5014.fits
QSO_sim_z0.688_MgIIBlueWide_29.6398m45.5629.fits
QSO_sim_z0.688_MgIIBlueWide_29.6398m45.5629.fits
QSO_sim_z0.8569_MgIIBlueWide_48.6225m12.9669.fits
QSO_sim_z0.8569_MgIIBlueWide_48.6225m12.9669.fits
QSO_sim_z1.1976_MgIIBlueDeep_188.0318p2.2306.fits
QSO_sim_z1.1976_MgIIBlueDeep_188.0318p2.2306.fits
QSO_sim_z0.8992_MgIIBlueWide_119.5922m2.4949.fits
QSO_sim_z0.8992_MgIIBlueWide_119.5922m2.4949.fits
QSO_sim_z0.7714_MgIIBlueWide_211.5231p4.4862.fits
QSO_sim_z0.7714_MgIIBlueWide_211.5231p4.4862.fits
QSO_sim_z0.9_MgIIBlueWide_151.4473m26.3707.fits
QSO_sim_z0.9_MgIIBlueWide_151.4473m26.3707.fits
QSO_sim_z0.6083_MgIIBlueWide_180.5955p4.862.fits
QSO_sim_z0.6083_MgIIBlueWide_180.5955p4.862.fits
QSO_sim_z0.8_MgIIBlueWide_237.033m25.6333.fits
QSO_sim_z0.8_MgIIBlueWide_237.033m25.6333.fits
QSO_sim_z0.75_MgIIBlueWide_85.5164m47.7093.fits
QSO_sim_z0.75_MgIIBlueWide_85.5164m47.7093.fits
QSO_sim_z0.7586_MgIIBlueWide_200.6517m23.9273.fits
QSO_sim_z0.7586_MgIIBlueWide_200.6517m23.9273.fits
QSO_sim_z2.0593_MgIIBlueDeep_197.3623m3.2314.fits
QSO_sim_z2.0593_MgIIBlueDeep_197.3623m3.2314.fits
QSO_sim_z0.75_MgIIBlueWide_69.1754m31.5869.fits
QSO_sim_z0.75_MgIIBlueWide_69.1754m31.5869.fits
QSO_sim_z3.25_DLABlue_80.3222m8.3587.fits
QSO_sim_z3.25_DLABlue_80.3222m8.3587.fits
QSO_sim_z0.9622_MgIIBlueDeep_202.1077p0.8943.fits
QSO_sim_z0.9622_MgIIBlueDeep_202.1077p0.8943.fits
QSO_sim_z3.0_DLABlue_64.7282m51.384.fits
QSO_sim_z3.0_DLABlue_64.7282m51.384.fits
QSO_sim_z0.7_MgIIBlueWide_102.6463m74.0258.fits
QSO_sim_z0.7_MgIIBlueWide_102.6463m74.0258.fits
QSO_sim_z0.6_MgIIBlueWide_153.3309m26.488.fits
QSO_sim_z0.6_MgIIBlueWide_153.3309m26.488.fits
QSO_sim_z1.6751_MgIIBlueDeep_172.5242p3.0424.fits
QSO_sim_z1.6751_MgIIBlueDeep_172.5242p3.0424.fits
QSO_sim_z1.7006_MgIIBlueDeep_358.3685m29.5049.fits
QSO_sim_z1.7006_MgIIBlueDeep_358.3685m29.5049.fits
QSO_sim_z0.771_MgIIBlueWide_31.7399m44.1539.fits
QSO_sim_z0.771_MgIIBlueWide_31.7399m44.1539.fits
QSO_sim_z1.35_MgIIBlueDeep_42.7221m34.2827.fits
QSO_sim_z1.35_MgIIBlueDeep_42.7221m34.2827.fits
QSO_sim_z0.9904_MgIIBlueWide_120.2229p0.6577.fits
QSO_sim_z0.9904_MgIIBlueWide_120.2229p0.6577.fits
QSO_sim_z2.65_DLABlue_82.369m12.5173.fits
QSO_sim_z2.65_DLABlue_82.369m12.5173.fits
QSO_sim_z1.2_MgIIBlueDeep_197.8746m3.828.fits
QSO_sim_z1.2_MgIIBlueDeep_197.8746m3.828.fits
QSO_sim_z1.2996_MgIIBlueDeep_224.2267m1.3703.fits
QSO_sim_z1.2996_MgIIBlueDeep_224.2267m1.3703.fits
QSO_sim_z0.75_MgIIBlueWide_67.0435m30.7024.fits
QSO_sim_z0.75_MgIIBlueWide_67.0435m30.7024.fits
QSO_sim_z1.0196_MgIIBlueWide_216.5198m6.5075.fits
QSO_sim_z1.0196_MgIIBlueWide_216.5198m6.5075.fits
QSO_sim_z3.5_MgIIBlueDeep_42.8815m32.8093.fits
QSO_sim_z3.5_MgIIBlueDeep_42.8815m32.8093.fits
QSO_sim_z0.6695_MgIIBlueWide_35.0404m12.2383.fits
QSO_sim_z0.6695_MgIIBlueWide_35.0404m12.2383.fits
QSO_sim_z0.872_MgIIBlueWide_314.3381m11.4197.fits
QSO_sim_z0.872_MgIIBlueWide_314.3381m11.4197.fits
QSO_sim_z2.15_MgIIBlueDeep_9.846m31.0246.fits
QSO_sim_z2.15_MgIIBlueDeep_9.846m31.0246.fits
QSO_sim_z1.2_MgIIBlueDeep_18.8797m32.6864.fits
QSO_sim_z1.2_MgIIBlueDeep_18.8797m32.6864.fits
QSO_sim_z1.9705_MgIIBlueDeep_197.5379m3.0942.fits
QSO_sim_z1.9705_MgIIBlueDeep_197.5379m3.0942.fits
QSO_sim_z0.9708_MgIIBlueWide_178.238m16.5923.fits
QSO_sim_z0.9708_MgIIBlueWide_178.238m16.5923.fits
QSO_sim_z2.0969_MgIIBlueDeep_172.2916p0.4759.fits
QSO_sim_z2.0969_MgIIBlueDeep_172.2916p0.4759.fits
QSO_sim_z3.1318_MgIIBlueDeep_202.2556p3.8979.fits
QSO_sim_z3.1318_MgIIBlueDeep_202.2556p3.8979.fits
QSO_sim_z1.5639_MgIIBlueDeep_162.0847p0.8602.fits
QSO_sim_z1.5639_MgIIBlueDeep_162.0847p0.8602.fits
QSO_sim_z1.0387_MgIIBlueWide_179.7636m16.7078.fits
QSO_sim_z1.0387_MgIIBlueWide_179.7636m16.7078.fits
QSO_sim_z1.7116_MgIIBlueDeep_189.2665p2.5195.fits
QSO_sim_z1.7116_MgIIBlueDeep_189.2665p2.5195.fits
QSO_sim_z0.7688_MgIIBlueWide_13.6606m8.3296.fits
QSO_sim_z0.7688_MgIIBlueWide_13.6606m8.3296.fits
QSO_sim_z0.95_MgIIBlueWide_69.7418m35.6402.fits
QSO_sim_z0.95_MgIIBlueWide_69.7418m35.6402.fits
QSO_sim_z0.2_MgIIBlueWide_37.4676m72.51.fits
QSO_sim_z0.2_MgIIBlueWide_37.4676m72.51.fits
QSO_sim_z1.9225_MgIIBlueDeep_224.9219m0.2301.fits
QSO_sim_z1.9225_MgIIBlueDeep_224.9219m0.2301.fits
QSO_sim_z0.8799_MgIIBlueWide_14.0876m7.9375.fits
QSO_sim_z0.8799_MgIIBlueWide_14.0876m7.9375.fits
QSO_sim_z1.65_MgIIBlueDeep_202.979p3.5201.fits
QSO_sim_z1.65_MgIIBlueDeep_202.979p3.5201.fits
QSO_sim_z0.75_MgIIBlueWide_189.5173m6.938.fits
QSO_sim_z0.75_MgIIBlueWide_189.5173m6.938.fits
QSO_sim_z0.667_MgIIBlueWide_320.2594m11.7997.fits
QSO_sim_z0.667_MgIIBlueWide_320.2594m11.7997.fits
QSO_sim_z2.3_MgIIBlueDeep_358.4157m33.1816.fits
QSO_sim_z2.3_MgIIBlueDeep_358.4157m33.1816.fits
QSO_sim_z0.65_MgIIBlueWide_240.5141m10.8347.fits
QSO_sim_z0.65_MgIIBlueWide_240.5141m10.8347.fits
QSO_sim_z1.4048_MgIIBlueDeep_157.8183m3.6873.fits
QSO_sim_z1.4048_MgIIBlueDeep_157.8183m3.6873.fits
QSO_sim_z2.25_MgIIBlueDeep_213.2175m3.2152.fits
QSO_sim_z2.25_MgIIBlueDeep_213.2175m3.2152.fits
QSO_sim_z2.65_DLABlue_83.0114m25.1233.fits
QSO_sim_z2.65_DLABlue_83.0114m25.1233.fits
QSO_sim_z0.8_MgIIBlueWide_343.6572m56.4557.fits
QSO_sim_z0.8_MgIIBlueWide_343.6572m56.4557.fits
QSO_sim_z0.7278_MgIIBlueWide_185.0431m5.3915.fits
QSO_sim_z0.7278_MgIIBlueWide_185.0431m5.3915.fits
QSO_sim_z0.6995_MgIIBlueWide_44.654m18.8515.fits
QSO_sim_z0.6995_MgIIBlueWide_44.654m18.8515.fits
QSO_sim_z0.9249_MgIIBlueWide_185.4953m7.8543.fits
QSO_sim_z0.9249_MgIIBlueWide_185.4953m7.8543.fits
QSO_sim_z0.6262_MgIIBlueDeep_182.6309m0.798.fits
QSO_sim_z0.6262_MgIIBlueDeep_182.6309m0.798.fits
QSO_sim_z1.004_MgIIBlueWide_224.2381m34.9109.fits
QSO_sim_z1.004_MgIIBlueWide_224.2381m34.9109.fits
QSO_sim_z0.6044_MgIIBlueWide_182.0843m14.5484.fits
QSO_sim_z0.6044_MgIIBlueWide_182.0843m14.5484.fits
QSO_sim_z0.7282_MgIIBlueWide_153.0701p0.0781.fits
QSO_sim_z0.7282_MgIIBlueWide_153.0701p0.0781.fits
QSO_sim_z0.682_MgIIBlueWide_41.8732m40.5009.fits
QSO_sim_z0.682_MgIIBlueWide_41.8732m40.5009.fits
QSO_sim_z0.922_MgIIBlueWide_180.8207m14.5002.fits
QSO_sim_z0.922_MgIIBlueWide_180.8207m14.5002.fits
QSO_sim_z2.6_DLABlue_80.9169m26.6798.fits
QSO_sim_z2.6_DLABlue_80.9169m26.6798.fits
QSO_sim_z1.55_MgIIBlueDeep_189.914p1.3896.fits
QSO_sim_z1.55_MgIIBlueDeep_189.914p1.3896.fits
QSO_sim_z1.4397_MgIIBlueDeep_219.6894p3.43.fits
QSO_sim_z1.4397_MgIIBlueDeep_219.6894p3.43.fits
QSO_sim_z0.7825_MgIIBlueDeep_162.6905p3.5793.fits
QSO_sim_z0.7825_MgIIBlueDeep_162.6905p3.5793.fits
QSO_sim_z0.85_MgIIBlueWide_104.6665m77.9121.fits
QSO_sim_z0.85_MgIIBlueWide_104.6665m77.9121.fits
QSO_sim_z0.8_MgIIBlueWide_3.0882m37.6956.fits
QSO_sim_z0.8_MgIIBlueWide_3.0882m37.6956.fits
QSO_sim_z1.0142_MgIIBlueWide_277.9921m41.6657.fits
QSO_sim_z1.0142_MgIIBlueWide_277.9921m41.6657.fits
QSO_sim_z1.0_MgIIBlueWide_318.8287m4.8618.fits
QSO_sim_z1.0_MgIIBlueWide_318.8287m4.8618.fits
QSO_sim_z0.9552_MgIIBlueDeep_214.0786p2.3219.fits
QSO_sim_z0.9552_MgIIBlueDeep_214.0786p2.3219.fits
QSO_sim_z1.8383_MgIIBlueDeep_335.5944m32.5204.fits
QSO_sim_z1.8383_MgIIBlueDeep_335.5944m32.5204.fits
QSO_sim_z0.6_MgIIBlueWide_244.4565m16.0395.fits
QSO_sim_z0.6_MgIIBlueWide_244.4565m16.0395.fits
QSO_sim_z0.7162_MgIIBlueWide_182.1543m13.1442.fits
QSO_sim_z0.7162_MgIIBlueWide_182.1543m13.1442.fits
QSO_sim_z2.4844_MgIIBlueDeep_189.0686p2.0184.fits
QSO_sim_z2.4844_MgIIBlueDeep_189.0686p2.0184.fits
QSO_sim_z1.9013_MgIIBlueDeep_20.9543m27.3661.fits
QSO_sim_z1.9013_MgIIBlueDeep_20.9543m27.3661.fits
QSO_sim_z0.8801_MgIIBlueWide_223.5165m32.2235.fits
QSO_sim_z0.8801_MgIIBlueWide_223.5165m32.2235.fits
QSO_sim_z0.95_MgIIBlueWide_215.3791m11.9826.fits
QSO_sim_z0.95_MgIIBlueWide_215.3791m11.9826.fits
QSO_sim_z2.05_MgIIBlueDeep_358.6318m34.1509.fits
QSO_sim_z2.05_MgIIBlueDeep_358.6318m34.1509.fits
QSO_sim_z1.5252_MgIIBlueDeep_214.6325p1.1096.fits
QSO_sim_z1.5252_MgIIBlueDeep_214.6325p1.1096.fits
QSO_sim_z1.2_MgIIBlueDeep_358.7639m34.2515.fits
QSO_sim_z1.2_MgIIBlueDeep_358.7639m34.2515.fits
QSO_sim_z0.7406_MgIIBlueWide_28.984m12.4079.fits
QSO_sim_z0.7406_MgIIBlueWide_28.984m12.4079.fits
QSO_sim_z0.8858_MgIIBlueWide_35.6274m40.1426.fits
QSO_sim_z0.8858_MgIIBlueWide_35.6274m40.1426.fits
QSO_sim_z2.95_MgIIBlueDeep_358.277m32.8363.fits
QSO_sim_z2.95_MgIIBlueDeep_358.277m32.8363.fits
QSO_sim_z0.6_MgIIBlueWide_102.805m75.5379.fits
QSO_sim_z0.6_MgIIBlueWide_102.805m75.5379.fits
QSO_sim_z0.5738_MgIIBlueWide_232.1694m30.5543.fits
QSO_sim_z0.5738_MgIIBlueWide_232.1694m30.5543.fits
QSO_sim_z0.7855_MgIIBlueDeep_182.024m1.4714.fits
QSO_sim_z0.7855_MgIIBlueDeep_182.024m1.4714.fits
QSO_sim_z0.7825_MgIIBlueDeep_197.3969m1.7192.fits
QSO_sim_z0.7825_MgIIBlueDeep_197.3969m1.7192.fits
QSO_sim_z2.95_DLABlue_182.081m19.2468.fits
QSO_sim_z2.95_DLABlue_182.081m19.2468.fits
QSO_sim_z2.7_MgIIBlueDeep_224.6025m0.2802.fits
QSO_sim_z2.7_MgIIBlueDeep_224.6025m0.2802.fits
QSO_sim_z1.1848_MgIIBlueDeep_208.7345m3.944.fits
QSO_sim_z1.1848_MgIIBlueDeep_208.7345m3.944.fits
QSO_sim_z1.5218_MgIIBlueDeep_189.5731p0.4149.fits
QSO_sim_z1.5218_MgIIBlueDeep_189.5731p0.4149.fits
QSO_sim_z0.7703_MgIIBlueWide_159.4941m4.4255.fits
QSO_sim_z0.7703_MgIIBlueWide_159.4941m4.4255.fits
QSO_sim_z0.8188_MgIIBlueWide_308.524m0.1445.fits
QSO_sim_z0.8188_MgIIBlueWide_308.524m0.1445.fits
QSO_sim_z3.1_DLABlue_7.4815m50.1431.fits
QSO_sim_z3.1_DLABlue_7.4815m50.1431.fits
QSO_sim_z1.0201_MgIIBlueWide_41.1173m38.5446.fits
QSO_sim_z1.0201_MgIIBlueWide_41.1173m38.5446.fits
QSO_sim_z1.0712_MgIIBlueDeep_157.4555m2.079.fits
QSO_sim_z1.0712_MgIIBlueDeep_157.4555m2.079.fits
QSO_sim_z2.7_DLABlue_340.4214m51.2801.fits
QSO_sim_z2.7_DLABlue_340.4214m51.2801.fits
QSO_sim_z0.8124_MgIIBlueWide_318.7029m8.8372.fits
QSO_sim_z0.8124_MgIIBlueWide_318.7029m8.8372.fits
QSO_sim_z1.3516_MgIIBlueDeep_214.1902p1.6246.fits
QSO_sim_z1.3516_MgIIBlueDeep_214.1902p1.6246.fits
QSO_sim_z2.0_MgIIBlueDeep_214.0611p2.0675.fits
QSO_sim_z2.0_MgIIBlueDeep_214.0611p2.0675.fits
QSO_sim_z0.983_MgIIBlueWide_297.1736m35.911.fits
QSO_sim_z0.983_MgIIBlueWide_297.1736m35.911.fits
QSO_sim_z0.75_MgIIBlueWide_107.3529m57.711.fits
QSO_sim_z0.75_MgIIBlueWide_107.3529m57.711.fits
QSO_sim_z0.95_MgIIBlueWide_27.1469m15.8203.fits
QSO_sim_z0.95_MgIIBlueWide_27.1469m15.8203.fits
QSO_sim_z0.6_MgIIBlueWide_4.1768m40.8255.fits
QSO_sim_z0.6_MgIIBlueWide_4.1768m40.8255.fits
QSO_sim_z2.3_MgIIBlueDeep_189.2421p3.3995.fits
QSO_sim_z2.3_MgIIBlueDeep_189.2421p3.3995.fits
QSO_sim_z0.15_MgIIBlueWide_107.9545m59.7978.fits
QSO_sim_z0.15_MgIIBlueWide_107.9545m59.7978.fits
QSO_sim_z1.15_MgIIBlueDeep_224.1266m0.9678.fits
QSO_sim_z1.15_MgIIBlueDeep_224.1266m0.9678.fits
QSO_sim_z0.887_MgIIBlueWide_146.1415m15.4127.fits
QSO_sim_z0.887_MgIIBlueWide_146.1415m15.4127.fits
QSO_sim_z2.255_MgIIBlueDeep_157.8724m0.9276.fits
QSO_sim_z2.255_MgIIBlueDeep_157.8724m0.9276.fits
QSO_sim_z0.6_MgIIBlueWide_66.822m50.6916.fits
QSO_sim_z0.6_MgIIBlueWide_66.822m50.6916.fits
QSO_sim_z2.2991_MgIIBlueDeep_224.2084m3.1796.fits
QSO_sim_z2.2991_MgIIBlueDeep_224.2084m3.1796.fits
QSO_sim_z1.7692_MgIIBlueDeep_207.0123m3.4437.fits
QSO_sim_z1.7692_MgIIBlueDeep_207.0123m3.4437.fits
QSO_sim_z0.732_MgIIBlueWide_25.4144m44.8448.fits
QSO_sim_z0.732_MgIIBlueWide_25.4144m44.8448.fits
QSO_sim_z0.7_MgIIBlueWide_66.4612m51.9066.fits
QSO_sim_z0.7_MgIIBlueWide_66.4612m51.9066.fits
QSO_sim_z0.7374_MgIIBlueWide_157.3708m7.1038.fits
QSO_sim_z0.7374_MgIIBlueWide_157.3708m7.1038.fits
QSO_sim_z0.9109_MgIIBlueWide_180.3641m12.5574.fits
QSO_sim_z0.9109_MgIIBlueWide_180.3641m12.5574.fits
QSO_sim_z0.7_MgIIBlueWide_67.4329m53.3597.fits
QSO_sim_z0.7_MgIIBlueWide_67.4329m53.3597.fits
QSO_sim_z0.98_MgIIBlueDeep_337.19m31.7781.fits
QSO_sim_z0.98_MgIIBlueDeep_337.19m31.7781.fits
QSO_sim_z0.9028_MgIIBlueWide_158.6551m9.6628.fits
QSO_sim_z0.9028_MgIIBlueWide_158.6551m9.6628.fits
QSO_sim_z1.8421_MgIIBlueDeep_338.2249m31.7766.fits
QSO_sim_z1.8421_MgIIBlueDeep_338.2249m31.7766.fits
QSO_sim_z1.0_MgIIBlueWide_242.3934p0.8826.fits
QSO_sim_z1.0_MgIIBlueWide_242.3934p0.8826.fits
QSO_sim_z3.2316_DLABlue_13.942m8.3466.fits
QSO_sim_z3.2316_DLABlue_13.942m8.3466.fits
QSO_sim_z0.6803_MgIIBlueWide_46.4965m12.0219.fits
QSO_sim_z0.6803_MgIIBlueWide_46.4965m12.0219.fits
QSO_sim_z1.7533_MgIIBlueDeep_207.5643m3.0815.fits
QSO_sim_z1.7533_MgIIBlueDeep_207.5643m3.0815.fits
QSO_sim_z1.4219_MgIIBlueDeep_197.8084m0.9809.fits
QSO_sim_z1.4219_MgIIBlueDeep_197.8084m0.9809.fits
QSO_sim_z0.585_MgIIBlueWide_20.4596m68.7994.fits
QSO_sim_z0.585_MgIIBlueWide_20.4596m68.7994.fits
QSO_sim_z2.9_DLABlue_182.2752m33.0876.fits
QSO_sim_z2.9_DLABlue_182.2752m33.0876.fits
QSO_sim_z2.9495_DLABlue_348.3245m0.2897.fits
QSO_sim_z2.9495_DLABlue_348.3245m0.2897.fits
QSO_sim_z0.7_MgIIBlueWide_3.6842m47.587.fits
QSO_sim_z0.7_MgIIBlueWide_3.6842m47.587.fits
QSO_sim_z1.0259_MgIIBlueWide_147.195m13.7424.fits
QSO_sim_z1.0259_MgIIBlueWide_147.195m13.7424.fits
QSO_sim_z0.9_MgIIBlueWide_90.9083m45.118.fits
QSO_sim_z0.9_MgIIBlueWide_90.9083m45.118.fits
QSO_sim_z1.7228_MgIIBlueDeep_209.2496m3.0729.fits
QSO_sim_z1.7228_MgIIBlueDeep_209.2496m3.0729.fits
QSO_sim_z0.7598_MgIIBlueDeep_164.1781m0.7155.fits
QSO_sim_z0.7598_MgIIBlueDeep_164.1781m0.7155.fits
QSO_sim_z2.8_DLABlue_66.1081m37.914.fits
QSO_sim_z2.8_DLABlue_66.1081m37.914.fits
QSO_sim_z1.9243_MgIIBlueDeep_209.1654m2.7489.fits
QSO_sim_z1.9243_MgIIBlueDeep_209.1654m2.7489.fits
QSO_sim_z1.55_MgIIBlueDeep_162.1723p3.7125.fits
QSO_sim_z1.55_MgIIBlueDeep_162.1723p3.7125.fits
QSO_sim_z0.65_MgIIBlueWide_41.8657m65.7352.fits
QSO_sim_z0.65_MgIIBlueWide_41.8657m65.7352.fits
QSO_sim_z0.6866_MgIIBlueWide_25.7011m17.1494.fits
QSO_sim_z0.6866_MgIIBlueWide_25.7011m17.1494.fits
QSO_sim_z2.306_MgIIBlueDeep_336.4021m31.6079.fits
QSO_sim_z2.306_MgIIBlueDeep_336.4021m31.6079.fits
QSO_sim_z0.95_MgIIBlueWide_0.3479m45.1501.fits
QSO_sim_z0.95_MgIIBlueWide_0.3479m45.1501.fits
QSO_sim_z2.65_DLABlue_67.2281m36.0822.fits
QSO_sim_z2.65_DLABlue_67.2281m36.0822.fits
QSO_sim_z0.7988_MgIIBlueDeep_157.3514m0.7759.fits
QSO_sim_z0.7988_MgIIBlueDeep_157.3514m0.7759.fits
QSO_sim_z0.8225_MgIIBlueWide_72.9339m9.9657.fits
QSO_sim_z0.8225_MgIIBlueWide_72.9339m9.9657.fits
QSO_sim_z1.75_MgIIBlueDeep_169.3868m1.3492.fits
QSO_sim_z1.75_MgIIBlueDeep_169.3868m1.3492.fits
QSO_sim_z0.847_MgIIBlueDeep_351.4222m28.8272.fits
QSO_sim_z0.847_MgIIBlueDeep_351.4222m28.8272.fits
QSO_sim_z0.65_MgIIBlueDeep_359.4731m32.5774.fits
QSO_sim_z0.65_MgIIBlueDeep_359.4731m32.5774.fits
QSO_sim_z1.7135_MgIIBlueDeep_224.8766m2.081.fits
QSO_sim_z1.7135_MgIIBlueDeep_224.8766m2.081.fits
QSO_sim_z0.8_MgIIBlueWide_186.4803m18.8357.fits
QSO_sim_z0.8_MgIIBlueWide_186.4803m18.8357.fits
QSO_sim_z2.6846_DLABlue_348.8822m5.0204.fits
QSO_sim_z2.6846_DLABlue_348.8822m5.0204.fits
QSO_sim_z1.1706_MgIIBlueDeep_209.9368m2.2421.fits
QSO_sim_z1.1706_MgIIBlueDeep_209.9368m2.2421.fits
QSO_sim_z2.7706_DLABlue_69.9766m53.6212.fits
QSO_sim_z2.7706_DLABlue_69.9766m53.6212.fits
QSO_sim_z0.7361_MgIIBlueWide_5.0159m17.1674.fits
QSO_sim_z0.7361_MgIIBlueWide_5.0159m17.1674.fits
QSO_sim_z0.7_MgIIBlueWide_158.6399m11.1506.fits
QSO_sim_z0.7_MgIIBlueWide_158.6399m11.1506.fits
QSO_sim_z0.7709_MgIIBlueWide_75.4366m9.4707.fits
QSO_sim_z0.7709_MgIIBlueWide_75.4366m9.4707.fits
QSO_sim_z0.939_MgIIBlueWide_294.2055m30.3513.fits
QSO_sim_z0.939_MgIIBlueWide_294.2055m30.3513.fits
QSO_sim_z0.95_MgIIBlueWide_159.7213m11.0176.fits
QSO_sim_z0.95_MgIIBlueWide_159.7213m11.0176.fits
QSO_sim_z0.9_MgIIBlueWide_25.0699m22.8291.fits
QSO_sim_z0.9_MgIIBlueWide_25.0699m22.8291.fits
QSO_sim_z3.4389_DLABlue_66.5533p0.8667.fits
QSO_sim_z3.4389_DLABlue_66.5533p0.8667.fits
QSO_sim_z0.9_MgIIBlueWide_319.4773m12.4266.fits
QSO_sim_z0.9_MgIIBlueWide_319.4773m12.4266.fits
QSO_sim_z0.9879_MgIIBlueWide_243.0956m12.7306.fits
QSO_sim_z0.9879_MgIIBlueWide_243.0956m12.7306.fits
QSO_sim_z0.6_MgIIBlueWide_53.3613m1.9418.fits
QSO_sim_z0.6_MgIIBlueWide_53.3613m1.9418.fits
QSO_sim_z0.6144_MgIIBlueWide_54.3025m1.0398.fits
QSO_sim_z0.6144_MgIIBlueWide_54.3025m1.0398.fits
QSO_sim_z2.9569_DLABlue_74.0122m16.4505.fits
QSO_sim_z2.9569_DLABlue_74.0122m16.4505.fits
QSO_sim_z0.8244_MgIIBlueWide_4.9792m15.863.fits
QSO_sim_z0.8244_MgIIBlueWide_4.9792m15.863.fits
QSO_sim_z1.0036_MgIIBlueWide_294.7585m62.668.fits
QSO_sim_z1.0036_MgIIBlueWide_294.7585m62.668.fits
QSO_sim_z0.7949_MgIIBlueWide_19.6536m3.6102.fits
QSO_sim_z0.7949_MgIIBlueWide_19.6536m3.6102.fits
QSO_sim_z0.828_MgIIBlueWide_288.8501m31.0029.fits
QSO_sim_z0.828_MgIIBlueWide_288.8501m31.0029.fits
QSO_sim_z1.5093_MgIIBlueDeep_169.4765m3.0981.fits
QSO_sim_z1.5093_MgIIBlueDeep_169.4765m3.0981.fits
QSO_sim_z0.5836_MgIIBlueWide_295.6428m61.8239.fits
QSO_sim_z0.5836_MgIIBlueWide_295.6428m61.8239.fits
QSO_sim_z1.0072_MgIIBlueWide_21.9024m2.9299.fits
QSO_sim_z1.0072_MgIIBlueWide_21.9024m2.9299.fits
QSO_sim_z0.7008_MgIIBlueWide_13.8446m16.77.fits
QSO_sim_z0.7008_MgIIBlueWide_13.8446m16.77.fits
QSO_sim_z1.0_MgIIBlueWide_4.3672m56.9609.fits
QSO_sim_z1.0_MgIIBlueWide_4.3672m56.9609.fits
QSO_sim_z1.3694_MgIIBlueDeep_208.4074m3.2563.fits
QSO_sim_z1.3694_MgIIBlueDeep_208.4074m3.2563.fits
QSO_sim_z2.3252_MgIIBlueDeep_214.8754p3.7788.fits
QSO_sim_z2.3252_MgIIBlueDeep_214.8754p3.7788.fits
QSO_sim_z0.8245_MgIIBlueWide_313.0922m9.2596.fits
QSO_sim_z0.8245_MgIIBlueWide_313.0922m9.2596.fits
QSO_sim_z0.75_MgIIBlueWide_25.8571m39.7236.fits
QSO_sim_z0.75_MgIIBlueWide_25.8571m39.7236.fits
QSO_sim_z0.8526_MgIIBlueWide_286.371m28.7803.fits
QSO_sim_z0.8526_MgIIBlueWide_286.371m28.7803.fits
QSO_sim_z0.9602_MgIIBlueDeep_220.6682m0.7236.fits
QSO_sim_z0.9602_MgIIBlueDeep_220.6682m0.7236.fits
QSO_sim_z0.7923_MgIIBlueWide_49.6312m12.5074.fits
QSO_sim_z0.7923_MgIIBlueWide_49.6312m12.5074.fits
QSO_sim_z2.062_MgIIBlueDeep_5.1325m30.6842.fits
QSO_sim_z2.062_MgIIBlueDeep_5.1325m30.6842.fits
QSO_sim_z2.7644_DLABlue_241.4902m0.0965.fits
QSO_sim_z2.7644_DLABlue_241.4902m0.0965.fits
QSO_sim_z1.7596_MgIIBlueDeep_356.4933m27.2283.fits
QSO_sim_z1.7596_MgIIBlueDeep_356.4933m27.2283.fits
QSO_sim_z1.2575_MgIIBlueDeep_170.3995p3.3317.fits
QSO_sim_z1.2575_MgIIBlueDeep_170.3995p3.3317.fits
QSO_sim_z2.696_DLABlue_75.9689m12.3135.fits
QSO_sim_z2.696_DLABlue_75.9689m12.3135.fits
QSO_sim_z0.8812_MgIIBlueWide_243.3341m7.9972.fits
QSO_sim_z0.8812_MgIIBlueWide_243.3341m7.9972.fits
QSO_sim_z3.1243_DLABlue_79.0885m12.8329.fits
QSO_sim_z3.1243_DLABlue_79.0885m12.8329.fits
QSO_sim_z4.65_MgIIBlueDeep_208.6654m3.1654.fits
QSO_sim_z4.65_MgIIBlueDeep_208.6654m3.1654.fits
QSO_sim_z1.0237_MgIIBlueWide_183.6738m9.9732.fits
QSO_sim_z1.0237_MgIIBlueWide_183.6738m9.9732.fits
QSO_sim_z0.7498_MgIIBlueDeep_183.7061p1.4917.fits
QSO_sim_z0.7498_MgIIBlueDeep_183.7061p1.4917.fits
QSO_sim_z0.5935_MgIIBlueDeep_46.1884m33.6024.fits
QSO_sim_z0.5935_MgIIBlueDeep_46.1884m33.6024.fits
QSO_sim_z2.65_DLABlue_347.1636m50.1606.fits
QSO_sim_z2.65_DLABlue_347.1636m50.1606.fits
QSO_sim_z0.85_MgIIBlueWide_159.456m15.5323.fits
QSO_sim_z0.85_MgIIBlueWide_159.456m15.5323.fits
QSO_sim_z0.9561_MgIIBlueWide_303.4974m59.2612.fits
QSO_sim_z0.9561_MgIIBlueWide_303.4974m59.2612.fits
QSO_sim_z1.0102_MgIIBlueWide_227.1834m26.4156.fits
QSO_sim_z1.0102_MgIIBlueWide_227.1834m26.4156.fits
QSO_sim_z5.3_LLSBlue_102.5163m50.5178.fits
QSO_sim_z5.3_LLSBlue_102.5163m50.5178.fits
QSO_sim_z3.0_DLABlue_346.503m58.2405.fits
QSO_sim_z3.0_DLABlue_346.503m58.2405.fits
QSO_sim_z1.8033_MgIIBlueDeep_170.308p0.3163.fits
QSO_sim_z1.8033_MgIIBlueDeep_170.308p0.3163.fits
QSO_sim_z2.6_DLABlue_13.3622m37.1763.fits
QSO_sim_z2.6_DLABlue_13.3622m37.1763.fits
QSO_sim_z3.4_DLABlue_187.9951m22.784.fits
QSO_sim_z3.4_DLABlue_187.9951m22.784.fits
QSO_sim_z1.1238_MgIIBlueDeep_338.4195m29.6988.fits
QSO_sim_z1.1238_MgIIBlueDeep_338.4195m29.6988.fits
QSO_sim_z3.3512_DLABlue_167.0888m32.303.fits
QSO_sim_z3.3512_DLABlue_167.0888m32.303.fits
QSO_sim_z0.8216_MgIIBlueWide_0.1123p0.3347.fits
QSO_sim_z0.8216_MgIIBlueWide_0.1123p0.3347.fits
QSO_sim_z0.6998_MgIIBlueWide_12.9076m14.9155.fits
QSO_sim_z0.6998_MgIIBlueWide_12.9076m14.9155.fits
QSO_sim_z2.1_MgIIGreen_32.4207m65.7867.fits
QSO_sim_z2.1_MgIIGreen_32.4207m65.7867.fits
QSO_sim_z0.6866_MgIIBlueWide_12.8019m14.6525.fits
QSO_sim_z0.6866_MgIIBlueWide_12.8019m14.6525.fits
QSO_sim_z0.85_MgIIBlueWide_156.0293m17.1111.fits
QSO_sim_z0.85_MgIIBlueWide_156.0293m17.1111.fits
QSO_sim_z2.25_MgIIGreen_32.4349m69.1247.fits
QSO_sim_z2.25_MgIIGreen_32.4349m69.1247.fits
QSO_sim_z1.0594_MgIIBlueDeep_45.7622m33.3811.fits
QSO_sim_z1.0594_MgIIBlueDeep_45.7622m33.3811.fits
QSO_sim_z0.8545_MgIIBlueWide_293.8688m61.7816.fits
QSO_sim_z0.8545_MgIIBlueWide_293.8688m61.7816.fits
QSO_sim_z2.8634_DLABlue_82.2863m6.9618.fits
QSO_sim_z2.8634_DLABlue_82.2863m6.9618.fits
QSO_sim_z2.8295_MgIIBlueDeep_167.7634p3.7796.fits
QSO_sim_z2.8295_MgIIBlueDeep_167.7634p3.7796.fits
QSO_sim_z0.7228_MgIIBlueWide_176.0958m12.8526.fits
QSO_sim_z0.7228_MgIIBlueWide_176.0958m12.8526.fits
QSO_sim_z1.9_MgIIGreen_34.2554m68.2552.fits
QSO_sim_z1.9_MgIIGreen_34.2554m68.2552.fits
QSO_sim_z0.7_MgIIBlueWide_25.1187m47.0072.fits
QSO_sim_z0.7_MgIIBlueWide_25.1187m47.0072.fits
QSO_sim_z0.9846_MgIIBlueWide_37.7818m5.2119.fits
QSO_sim_z0.9846_MgIIBlueWide_37.7818m5.2119.fits
QSO_sim_z0.9_MgIIBlueWide_277.5648m68.1965.fits
QSO_sim_z0.9_MgIIBlueWide_277.5648m68.1965.fits
QSO_sim_z0.9709_MgIIBlueWide_62.6381m10.9595.fits
QSO_sim_z0.9709_MgIIBlueWide_62.6381m10.9595.fits
QSO_sim_z1.3122_MgIIBlueDeep_214.068p3.8144.fits
QSO_sim_z1.3122_MgIIBlueDeep_214.068p3.8144.fits
QSO_sim_z0.85_MgIIBlueWide_278.8709m68.0329.fits
QSO_sim_z0.85_MgIIBlueWide_278.8709m68.0329.fits
QSO_sim_z1.8896_MgIIBlueDeep_340.6618m29.4504.fits
QSO_sim_z1.8896_MgIIBlueDeep_340.6618m29.4504.fits
QSO_sim_z2.8372_DLABlue_123.055m6.2039.fits
QSO_sim_z2.8372_DLABlue_123.055m6.2039.fits
QSO_sim_z0.6_MgIIBlueWide_159.5192m20.3385.fits
QSO_sim_z0.6_MgIIBlueWide_159.5192m20.3385.fits
QSO_sim_z0.615_MgIIBlueWide_64.4357m10.9617.fits
QSO_sim_z0.615_MgIIBlueWide_64.4357m10.9617.fits
QSO_sim_z2.4478_MgIIBlueDeep_165.6169m3.3146.fits
QSO_sim_z2.4478_MgIIBlueDeep_165.6169m3.3146.fits
QSO_sim_z0.6642_MgIIBlueWide_9.4255m48.5461.fits
QSO_sim_z0.6642_MgIIBlueWide_9.4255m48.5461.fits
QSO_sim_z2.5895_DLABlue_159.2802m33.1334.fits
QSO_sim_z2.5895_DLABlue_159.2802m33.1334.fits
QSO_sim_z0.8152_MgIIBlueWide_11.3375m47.9912.fits
QSO_sim_z0.8152_MgIIBlueWide_11.3375m47.9912.fits
QSO_sim_z2.1947_MgIIBlueDeep_214.8689p0.5551.fits
QSO_sim_z2.1947_MgIIBlueDeep_214.8689p0.5551.fits
QSO_sim_z0.7483_MgIIBlueDeep_220.9516m0.3539.fits
QSO_sim_z0.7483_MgIIBlueDeep_220.9516m0.3539.fits
QSO_sim_z0.739_MgIIBlueWide_236.7717m27.712.fits
QSO_sim_z0.739_MgIIBlueWide_236.7717m27.712.fits
QSO_sim_z0.6_MgIIBlueWide_319.8177m58.1168.fits
QSO_sim_z0.6_MgIIBlueWide_319.8177m58.1168.fits
QSO_sim_z0.688_MgIIBlueDeep_184.1628p2.5756.fits
QSO_sim_z0.688_MgIIBlueDeep_184.1628p2.5756.fits
QSO_sim_z0.6896_MgIIBlueWide_51.6063m14.1565.fits
QSO_sim_z0.6896_MgIIBlueWide_51.6063m14.1565.fits
QSO_sim_z1.6_MgIIBlueDeep_184.7798p1.2774.fits
QSO_sim_z1.6_MgIIBlueDeep_184.7798p1.2774.fits
QSO_sim_z1.25_MgIIGreen_74.416m77.8734.fits
QSO_sim_z1.25_MgIIGreen_74.416m77.8734.fits
QSO_sim_z0.95_MgIIBlueWide_156.5003m21.7922.fits
QSO_sim_z0.95_MgIIBlueWide_156.5003m21.7922.fits
QSO_sim_z2.1_MgIIBlueDeep_214.5763p0.8005.fits
QSO_sim_z2.1_MgIIBlueDeep_214.5763p0.8005.fits
QSO_sim_z1.45_MgIIGreen_74.3941m76.7084.fits
QSO_sim_z1.45_MgIIGreen_74.3941m76.7084.fits
QSO_sim_z1.0396_MgIIBlueWide_64.409m8.8636.fits
QSO_sim_z1.0396_MgIIBlueWide_64.409m8.8636.fits
QSO_sim_z0.9983_MgIIBlueWide_7.2004m15.3445.fits
QSO_sim_z0.9983_MgIIBlueWide_7.2004m15.3445.fits
QSO_sim_z0.65_MgIIBlueWide_157.8953m29.4171.fits
QSO_sim_z0.65_MgIIBlueWide_157.8953m29.4171.fits
QSO_sim_z1.5167_MgIIBlueDeep_158.4679m3.3972.fits
QSO_sim_z1.5167_MgIIBlueDeep_158.4679m3.3972.fits
QSO_sim_z0.75_MgIIBlueWide_48.9632m63.478.fits
QSO_sim_z0.75_MgIIBlueWide_48.9632m63.478.fits
QSO_sim_z1.0078_MgIIBlueWide_38.8322m11.1939.fits
QSO_sim_z1.0078_MgIIBlueWide_38.8322m11.1939.fits
QSO_sim_z0.7_MgIIBlueWide_29.558m53.0964.fits
QSO_sim_z0.7_MgIIBlueWide_29.558m53.0964.fits
QSO_sim_z1.4_MgIIGreen_30.9149m67.2463.fits
QSO_sim_z1.4_MgIIGreen_30.9149m67.2463.fits
QSO_sim_z0.9454_MgIIBlueWide_52.6876m13.7731.fits
QSO_sim_z0.9454_MgIIBlueWide_52.6876m13.7731.fits
QSO_sim_z2.95_DLABlue_185.2931m35.2683.fits
QSO_sim_z2.95_DLABlue_185.2931m35.2683.fits
QSO_sim_z1.15_MgIIBlueDeep_186.8374p2.235.fits
QSO_sim_z1.15_MgIIBlueDeep_186.8374p2.235.fits
QSO_sim_z1.9_MgIIGreen_32.0077m69.1646.fits
QSO_sim_z1.9_MgIIGreen_32.0077m69.1646.fits
QSO_sim_z1.466_MgIIGreen_65.8676m68.3695.fits
QSO_sim_z1.466_MgIIGreen_65.8676m68.3695.fits
QSO_sim_z1.5521_MgIIBlueDeep_214.9646p2.6048.fits
QSO_sim_z1.5521_MgIIBlueDeep_214.9646p2.6048.fits
QSO_sim_z1.6357_MgIIBlueDeep_339.6718m29.0128.fits
QSO_sim_z1.6357_MgIIBlueDeep_339.6718m29.0128.fits
QSO_sim_z1.2052_MgIIBlueDeep_44.0075m32.9969.fits
QSO_sim_z1.2052_MgIIBlueDeep_44.0075m32.9969.fits
QSO_sim_z0.95_MgIIBlueWide_319.8879m60.2557.fits
QSO_sim_z0.95_MgIIBlueWide_319.8879m60.2557.fits
QSO_sim_z1.05_MgIIGreen_31.0637m65.7956.fits
QSO_sim_z1.05_MgIIGreen_31.0637m65.7956.fits
QSO_sim_z1.4797_MgIIBlueDeep_207.8621m1.6319.fits
QSO_sim_z1.4797_MgIIBlueDeep_207.8621m1.6319.fits
QSO_sim_z0.9_MgIIBlueWide_281.3032m54.9456.fits
QSO_sim_z0.9_MgIIBlueWide_281.3032m54.9456.fits
QSO_sim_z0.9659_MgIIBlueWide_314.4552m65.8312.fits
QSO_sim_z0.9659_MgIIBlueWide_314.4552m65.8312.fits
QSO_sim_z1.1_MgIIBlueDeep_165.3031m2.9264.fits
QSO_sim_z1.1_MgIIBlueDeep_165.3031m2.9264.fits
QSO_sim_z2.7_DLABlue_186.1897m35.6414.fits
QSO_sim_z2.7_DLABlue_186.1897m35.6414.fits
QSO_sim_z0.9958_MgIIBlueWide_4.9009m47.2895.fits
QSO_sim_z0.9958_MgIIBlueWide_4.9009m47.2895.fits
QSO_sim_z0.8962_MgIIBlueWide_8.3421m12.4108.fits
QSO_sim_z0.8962_MgIIBlueWide_8.3421m12.4108.fits
QSO_sim_z1.6709_MgIIBlueDeep_159.823m1.5048.fits
QSO_sim_z1.6709_MgIIBlueDeep_159.823m1.5048.fits
QSO_sim_z3.85_LLSBlue_174.5752m18.806.fits
QSO_sim_z3.85_LLSBlue_174.5752m18.806.fits
QSO_sim_z0.5539_MgIIBlueWide_59.3952m9.4165.fits
QSO_sim_z0.5539_MgIIBlueWide_59.3952m9.4165.fits
QSO_sim_z0.7_MgIIBlueWide_28.9365m59.1701.fits
QSO_sim_z0.7_MgIIBlueWide_28.9365m59.1701.fits
QSO_sim_z2.75_DLABlue_71.5538m36.8116.fits
QSO_sim_z2.75_DLABlue_71.5538m36.8116.fits
QSO_sim_z1.2_MgIIGreen_111.372m77.433.fits
QSO_sim_z1.2_MgIIGreen_111.372m77.433.fits
QSO_sim_z0.9918_MgIIBlueWide_8.4763m4.7849.fits
QSO_sim_z0.9918_MgIIBlueWide_8.4763m4.7849.fits
QSO_sim_z4.1_LLSBlue_172.2233m38.2789.fits
QSO_sim_z4.1_LLSBlue_172.2233m38.2789.fits
QSO_sim_z0.7_MgIIBlueWide_283.0978m57.7262.fits
QSO_sim_z0.7_MgIIBlueWide_283.0978m57.7262.fits
QSO_sim_z1.0189_MgIIBlueWide_236.9142m8.7855.fits
QSO_sim_z1.0189_MgIIBlueWide_236.9142m8.7855.fits
QSO_sim_z0.7_MgIIBlueWide_156.9756m29.62.fits
QSO_sim_z0.7_MgIIBlueWide_156.9756m29.62.fits
QSO_sim_z2.95_DLABlue_351.4195m37.7583.fits
QSO_sim_z2.95_DLABlue_351.4195m37.7583.fits
QSO_sim_z1.5_MgIIGreen_111.6388m75.5042.fits
QSO_sim_z1.5_MgIIGreen_111.6388m75.5042.fits
QSO_sim_z1.0208_MgIIBlueWide_173.4434m9.9729.fits
QSO_sim_z1.0208_MgIIBlueWide_173.4434m9.9729.fits
QSO_sim_z1.3076_MgIIBlueDeep_208.7981m0.8942.fits
QSO_sim_z1.3076_MgIIBlueDeep_208.7981m0.8942.fits
QSO_sim_z0.9_MgIIBlueWide_28.2577m60.3257.fits
QSO_sim_z0.9_MgIIBlueWide_28.2577m60.3257.fits
QSO_sim_z0.818_MgIIBlueWide_7.6608m45.7489.fits
QSO_sim_z0.818_MgIIBlueWide_7.6608m45.7489.fits
QSO_sim_z0.9897_MgIIBlueWide_31.7295m2.2022.fits
QSO_sim_z0.9897_MgIIBlueWide_31.7295m2.2022.fits
QSO_sim_z0.768_MgIIBlueWide_11.2426m41.9575.fits
QSO_sim_z0.768_MgIIBlueWide_11.2426m41.9575.fits
QSO_sim_z0.95_MgIIBlueWide_280.6554m58.5671.fits
QSO_sim_z0.95_MgIIBlueWide_280.6554m58.5671.fits
QSO_sim_z1.0226_MgIIBlueWide_238.9444m5.6338.fits
QSO_sim_z1.0226_MgIIBlueWide_238.9444m5.6338.fits
QSO_sim_z2.7_DLABlue_246.5965p0.6039.fits
QSO_sim_z2.7_DLABlue_246.5965p0.6039.fits
QSO_sim_z2.2_MgIIGreen_111.7658m75.5063.fits
QSO_sim_z2.2_MgIIGreen_111.7658m75.5063.fits
QSO_sim_z2.3153_MgIIGreen_70.0726m65.2803.fits
QSO_sim_z2.3153_MgIIGreen_70.0726m65.2803.fits
QSO_sim_z0.759_MgIIBlueWide_317.6614m5.6892.fits
QSO_sim_z0.759_MgIIBlueWide_317.6614m5.6892.fits
QSO_sim_z0.5681_MgIIBlueWide_15.8374m42.9124.fits
QSO_sim_z0.5681_MgIIBlueWide_15.8374m42.9124.fits
QSO_sim_z1.6977_MgIIBlueDeep_186.8424p0.1581.fits
QSO_sim_z1.6977_MgIIBlueDeep_186.8424p0.1581.fits
QSO_sim_z1.5092_MgIIGreen_43.7718m62.4483.fits
QSO_sim_z1.5092_MgIIGreen_43.7718m62.4483.fits
QSO_sim_z0.9911_MgIIBlueWide_61.3564m8.0495.fits
QSO_sim_z0.9911_MgIIBlueWide_61.3564m8.0495.fits
QSO_sim_z1.0207_MgIIBlueWide_18.0209m44.6102.fits
QSO_sim_z1.0207_MgIIBlueWide_18.0209m44.6102.fits
QSO_sim_z0.7068_MgIIBlueWide_157.1841p4.9894.fits
QSO_sim_z0.7068_MgIIBlueWide_157.1841p4.9894.fits
QSO_sim_z0.9772_MgIIBlueWide_315.0966m59.3537.fits
QSO_sim_z0.9772_MgIIBlueWide_315.0966m59.3537.fits
QSO_sim_z0.7565_MgIIBlueWide_63.7685m7.3377.fits
QSO_sim_z0.7565_MgIIBlueWide_63.7685m7.3377.fits
QSO_sim_z1.0_MgIIBlueWide_29.7966p0.116.fits
QSO_sim_z1.0_MgIIBlueWide_29.7966p0.116.fits
QSO_sim_z3.1_DLABlue_256.5835m75.0994.fits
QSO_sim_z3.1_DLABlue_256.5835m75.0994.fits
QSO_sim_z0.7393_MgIIBlueWide_63.2748m6.6025.fits
QSO_sim_z0.7393_MgIIBlueWide_63.2748m6.6025.fits
QSO_sim_z2.9_DLABlue_96.9636m40.1017.fits
QSO_sim_z2.9_DLABlue_96.9636m40.1017.fits
QSO_sim_z0.8097_MgIIBlueWide_63.4415m6.2746.fits
QSO_sim_z0.8097_MgIIBlueWide_63.4415m6.2746.fits
QSO_sim_z0.3_MgIIBlueWide_46.9019m67.3138.fits
QSO_sim_z0.3_MgIIBlueWide_46.9019m67.3138.fits
QSO_sim_z3.25_DLABlue_72.9001p0.1903.fits
QSO_sim_z3.25_DLABlue_72.9001p0.1903.fits
QSO_sim_z1.65_MgIIBlueDeep_198.3144m0.1461.fits
QSO_sim_z1.65_MgIIBlueDeep_198.3144m0.1461.fits
QSO_sim_z1.4438_MgIIBlueDeep_198.3649m0.2892.fits
QSO_sim_z1.4438_MgIIBlueDeep_198.3649m0.2892.fits
QSO_sim_z1.0061_MgIIBlueWide_61.897m7.0776.fits
QSO_sim_z1.0061_MgIIBlueWide_61.897m7.0776.fits
QSO_sim_z0.8381_MgIIBlueWide_53.9315m15.3206.fits
QSO_sim_z0.8381_MgIIBlueWide_53.9315m15.3206.fits
QSO_sim_z0.95_MgIIBlueWide_324.2717m3.7061.fits
QSO_sim_z0.95_MgIIBlueWide_324.2717m3.7061.fits
QSO_sim_z3.15_DLABlue_277.5101m64.7175.fits
QSO_sim_z3.15_DLABlue_277.5101m64.7175.fits
QSO_sim_z1.0703_MgIIBlueDeep_210.0867p2.5012.fits
QSO_sim_z1.0703_MgIIBlueDeep_210.0867p2.5012.fits
QSO_sim_z1.6887_MgIIBlueDeep_220.4506m2.535.fits
QSO_sim_z1.6887_MgIIBlueDeep_220.4506m2.535.fits
QSO_sim_z2.8169_DLABlue_351.8588m45.1636.fits
QSO_sim_z2.8169_DLABlue_351.8588m45.1636.fits
QSO_sim_z0.85_MgIIBlueWide_53.2709m19.1541.fits
QSO_sim_z0.85_MgIIBlueWide_53.2709m19.1541.fits
QSO_sim_z0.909_MgIIBlueWide_237.2612m1.0397.fits
QSO_sim_z0.909_MgIIBlueWide_237.2612m1.0397.fits
QSO_sim_z2.1_MgIIGreen_116.9591m68.6741.fits
QSO_sim_z2.1_MgIIGreen_116.9591m68.6741.fits
QSO_sim_z1.0314_MgIIBlueWide_134.2489m11.2428.fits
QSO_sim_z1.0314_MgIIBlueWide_134.2489m11.2428.fits
QSO_sim_z0.7235_MgIIBlueWide_44.0792m0.7504.fits
QSO_sim_z0.7235_MgIIBlueWide_44.0792m0.7504.fits
QSO_sim_z2.1936_MgIIBlueDeep_211.2928m1.5393.fits
QSO_sim_z2.1936_MgIIBlueDeep_211.2928m1.5393.fits
QSO_sim_z2.9_DLABlue_17.8028m47.9437.fits
QSO_sim_z2.9_DLABlue_17.8028m47.9437.fits
QSO_sim_z0.85_MgIIBlueDeep_165.8009m1.818.fits
QSO_sim_z0.85_MgIIBlueDeep_165.8009m1.818.fits
QSO_sim_z2.6_MgIIBlueDeep_210.7361p3.8186.fits
QSO_sim_z2.6_MgIIBlueDeep_210.7361p3.8186.fits
QSO_sim_z0.15_MgIIBlueWide_105.1461m71.3471.fits
QSO_sim_z0.15_MgIIBlueWide_105.1461m71.3471.fits
QSO_sim_z0.7_MgIIBlueWide_51.8379m22.0499.fits
QSO_sim_z0.7_MgIIBlueWide_51.8379m22.0499.fits
QSO_sim_z1.1_MgIIGreen_73.562m75.1976.fits
QSO_sim_z1.1_MgIIGreen_73.562m75.1976.fits
QSO_sim_z2.25_MgIIGreen_33.9497m78.6856.fits
QSO_sim_z2.25_MgIIGreen_33.9497m78.6856.fits
QSO_sim_z1.743_MgIIGreen_59.0067m71.3177.fits
QSO_sim_z1.743_MgIIGreen_59.0067m71.3177.fits
QSO_sim_z0.6098_MgIIBlueWide_6.791m5.0469.fits
QSO_sim_z0.6098_MgIIBlueWide_6.791m5.0469.fits
QSO_sim_z0.6647_MgIIBlueWide_70.8612m5.2498.fits
QSO_sim_z0.6647_MgIIBlueWide_70.8612m5.2498.fits
QSO_sim_z2.65_DLABlue_100.8544m49.1271.fits
QSO_sim_z2.65_DLABlue_100.8544m49.1271.fits
QSO_sim_z2.6294_DLABlue_15.7559p3.3272.fits
QSO_sim_z2.6294_DLABlue_15.7559p3.3272.fits
QSO_sim_z2.9551_DLABlue_60.8112m8.0378.fits
QSO_sim_z2.9551_DLABlue_60.8112m8.0378.fits
QSO_sim_z1.0344_MgIIBlueWide_324.3309m8.1784.fits
QSO_sim_z1.0344_MgIIBlueWide_324.3309m8.1784.fits
QSO_sim_z2.7_DLABlue_356.6596m8.8352.fits
QSO_sim_z2.7_DLABlue_356.6596m8.8352.fits
QSO_sim_z0.8982_MgIIBlueWide_44.4648m6.672.fits
QSO_sim_z0.8982_MgIIBlueWide_44.4648m6.672.fits
QSO_sim_z1.15_MgIIBlueDeep_165.9597m3.1688.fits
QSO_sim_z1.15_MgIIBlueDeep_165.9597m3.1688.fits
QSO_sim_z2.95_DLABlue_6.5159m69.36.fits
QSO_sim_z2.95_DLABlue_6.5159m69.36.fits
QSO_sim_z1.39_MgIIBlueDeep_220.5707m0.0072.fits
QSO_sim_z1.39_MgIIBlueDeep_220.5707m0.0072.fits
QSO_sim_z0.852_MgIIBlueWide_9.9239m65.1942.fits
QSO_sim_z0.852_MgIIBlueWide_9.9239m65.1942.fits
QSO_sim_z1.15_MgIIBlueDeep_209.2839m3.056.fits
QSO_sim_z1.15_MgIIBlueDeep_209.2839m3.056.fits
QSO_sim_z0.8098_MgIIBlueWide_38.102p0.6434.fits
QSO_sim_z0.8098_MgIIBlueWide_38.102p0.6434.fits
QSO_sim_z1.2044_MgIIGreen_27.0868m6.3887.fits
QSO_sim_z1.2044_MgIIGreen_27.0868m6.3887.fits
QSO_sim_z2.9891_DLABlue_67.8128m5.8916.fits
QSO_sim_z2.9891_DLABlue_67.8128m5.8916.fits
QSO_sim_z1.9_MgIIGreen_15.5961m48.458.fits
QSO_sim_z1.9_MgIIGreen_15.5961m48.458.fits
QSO_sim_z0.7538_MgIIBlueWide_35.2499m0.1552.fits
QSO_sim_z0.7538_MgIIBlueWide_35.2499m0.1552.fits
QSO_sim_z1.8_MgIIGreen_37.3464m66.2441.fits
QSO_sim_z1.8_MgIIGreen_37.3464m66.2441.fits
QSO_sim_z0.9116_MgIIBlueWide_48.1484m5.7399.fits
QSO_sim_z0.9116_MgIIBlueWide_48.1484m5.7399.fits
QSO_sim_z3.0074_DLABlue_126.0893m0.3368.fits
QSO_sim_z3.0074_DLABlue_126.0893m0.3368.fits
QSO_sim_z0.8068_MgIIBlueWide_203.1678m16.5024.fits
QSO_sim_z0.8068_MgIIBlueWide_203.1678m16.5024.fits
QSO_sim_z0.75_MgIIBlueWide_7.7632m8.5577.fits
QSO_sim_z0.75_MgIIBlueWide_7.7632m8.5577.fits
QSO_sim_z0.8766_MgIIBlueDeep_163.822p2.0958.fits
QSO_sim_z0.8766_MgIIBlueDeep_163.822p2.0958.fits
QSO_sim_z4.75_LLSBlue_312.8771m22.2193.fits
QSO_sim_z4.75_LLSBlue_312.8771m22.2193.fits
QSO_sim_z1.3764_MgIIBlueDeep_186.6794p1.4807.fits
QSO_sim_z1.3764_MgIIBlueDeep_186.6794p1.4807.fits
QSO_sim_z2.9225_DLABlue_70.4705m2.565.fits
QSO_sim_z2.9225_DLABlue_70.4705m2.565.fits
QSO_sim_z2.8667_DLABlue_65.0826m5.246.fits
QSO_sim_z2.8667_DLABlue_65.0826m5.246.fits
QSO_sim_z0.9978_MgIIBlueWide_46.7696m4.7471.fits
QSO_sim_z0.9978_MgIIBlueWide_46.7696m4.7471.fits
QSO_sim_z1.5042_MgIIGreen_43.1797m4.9654.fits
QSO_sim_z1.5042_MgIIGreen_43.1797m4.9654.fits
QSO_sim_z2.15_MgIIGreen_116.5162m71.9879.fits
QSO_sim_z2.15_MgIIGreen_116.5162m71.9879.fits
QSO_sim_z2.8404_DLABlue_66.2938m3.7371.fits
QSO_sim_z2.8404_DLABlue_66.2938m3.7371.fits
QSO_sim_z3.1961_DLABlue_101.6673m30.0172.fits
QSO_sim_z3.1961_DLABlue_101.6673m30.0172.fits
QSO_sim_z2.8134_DLABlue_329.1485m48.0459.fits
QSO_sim_z2.8134_DLABlue_329.1485m48.0459.fits
QSO_sim_z2.2079_MgIIBlueDeep_220.1603m3.8671.fits
QSO_sim_z2.2079_MgIIBlueDeep_220.1603m3.8671.fits
QSO_sim_z3.1929_DLABlue_72.1007m34.4187.fits
QSO_sim_z3.1929_DLABlue_72.1007m34.4187.fits
QSO_sim_z2.1153_MgIIBlueDeep_347.2736m27.2007.fits
QSO_sim_z2.1153_MgIIBlueDeep_347.2736m27.2007.fits
QSO_sim_z0.7156_MgIIBlueWide_303.2235m54.0099.fits
QSO_sim_z0.7156_MgIIBlueWide_303.2235m54.0099.fits
QSO_sim_z1.65_MgIIBlueDeep_355.4063m33.06.fits
QSO_sim_z1.65_MgIIBlueDeep_355.4063m33.06.fits
QSO_sim_z2.2518_MgIIGreen_98.4296m59.2109.fits
QSO_sim_z2.2518_MgIIGreen_98.4296m59.2109.fits
QSO_sim_z2.15_MgIIGreen_16.5363m49.1284.fits
QSO_sim_z2.15_MgIIGreen_16.5363m49.1284.fits
QSO_sim_z3.512_DLABlue_73.6799m33.069.fits
QSO_sim_z3.512_DLABlue_73.6799m33.069.fits
QSO_sim_z2.7085_MgIIBlueDeep_210.5633p0.7309.fits
QSO_sim_z2.7085_MgIIBlueDeep_210.5633p0.7309.fits
QSO_sim_z2.3256_MgIIBlueDeep_164.8413p3.9205.fits
QSO_sim_z2.3256_MgIIBlueDeep_164.8413p3.9205.fits
QSO_sim_z2.9_DLABlue_285.1565m67.575.fits
QSO_sim_z2.9_DLABlue_285.1565m67.575.fits
QSO_sim_z0.5517_MgIIBlueWide_16.764m62.7968.fits
QSO_sim_z0.5517_MgIIBlueWide_16.764m62.7968.fits
QSO_sim_z0.8_MgIIBlueWide_163.8187m17.6901.fits
QSO_sim_z0.8_MgIIBlueWide_163.8187m17.6901.fits
QSO_sim_z0.7293_MgIIBlueWide_231.9014m0.1688.fits
QSO_sim_z0.7293_MgIIBlueWide_231.9014m0.1688.fits
QSO_sim_z2.7809_DLABlue_131.4113m25.2474.fits
QSO_sim_z2.7809_DLABlue_131.4113m25.2474.fits
QSO_sim_z1.3_MgIIGreen_1.1336m51.2828.fits
QSO_sim_z1.3_MgIIGreen_1.1336m51.2828.fits
QSO_sim_z1.26_MgIIGreen_54.5981p0.5599.fits
QSO_sim_z1.26_MgIIGreen_54.5981p0.5599.fits
QSO_sim_z0.6_MgIIBlueDeep_166.777m1.032.fits
QSO_sim_z0.6_MgIIBlueDeep_166.777m1.032.fits
QSO_sim_z2.8493_DLABlue_68.6534m30.4207.fits
QSO_sim_z2.8493_DLABlue_68.6534m30.4207.fits
QSO_sim_z2.6_DLABlue_290.2994m43.9976.fits
QSO_sim_z2.6_DLABlue_290.2994m43.9976.fits
QSO_sim_z0.7322_MgIIBlueWide_42.9878m5.1701.fits
QSO_sim_z0.7322_MgIIBlueWide_42.9878m5.1701.fits
QSO_sim_z1.5_MgIIGreen_75.0263m59.5678.fits
QSO_sim_z1.5_MgIIGreen_75.0263m59.5678.fits
QSO_sim_z2.5755_MgIIGreen_44.4683m8.8647.fits
QSO_sim_z2.5755_MgIIGreen_44.4683m8.8647.fits
QSO_sim_z0.9973_MgIIBlueDeep_220.6175m2.1656.fits
QSO_sim_z0.9973_MgIIBlueDeep_220.6175m2.1656.fits
QSO_sim_z2.1_MgIIBlueDeep_209.7363m1.6242.fits
QSO_sim_z2.1_MgIIBlueDeep_209.7363m1.6242.fits
QSO_sim_z2.4821_MgIIBlueDeep_220.6891m2.1345.fits
QSO_sim_z2.4821_MgIIBlueDeep_220.6891m2.1345.fits
QSO_sim_z1.6576_MgIIGreen_28.8205m8.378.fits
QSO_sim_z1.6576_MgIIGreen_28.8205m8.378.fits
QSO_sim_z0.6_MgIIBlueWide_163.9965m15.1558.fits
QSO_sim_z0.6_MgIIBlueWide_163.9965m15.1558.fits
QSO_sim_z0.761_MgIIBlueWide_23.7914m65.9731.fits
QSO_sim_z0.761_MgIIBlueWide_23.7914m65.9731.fits
QSO_sim_z1.8424_MgIIBlueDeep_210.7013p1.6883.fits
QSO_sim_z1.8424_MgIIBlueDeep_210.7013p1.6883.fits
QSO_sim_z3.0939_DLABlue_359.7467m38.7915.fits
QSO_sim_z3.0939_DLABlue_359.7467m38.7915.fits
QSO_sim_z1.6_MgIIGreen_2.232m56.2336.fits
QSO_sim_z1.6_MgIIGreen_2.232m56.2336.fits
QSO_sim_z2.45_MgIIGreen_37.3522m72.8523.fits
QSO_sim_z2.45_MgIIGreen_37.3522m72.8523.fits
QSO_sim_z2.2_MgIIBlueDeep_356.8573m32.6493.fits
QSO_sim_z2.2_MgIIBlueDeep_356.8573m32.6493.fits
QSO_sim_z1.8305_MgIIGreen_28.5647m7.1112.fits
QSO_sim_z1.8305_MgIIGreen_28.5647m7.1112.fits
QSO_sim_z3.0531_DLABlue_60.3038m5.0566.fits
QSO_sim_z3.0531_DLABlue_60.3038m5.0566.fits
QSO_sim_z1.5_MgIIGreen_47.3789m37.0284.fits
QSO_sim_z1.5_MgIIGreen_47.3789m37.0284.fits
QSO_sim_z1.2176_MgIIBlueDeep_209.4081m0.6401.fits
QSO_sim_z1.2176_MgIIBlueDeep_209.4081m0.6401.fits
QSO_sim_z1.1_MgIIGreen_3.1736m57.0416.fits
QSO_sim_z1.1_MgIIGreen_3.1736m57.0416.fits
QSO_sim_z0.7097_MgIIBlueWide_203.8178m12.9775.fits
QSO_sim_z0.7097_MgIIBlueWide_203.8178m12.9775.fits
QSO_sim_z3.1861_MgIIBlueDeep_220.3651m0.9344.fits
QSO_sim_z3.1861_MgIIBlueDeep_220.3651m0.9344.fits
QSO_sim_z2.6019_DLABlue_62.6752m30.6594.fits
QSO_sim_z2.6019_DLABlue_62.6752m30.6594.fits
QSO_sim_z0.8559_MgIIBlueWide_34.7572m9.6961.fits
QSO_sim_z0.8559_MgIIBlueWide_34.7572m9.6961.fits
QSO_sim_z1.55_MgIIBlueDeep_220.873m0.0658.fits
QSO_sim_z1.55_MgIIBlueDeep_220.873m0.0658.fits
QSO_sim_z2.3271_MgIIBlueDeep_159.7426p2.8944.fits
QSO_sim_z2.3271_MgIIBlueDeep_159.7426p2.8944.fits
QSO_sim_z3.6009_DLABlue_320.3661m37.8464.fits
QSO_sim_z3.6009_DLABlue_320.3661m37.8464.fits
QSO_sim_z2.25_MgIIGreen_118.4015m71.026.fits
QSO_sim_z2.25_MgIIGreen_118.4015m71.026.fits
QSO_sim_z1.4_MgIIGreen_48.4615m42.6776.fits
QSO_sim_z1.4_MgIIGreen_48.4615m42.6776.fits
QSO_sim_z1.6056_MgIIBlueDeep_220.818m3.5846.fits
QSO_sim_z1.6056_MgIIBlueDeep_220.818m3.5846.fits
QSO_sim_z0.716_MgIIBlueWide_199.8665m12.0298.fits
QSO_sim_z0.716_MgIIBlueWide_199.8665m12.0298.fits
QSO_sim_z0.9145_MgIIBlueWide_30.8928m9.8909.fits
QSO_sim_z0.9145_MgIIBlueWide_30.8928m9.8909.fits
QSO_sim_z1.7024_MgIIBlueDeep_209.1787m1.623.fits
QSO_sim_z1.7024_MgIIBlueDeep_209.1787m1.623.fits
QSO_sim_z1.6969_MgIIGreen_56.6275m2.8739.fits
QSO_sim_z1.6969_MgIIGreen_56.6275m2.8739.fits
QSO_sim_z2.0726_MgIIBlueDeep_208.3489p0.1086.fits
QSO_sim_z2.0726_MgIIBlueDeep_208.3489p0.1086.fits
QSO_sim_z0.8_MgIIBlueWide_162.4691m19.5076.fits
QSO_sim_z0.8_MgIIBlueWide_162.4691m19.5076.fits
QSO_sim_z1.3203_MgIIGreen_82.0726m57.8997.fits
QSO_sim_z1.3203_MgIIGreen_82.0726m57.8997.fits
QSO_sim_z0.7079_MgIIBlueWide_31.6539m9.157.fits
QSO_sim_z0.7079_MgIIBlueWide_31.6539m9.157.fits
QSO_sim_z2.9867_DLABlue_61.7065m26.3944.fits
QSO_sim_z2.9867_DLABlue_61.7065m26.3944.fits
QSO_sim_z2.5_MgIIGreen_48.1699m40.6123.fits
QSO_sim_z2.5_MgIIGreen_48.1699m40.6123.fits
QSO_sim_z1.1225_MgIIBlueDeep_220.7975m1.1137.fits
QSO_sim_z1.1225_MgIIBlueDeep_220.7975m1.1137.fits
QSO_sim_z0.8_MgIIBlueWide_110.8062m68.308.fits
QSO_sim_z0.8_MgIIBlueWide_110.8062m68.308.fits
QSO_sim_z1.6_MgIIGreen_15.1825m52.2703.fits
QSO_sim_z1.6_MgIIGreen_15.1825m52.2703.fits
QSO_sim_z0.844_MgIIBlueWide_73.9004m2.8023.fits
QSO_sim_z0.844_MgIIBlueWide_73.9004m2.8023.fits
QSO_sim_z1.3801_MgIIGreen_61.1641m18.2117.fits
QSO_sim_z1.3801_MgIIGreen_61.1641m18.2117.fits
QSO_sim_z0.7592_MgIIBlueWide_27.5423p0.4854.fits
QSO_sim_z0.7592_MgIIBlueWide_27.5423p0.4854.fits
QSO_sim_z3.05_DLABlue_197.0985m33.164.fits
QSO_sim_z3.05_DLABlue_197.0985m33.164.fits
QSO_sim_z2.8125_DLABlue_359.2877m20.5486.fits
QSO_sim_z2.8125_DLABlue_359.2877m20.5486.fits
QSO_sim_z0.9135_MgIIBlueWide_31.8752m9.0109.fits
QSO_sim_z0.9135_MgIIBlueWide_31.8752m9.0109.fits
QSO_sim_z1.95_MgIIGreen_35.5321m71.0688.fits
QSO_sim_z1.95_MgIIGreen_35.5321m71.0688.fits
QSO_sim_z2.7201_DLABlue_70.2194m23.9525.fits
QSO_sim_z2.7201_DLABlue_70.2194m23.9525.fits
QSO_sim_z1.231_MgIIGreen_105.1585m57.7932.fits
QSO_sim_z1.231_MgIIGreen_105.1585m57.7932.fits
QSO_sim_z1.5_MgIIGreen_61.5053m19.8091.fits
QSO_sim_z1.5_MgIIGreen_61.5053m19.8091.fits
QSO_sim_z2.1589_MgIIGreen_105.2267m57.5165.fits
QSO_sim_z2.1589_MgIIGreen_105.2267m57.5165.fits
QSO_sim_z1.3041_MgIIBlueDeep_179.6613p1.1062.fits
QSO_sim_z1.3041_MgIIBlueDeep_179.6613p1.1062.fits
QSO_sim_z0.847_MgIIBlueWide_40.872m65.0263.fits
QSO_sim_z0.847_MgIIBlueWide_40.872m65.0263.fits
QSO_sim_z3.1413_DLABlue_65.2877p0.5701.fits
QSO_sim_z3.1413_DLABlue_65.2877p0.5701.fits
QSO_sim_z1.1_MgIIGreen_10.6743m22.7457.fits
QSO_sim_z1.1_MgIIGreen_10.6743m22.7457.fits
QSO_sim_z2.0_MgIIGreen_118.7737m75.7115.fits
QSO_sim_z2.0_MgIIGreen_118.7737m75.7115.fits
QSO_sim_z2.75_DLABlue_298.7255m61.8019.fits
QSO_sim_z2.75_DLABlue_298.7255m61.8019.fits
QSO_sim_z0.8227_MgIIBlueWide_5.2346m12.5194.fits
QSO_sim_z0.8227_MgIIBlueWide_5.2346m12.5194.fits
QSO_sim_z1.75_MgIIGreen_45.1109m42.8054.fits
QSO_sim_z1.75_MgIIGreen_45.1109m42.8054.fits
QSO_sim_z1.25_MgIIGreen_119.6149m79.1873.fits
QSO_sim_z1.25_MgIIGreen_119.6149m79.1873.fits
QSO_sim_z0.8959_MgIIBlueWide_211.5154m9.7521.fits
QSO_sim_z0.8959_MgIIBlueWide_211.5154m9.7521.fits
QSO_sim_z2.05_MgIIGreen_78.022m59.4216.fits
QSO_sim_z2.05_MgIIGreen_78.022m59.4216.fits
QSO_sim_z3.2459_MgIIBlueDeep_180.0907m2.7253.fits
QSO_sim_z3.2459_MgIIBlueDeep_180.0907m2.7253.fits
QSO_sim_z1.3_MgIIGreen_16.1623m54.6298.fits
QSO_sim_z1.3_MgIIGreen_16.1623m54.6298.fits
QSO_sim_z1.0449_MgIIGreen_40.2631m6.8172.fits
QSO_sim_z1.0449_MgIIGreen_40.2631m6.8172.fits
QSO_sim_z1.9_MgIIBlueDeep_356.853m30.5886.fits
QSO_sim_z1.9_MgIIBlueDeep_356.853m30.5886.fits
QSO_sim_z2.0_MgIIGreen_16.4239m50.8804.fits
QSO_sim_z2.0_MgIIGreen_16.4239m50.8804.fits
QSO_sim_z2.75_DLABlue_298.9384m65.8234.fits
QSO_sim_z2.75_DLABlue_298.9384m65.8234.fits
QSO_sim_z0.7659_MgIIBlueWide_5.9485m10.0978.fits
QSO_sim_z0.7659_MgIIBlueWide_5.9485m10.0978.fits
QSO_sim_z1.1163_MgIIBlueDeep_178.8144p1.8742.fits
QSO_sim_z1.1163_MgIIBlueDeep_178.8144p1.8742.fits
QSO_sim_z1.65_MgIIGreen_57.9136m0.2265.fits
QSO_sim_z1.65_MgIIGreen_57.9136m0.2265.fits
QSO_sim_z1.75_MgIIGreen_1.3668m58.6553.fits
QSO_sim_z1.75_MgIIGreen_1.3668m58.6553.fits
QSO_sim_z1.25_MgIIBlueDeep_357.0234m30.6022.fits
QSO_sim_z1.25_MgIIBlueDeep_357.0234m30.6022.fits
QSO_sim_z1.4_MgIIGreen_68.7442m43.7883.fits
QSO_sim_z1.4_MgIIGreen_68.7442m43.7883.fits
QSO_sim_z0.9137_MgIIBlueWide_211.1682m8.6462.fits
QSO_sim_z0.9137_MgIIBlueWide_211.1682m8.6462.fits
QSO_sim_z0.958_MgIIBlueWide_341.4911m22.7859.fits
QSO_sim_z0.958_MgIIBlueWide_341.4911m22.7859.fits
QSO_sim_z1.6_MgIIGreen_68.2837m40.0597.fits
QSO_sim_z1.6_MgIIGreen_68.2837m40.0597.fits
QSO_sim_z2.7856_DLABlue_56.6209p0.3938.fits
QSO_sim_z2.7856_DLABlue_56.6209p0.3938.fits
QSO_sim_z3.0943_DLABlue_140.8849m0.2016.fits
QSO_sim_z3.0943_DLABlue_140.8849m0.2016.fits
QSO_sim_z2.6791_DLABlue_146.1801m13.6373.fits
QSO_sim_z2.6791_DLABlue_146.1801m13.6373.fits
QSO_sim_z1.0228_MgIIBlueWide_68.6298p0.0021.fits
QSO_sim_z1.0228_MgIIBlueWide_68.6298p0.0021.fits
QSO_sim_z1.1259_MgIIGreen_52.7818m68.0197.fits
QSO_sim_z1.1259_MgIIGreen_52.7818m68.0197.fits
QSO_sim_z1.3779_MgIIBlueDeep_220.1877m0.5073.fits
QSO_sim_z1.3779_MgIIBlueDeep_220.1877m0.5073.fits
QSO_sim_z1.4258_MgIIBlueDeep_179.4073p3.1115.fits
QSO_sim_z1.4258_MgIIBlueDeep_179.4073p3.1115.fits
QSO_sim_z1.65_MgIIGreen_69.008m42.6196.fits
QSO_sim_z1.65_MgIIGreen_69.008m42.6196.fits
QSO_sim_z2.55_MgIIGreen_12.3466m23.6568.fits
QSO_sim_z2.55_MgIIGreen_12.3466m23.6568.fits
QSO_sim_z0.8679_MgIIBlueWide_143.8539m74.628.fits
QSO_sim_z0.8679_MgIIBlueWide_143.8539m74.628.fits
QSO_sim_z0.75_MgIIBlueWide_50.4734m69.9426.fits
QSO_sim_z0.75_MgIIBlueWide_50.4734m69.9426.fits
QSO_sim_z1.6_MgIIGreen_17.1664m51.2891.fits
QSO_sim_z1.6_MgIIGreen_17.1664m51.2891.fits
QSO_sim_z1.65_MgIIGreen_47.6096m40.2785.fits
QSO_sim_z1.65_MgIIGreen_47.6096m40.2785.fits
QSO_sim_z1.15_MgIIGreen_68.7845m44.0248.fits
QSO_sim_z1.15_MgIIGreen_68.7845m44.0248.fits
QSO_sim_z1.0208_MgIIBlueDeep_199.5007p2.8174.fits
QSO_sim_z1.0208_MgIIBlueDeep_199.5007p2.8174.fits
QSO_sim_z3.3993_DLABlue_336.3859m22.5185.fits
QSO_sim_z3.3993_DLABlue_336.3859m22.5185.fits
QSO_sim_z1.8394_MgIIGreen_2.473p0.939.fits
QSO_sim_z1.8394_MgIIGreen_2.473p0.939.fits
QSO_sim_z2.7_DLABlue_43.0889m78.1729.fits
QSO_sim_z2.7_DLABlue_43.0889m78.1729.fits
QSO_sim_z1.9_MgIIGreen_76.7267m6.4961.fits
QSO_sim_z1.9_MgIIGreen_76.7267m6.4961.fits
QSO_sim_z3.0471_DLABlue_5.7174m19.6283.fits
QSO_sim_z3.0471_DLABlue_5.7174m19.6283.fits
QSO_sim_z1.75_MgIIGreen_76.3345m62.6933.fits
QSO_sim_z1.75_MgIIGreen_76.3345m62.6933.fits
QSO_sim_z2.95_DLABlue_43.7885m77.4298.fits
QSO_sim_z2.95_DLABlue_43.7885m77.4298.fits
QSO_sim_z0.8883_MgIIBlueWide_349.7454m58.5194.fits
QSO_sim_z0.8883_MgIIBlueWide_349.7454m58.5194.fits
QSO_sim_z2.9_DLABlue_201.6753m12.7039.fits
QSO_sim_z2.9_DLABlue_201.6753m12.7039.fits
QSO_sim_z1.1068_MgIIGreen_58.6322m3.0427.fits
QSO_sim_z1.1068_MgIIGreen_58.6322m3.0427.fits
QSO_sim_z2.8129_DLABlue_181.9928m29.8204.fits
QSO_sim_z2.8129_DLABlue_181.9928m29.8204.fits
QSO_sim_z0.75_MgIIBlueWide_53.0645m72.7082.fits
QSO_sim_z0.75_MgIIBlueWide_53.0645m72.7082.fits
QSO_sim_z0.9837_MgIIBlueWide_13.633m5.7764.fits
QSO_sim_z0.9837_MgIIBlueWide_13.633m5.7764.fits
QSO_sim_z3.0261_DLABlue_25.7957m52.8142.fits
QSO_sim_z3.0261_DLABlue_25.7957m52.8142.fits
QSO_sim_z2.15_MgIIGreen_30.6787m45.9482.fits
QSO_sim_z2.15_MgIIGreen_30.6787m45.9482.fits
QSO_sim_z3.1719_DLABlue_3.0369m20.922.fits
QSO_sim_z3.1719_DLABlue_3.0369m20.922.fits
QSO_sim_z0.9723_MgIIBlueWide_344.6243m57.1934.fits
QSO_sim_z0.9723_MgIIBlueWide_344.6243m57.1934.fits
QSO_sim_z1.4_MgIIGreen_11.8372m25.3257.fits
QSO_sim_z1.4_MgIIGreen_11.8372m25.3257.fits
QSO_sim_z0.7716_MgIIBlueWide_28.3783m57.0833.fits
QSO_sim_z0.7716_MgIIBlueWide_28.3783m57.0833.fits
QSO_sim_z1.5031_MgIIBlueDeep_194.668m3.2885.fits
QSO_sim_z1.5031_MgIIBlueDeep_194.668m3.2885.fits
QSO_sim_z1.5_MgIIGreen_11.3522m26.7352.fits
QSO_sim_z1.5_MgIIGreen_11.3522m26.7352.fits
QSO_sim_z2.4_MgIIGreen_98.5955m39.9815.fits
QSO_sim_z2.4_MgIIGreen_98.5955m39.9815.fits
QSO_sim_z0.95_MgIIBlueWide_54.0916m72.4898.fits
QSO_sim_z0.95_MgIIBlueWide_54.0916m72.4898.fits
QSO_sim_z1.4_MgIIGreen_69.5435m41.597.fits
QSO_sim_z1.4_MgIIGreen_69.5435m41.597.fits
QSO_sim_z2.9586_DLABlue_4.9275m17.811.fits
QSO_sim_z2.9586_DLABlue_4.9275m17.811.fits
QSO_sim_z2.05_MgIIGreen_12.9498m26.1626.fits
QSO_sim_z2.05_MgIIGreen_12.9498m26.1626.fits
QSO_sim_z1.7_MgIIGreen_15.3672m58.3579.fits
QSO_sim_z1.7_MgIIGreen_15.3672m58.3579.fits
QSO_sim_z1.0_MgIIBlueWide_134.3275m68.8302.fits
QSO_sim_z1.0_MgIIBlueWide_134.3275m68.8302.fits
QSO_sim_z0.6546_MgIIBlueWide_209.4099m7.1419.fits
QSO_sim_z0.6546_MgIIBlueWide_209.4099m7.1419.fits
QSO_sim_z1.55_MgIIGreen_79.1752m60.3062.fits
QSO_sim_z1.55_MgIIGreen_79.1752m60.3062.fits
QSO_sim_z3.3_DLABlue_203.7418m28.5053.fits
QSO_sim_z3.3_DLABlue_203.7418m28.5053.fits
QSO_sim_z2.9251_DLABlue_5.0849m15.9708.fits
QSO_sim_z2.9251_DLABlue_5.0849m15.9708.fits
QSO_sim_z2.8236_DLABlue_181.4344m25.0776.fits
QSO_sim_z2.8236_DLABlue_181.4344m25.0776.fits
QSO_sim_z2.2221_MgIIBlueDeep_211.5556p0.8137.fits
QSO_sim_z2.2221_MgIIBlueDeep_211.5556p0.8137.fits
QSO_sim_z1.501_MgIIBlueDeep_332.4912m32.7277.fits
QSO_sim_z1.501_MgIIBlueDeep_332.4912m32.7277.fits
QSO_sim_z0.8_MgIIBlueWide_54.9544m70.4248.fits
QSO_sim_z0.8_MgIIBlueWide_54.9544m70.4248.fits
QSO_sim_z1.3_MgIIGreen_75.1409m76.7386.fits
QSO_sim_z1.3_MgIIGreen_75.1409m76.7386.fits
QSO_sim_z0.949_MgIIBlueWide_154.7336m72.4208.fits
QSO_sim_z0.949_MgIIBlueWide_154.7336m72.4208.fits
QSO_sim_z2.4518_MgIIBlueDeep_195.6793p2.1221.fits
QSO_sim_z2.4518_MgIIBlueDeep_195.6793p2.1221.fits
QSO_sim_z1.05_MgIIGreen_140.4365m14.9736.fits
QSO_sim_z1.05_MgIIGreen_140.4365m14.9736.fits
QSO_sim_z2.5571_MgIIBlueDeep_205.1127m3.9081.fits
QSO_sim_z2.5571_MgIIBlueDeep_205.1127m3.9081.fits
QSO_sim_z1.4309_MgIIBlueDeep_333.2936m32.2185.fits
QSO_sim_z1.4309_MgIIBlueDeep_333.2936m32.2185.fits
QSO_sim_z3.4_DLABlue_202.1016m33.4529.fits
QSO_sim_z3.4_DLABlue_202.1016m33.4529.fits
QSO_sim_z0.7156_MgIIBlueWide_159.5201m70.9372.fits
QSO_sim_z0.7156_MgIIBlueWide_159.5201m70.9372.fits
QSO_sim_z1.9_MgIIGreen_46.3705m49.1978.fits
QSO_sim_z1.9_MgIIGreen_46.3705m49.1978.fits
QSO_sim_z3.1898_DLABlue_138.3884m7.8834.fits
QSO_sim_z3.1898_DLABlue_138.3884m7.8834.fits
QSO_sim_z1.5_MgIIGreen_140.8017m14.3739.fits
QSO_sim_z1.5_MgIIGreen_140.8017m14.3739.fits
QSO_sim_z0.9_MgIIBlueWide_7.1168m48.6517.fits
QSO_sim_z0.9_MgIIBlueWide_7.1168m48.6517.fits
QSO_sim_z1.023_MgIIBlueWide_45.386m59.8457.fits
QSO_sim_z1.023_MgIIBlueWide_45.386m59.8457.fits
QSO_sim_z0.7809_MgIIBlueWide_6.8033m4.5971.fits
QSO_sim_z0.7809_MgIIBlueWide_6.8033m4.5971.fits
QSO_sim_z1.2848_MgIIGreen_49.3522m64.9602.fits
QSO_sim_z1.2848_MgIIGreen_49.3522m64.9602.fits
QSO_sim_z1.35_MgIIGreen_46.5185m47.3674.fits
QSO_sim_z1.35_MgIIGreen_46.5185m47.3674.fits
QSO_sim_z1.6_MgIIGreen_76.5821m77.6785.fits
QSO_sim_z1.6_MgIIGreen_76.5821m77.6785.fits
QSO_sim_z2.6449_DLABlue_15.3812m13.2798.fits
QSO_sim_z2.6449_DLABlue_15.3812m13.2798.fits
QSO_sim_z1.6_MgIIGreen_18.213p1.0467.fits
QSO_sim_z1.6_MgIIGreen_18.213p1.0467.fits
QSO_sim_z1.5877_MgIIGreen_75.4425m57.8166.fits
QSO_sim_z1.5877_MgIIGreen_75.4425m57.8166.fits
QSO_sim_z1.45_MgIIGreen_14.1163m37.7004.fits
QSO_sim_z1.45_MgIIGreen_14.1163m37.7004.fits
QSO_sim_z1.052_MgIIGreen_18.7636p0.5712.fits
QSO_sim_z1.052_MgIIGreen_18.7636p0.5712.fits
QSO_sim_z3.8515_LLSBlue_216.3068m9.1173.fits
QSO_sim_z3.8515_LLSBlue_216.3068m9.1173.fits
QSO_sim_z1.0369_MgIIBlueDeep_195.6825p0.0522.fits
QSO_sim_z1.0369_MgIIBlueDeep_195.6825p0.0522.fits
QSO_sim_z1.2955_MgIIGreen_18.1311p2.2394.fits
QSO_sim_z1.2955_MgIIGreen_18.1311p2.2394.fits
QSO_sim_z2.9_DLABlue_56.8034m74.2464.fits
QSO_sim_z2.9_DLABlue_56.8034m74.2464.fits
QSO_sim_z1.6_MgIIGreen_141.7643m12.2456.fits
QSO_sim_z1.6_MgIIGreen_141.7643m12.2456.fits
QSO_sim_z2.694_DLABlue_187.3618m23.6848.fits
QSO_sim_z2.694_DLABlue_187.3618m23.6848.fits
QSO_sim_z1.1323_MgIIBlueDeep_190.9853m0.6466.fits
QSO_sim_z1.1323_MgIIBlueDeep_190.9853m0.6466.fits
QSO_sim_z3.0952_DLABlue_15.2359m52.664.fits
QSO_sim_z3.0952_DLABlue_15.2359m52.664.fits
QSO_sim_z2.9458_DLABlue_134.2224m9.0329.fits
QSO_sim_z2.9458_DLABlue_134.2224m9.0329.fits
QSO_sim_z0.7505_MgIIBlueWide_47.1825m56.3811.fits
QSO_sim_z0.7505_MgIIBlueWide_47.1825m56.3811.fits
QSO_sim_z1.0123_MgIIBlueWide_200.7404m10.9638.fits
QSO_sim_z1.0123_MgIIBlueWide_200.7404m10.9638.fits
QSO_sim_z1.95_MgIIGreen_14.1457m37.8455.fits
QSO_sim_z1.95_MgIIGreen_14.1457m37.8455.fits
QSO_sim_z1.4374_MgIIGreen_76.9577m56.8109.fits
QSO_sim_z1.4374_MgIIGreen_76.9577m56.8109.fits
QSO_sim_z1.0452_MgIIGreen_97.077m57.2.fits
QSO_sim_z1.0452_MgIIGreen_97.077m57.2.fits
QSO_sim_z0.9876_MgIIBlueWide_7.4907m3.4118.fits
QSO_sim_z0.9876_MgIIBlueWide_7.4907m3.4118.fits
QSO_sim_z2.2017_MgIIBlueDeep_205.1585m3.5981.fits
QSO_sim_z2.2017_MgIIBlueDeep_205.1585m3.5981.fits
QSO_sim_z2.6591_DLABlue_200.9088m19.5699.fits
QSO_sim_z2.6591_DLABlue_200.9088m19.5699.fits
QSO_sim_z2.05_MgIIGreen_67.3901m42.2992.fits
QSO_sim_z2.05_MgIIGreen_67.3901m42.2992.fits
QSO_sim_z0.7_MgIIBlueWide_111.8922m79.8496.fits
QSO_sim_z0.7_MgIIBlueWide_111.8922m79.8496.fits
QSO_sim_z1.2_MgIIGreen_98.4416m42.1175.fits
QSO_sim_z1.2_MgIIGreen_98.4416m42.1175.fits
QSO_sim_z2.8094_DLABlue_307.0884m38.7558.fits
QSO_sim_z2.8094_DLABlue_307.0884m38.7558.fits
QSO_sim_z1.8043_MgIIGreen_55.0405m65.2281.fits
QSO_sim_z1.8043_MgIIGreen_55.0405m65.2281.fits
QSO_sim_z1.6772_MgIIGreen_54.073m65.0436.fits
QSO_sim_z1.6772_MgIIGreen_54.073m65.0436.fits
QSO_sim_z1.0_MgIIBlueWide_53.5646m77.435.fits
QSO_sim_z1.0_MgIIBlueWide_53.5646m77.435.fits
QSO_sim_z0.862_MgIIBlueWide_351.471m50.4627.fits
QSO_sim_z0.862_MgIIBlueWide_351.471m50.4627.fits
QSO_sim_z1.65_MgIIGreen_80.0087m38.3083.fits
QSO_sim_z1.65_MgIIGreen_80.0087m38.3083.fits
QSO_sim_z1.25_MgIIGreen_67.2489m40.8495.fits
QSO_sim_z1.25_MgIIGreen_67.2489m40.8495.fits
QSO_sim_z2.7443_DLABlue_135.778m5.4644.fits
QSO_sim_z2.7443_DLABlue_135.778m5.4644.fits
QSO_sim_z3.2_DLABlue_209.9849m9.9935.fits
QSO_sim_z3.2_DLABlue_209.9849m9.9935.fits
QSO_sim_z2.05_MgIIGreen_43.9441m65.7145.fits
QSO_sim_z2.05_MgIIGreen_43.9441m65.7145.fits
QSO_sim_z1.5458_MgIIGreen_96.6135m56.4724.fits
QSO_sim_z1.5458_MgIIGreen_96.6135m56.4724.fits
QSO_sim_z2.391_MgIIBlueDeep_190.8893m3.8764.fits
QSO_sim_z2.391_MgIIBlueDeep_190.8893m3.8764.fits
QSO_sim_z1.6_MgIIGreen_6.9691m0.8194.fits
QSO_sim_z1.6_MgIIGreen_6.9691m0.8194.fits
QSO_sim_z0.7063_MgIIBlueWide_31.4924m17.413.fits
QSO_sim_z0.7063_MgIIBlueWide_31.4924m17.413.fits
QSO_sim_z0.5971_MgIIBlueWide_53.237m54.8359.fits
QSO_sim_z0.5971_MgIIBlueWide_53.237m54.8359.fits
QSO_sim_z1.8279_MgIIGreen_18.9913p2.3144.fits
QSO_sim_z1.8279_MgIIGreen_18.9913p2.3144.fits
QSO_sim_z2.1233_MgIIBlueDeep_221.4154m0.5818.fits
QSO_sim_z2.1233_MgIIBlueDeep_221.4154m0.5818.fits
QSO_sim_z3.4247_DLABlue_345.3307m24.2167.fits
QSO_sim_z3.4247_DLABlue_345.3307m24.2167.fits
QSO_sim_z1.25_MgIIGreen_31.5957m51.6136.fits
QSO_sim_z1.25_MgIIGreen_31.5957m51.6136.fits
QSO_sim_z2.7978_DLABlue_187.532m18.4817.fits
QSO_sim_z2.7978_DLABlue_187.532m18.4817.fits
QSO_sim_z1.7244_MgIIGreen_7.9174m0.7271.fits
QSO_sim_z1.7244_MgIIGreen_7.9174m0.7271.fits
QSO_sim_z3.2493_DLABlue_35.9335m48.9103.fits
QSO_sim_z3.2493_DLABlue_35.9335m48.9103.fits
QSO_sim_z2.9074_DLABlue_301.1885m33.7576.fits
QSO_sim_z2.9074_DLABlue_301.1885m33.7576.fits
QSO_sim_z2.6063_DLABlue_300.9511m33.4858.fits
QSO_sim_z2.6063_DLABlue_300.9511m33.4858.fits
QSO_sim_z2.2883_MgIIBlueDeep_205.1956m2.8445.fits
QSO_sim_z2.2883_MgIIBlueDeep_205.1956m2.8445.fits
QSO_sim_z1.55_MgIIGreen_32.3946m58.9312.fits
QSO_sim_z1.55_MgIIGreen_32.3946m58.9312.fits
QSO_sim_z2.45_MgIIGreen_75.9514m13.0274.fits
QSO_sim_z2.45_MgIIGreen_75.9514m13.0274.fits
QSO_sim_z1.4921_MgIIGreen_88.0988m57.021.fits
QSO_sim_z1.4921_MgIIGreen_88.0988m57.021.fits
QSO_sim_z1.229_MgIIGreen_54.1785m63.5956.fits
QSO_sim_z1.229_MgIIGreen_54.1785m63.5956.fits
QSO_sim_z1.1701_MgIIGreen_87.0978m57.5404.fits
QSO_sim_z1.1701_MgIIGreen_87.0978m57.5404.fits
QSO_sim_z1.65_MgIIGreen_81.3669m36.3187.fits
QSO_sim_z1.65_MgIIGreen_81.3669m36.3187.fits
QSO_sim_z2.25_MgIIGreen_95.2885m43.1879.fits
QSO_sim_z2.25_MgIIGreen_95.2885m43.1879.fits
QSO_sim_z2.7653_DLABlue_30.3449m46.344.fits
QSO_sim_z2.7653_DLABlue_30.3449m46.344.fits
QSO_sim_z1.9833_MgIIGreen_98.7375m56.9075.fits
QSO_sim_z1.9833_MgIIGreen_98.7375m56.9075.fits
QSO_sim_z1.95_MgIIGreen_122.231m78.2181.fits
QSO_sim_z1.95_MgIIGreen_122.231m78.2181.fits
QSO_sim_z0.9_MgIIBlueWide_59.5628m59.0986.fits
QSO_sim_z0.9_MgIIBlueWide_59.5628m59.0986.fits
QSO_sim_z3.15_MgIIBlueDeep_211.4605p3.5951.fits
QSO_sim_z3.15_MgIIBlueDeep_211.4605p3.5951.fits
QSO_sim_z0.9376_MgIIBlueDeep_221.571m0.1145.fits
QSO_sim_z0.9376_MgIIBlueDeep_221.571m0.1145.fits
QSO_sim_z2.8_DLABlue_145.6422m15.2668.fits
QSO_sim_z2.8_DLABlue_145.6422m15.2668.fits
QSO_sim_z1.75_MgIIGreen_40.9046m70.7293.fits
QSO_sim_z1.75_MgIIGreen_40.9046m70.7293.fits
QSO_sim_z2.6861_MgIIBlueDeep_190.1542m1.2782.fits
QSO_sim_z2.6861_MgIIBlueDeep_190.1542m1.2782.fits
QSO_sim_z2.6_DLABlue_313.943m9.9618.fits
QSO_sim_z2.6_DLABlue_313.943m9.9618.fits
QSO_sim_z1.4931_MgIIGreen_29.8833m14.2276.fits
QSO_sim_z1.4931_MgIIGreen_29.8833m14.2276.fits
QSO_sim_z2.05_MgIIGreen_143.3796m11.7907.fits
QSO_sim_z2.05_MgIIGreen_143.3796m11.7907.fits
QSO_sim_z0.5_MgIIBlueWide_56.0333m62.9522.fits
QSO_sim_z0.5_MgIIBlueWide_56.0333m62.9522.fits
QSO_sim_z2.1257_MgIIGreen_44.5981m11.5249.fits
QSO_sim_z2.1257_MgIIGreen_44.5981m11.5249.fits
QSO_sim_z0.962_MgIIBlueWide_338.4616m52.042.fits
QSO_sim_z0.962_MgIIBlueWide_338.4616m52.042.fits
QSO_sim_z1.95_MgIIGreen_76.1123m12.8204.fits
QSO_sim_z1.95_MgIIGreen_76.1123m12.8204.fits
QSO_sim_z0.9599_MgIIBlueWide_132.4311m62.1396.fits
QSO_sim_z0.9599_MgIIBlueWide_132.4311m62.1396.fits
QSO_sim_z1.2393_MgIIGreen_44.2019m10.8949.fits
QSO_sim_z1.2393_MgIIGreen_44.2019m10.8949.fits
QSO_sim_z0.85_MgIIBlueWide_115.0657m73.1808.fits
QSO_sim_z0.85_MgIIBlueWide_115.0657m73.1808.fits
QSO_sim_z2.75_DLABlue_74.3478m78.3466.fits
QSO_sim_z2.75_DLABlue_74.3478m78.3466.fits
QSO_sim_z0.8463_MgIIBlueDeep_221.5268m0.4038.fits
QSO_sim_z0.8463_MgIIBlueDeep_221.5268m0.4038.fits
QSO_sim_z0.862_MgIIBlueWide_88.1279m55.5711.fits
QSO_sim_z0.862_MgIIBlueWide_88.1279m55.5711.fits
QSO_sim_z0.5553_MgIIBlueWide_345.0206m51.9053.fits
QSO_sim_z0.5553_MgIIBlueWide_345.0206m51.9053.fits
QSO_sim_z1.25_MgIIGreen_30.5864m58.278.fits
QSO_sim_z1.25_MgIIGreen_30.5864m58.278.fits
QSO_sim_z0.75_MgIIBlueWide_33.8635m43.8084.fits
QSO_sim_z0.75_MgIIBlueWide_33.8635m43.8084.fits
QSO_sim_z0.9125_MgIIBlueDeep_332.2555m31.8463.fits
QSO_sim_z0.9125_MgIIBlueDeep_332.2555m31.8463.fits
QSO_sim_z1.0858_MgIIGreen_89.0332m57.0304.fits
QSO_sim_z1.0858_MgIIGreen_89.0332m57.0304.fits
QSO_sim_z1.2_MgIIGreen_96.2539m40.4959.fits
QSO_sim_z1.2_MgIIGreen_96.2539m40.4959.fits
QSO_sim_z0.6721_MgIIBlueDeep_202.8665p0.0314.fits
QSO_sim_z0.6721_MgIIBlueDeep_202.8665p0.0314.fits
QSO_sim_z1.7317_MgIIGreen_15.6426p2.9621.fits
QSO_sim_z1.7317_MgIIGreen_15.6426p2.9621.fits
QSO_sim_z2.05_MgIIGreen_126.5111m73.3176.fits
QSO_sim_z2.05_MgIIGreen_126.5111m73.3176.fits
QSO_sim_z1.4_MgIIGreen_83.5886m40.4238.fits
QSO_sim_z1.4_MgIIGreen_83.5886m40.4238.fits
QSO_sim_z2.5331_MgIIBlueDeep_199.6756m2.976.fits
QSO_sim_z2.5331_MgIIBlueDeep_199.6756m2.976.fits
QSO_sim_z0.886_MgIIBlueWide_156.5523m45.008.fits
QSO_sim_z0.886_MgIIBlueWide_156.5523m45.008.fits
QSO_sim_z1.7298_MgIIGreen_57.0172m8.6745.fits
QSO_sim_z1.7298_MgIIGreen_57.0172m8.6745.fits
QSO_sim_z2.7606_DLABlue_219.9883m39.493.fits
QSO_sim_z2.7606_DLABlue_219.9883m39.493.fits
QSO_sim_z1.5419_MgIIGreen_67.5028m63.5853.fits
QSO_sim_z1.5419_MgIIGreen_67.5028m63.5853.fits
QSO_sim_z0.9707_MgIIBlueWide_196.8536m5.2094.fits
QSO_sim_z0.9707_MgIIBlueWide_196.8536m5.2094.fits
QSO_sim_z1.65_MgIIGreen_144.006m13.8895.fits
QSO_sim_z1.65_MgIIGreen_144.006m13.8895.fits
QSO_sim_z1.5862_MgIIGreen_88.905m55.061.fits
QSO_sim_z1.5862_MgIIGreen_88.905m55.061.fits
QSO_sim_z0.6835_MgIIBlueWide_18.1653p0.3287.fits
QSO_sim_z0.6835_MgIIBlueWide_18.1653p0.3287.fits
QSO_sim_z1.0044_MgIIBlueWide_36.3136m54.5577.fits
QSO_sim_z1.0044_MgIIBlueWide_36.3136m54.5577.fits
QSO_sim_z1.8979_MgIIGreen_9.2028m3.4623.fits
QSO_sim_z1.8979_MgIIGreen_9.2028m3.4623.fits
QSO_sim_z0.6417_MgIIBlueWide_175.7495m45.9731.fits
QSO_sim_z0.6417_MgIIBlueWide_175.7495m45.9731.fits
QSO_sim_z1.2368_MgIIGreen_58.6153m6.5026.fits
QSO_sim_z1.2368_MgIIGreen_58.6153m6.5026.fits
QSO_sim_z2.8808_DLABlue_345.7752m19.9226.fits
QSO_sim_z2.8808_DLABlue_345.7752m19.9226.fits
QSO_sim_z0.7012_MgIIBlueWide_202.1602m8.069.fits
QSO_sim_z0.7012_MgIIBlueWide_202.1602m8.069.fits
QSO_sim_z2.1311_MgIIBlueDeep_221.9721m0.7794.fits
QSO_sim_z2.1311_MgIIBlueDeep_221.9721m0.7794.fits
QSO_sim_z2.75_DLABlue_153.925m9.5264.fits
QSO_sim_z2.75_DLABlue_153.925m9.5264.fits
QSO_sim_z1.75_MgIIGreen_126.0482m78.8423.fits
QSO_sim_z1.75_MgIIGreen_126.0482m78.8423.fits
QSO_sim_z1.7488_MgIIGreen_25.3276m10.7957.fits
QSO_sim_z1.7488_MgIIGreen_25.3276m10.7957.fits
QSO_sim_z3.441_DLABlue_207.2039m42.5362.fits
QSO_sim_z3.441_DLABlue_207.2039m42.5362.fits
QSO_sim_z1.9507_MgIIBlueDeep_203.7855p0.6623.fits
QSO_sim_z1.9507_MgIIBlueDeep_203.7855p0.6623.fits
QSO_sim_z3.7_DLABlue_310.7212m62.7705.fits
QSO_sim_z3.7_DLABlue_310.7212m62.7705.fits
QSO_sim_z0.7533_MgIIBlueDeep_196.9036p3.1835.fits
QSO_sim_z0.7533_MgIIBlueDeep_196.9036p3.1835.fits
QSO_sim_z0.962_MgIIBlueWide_168.889m43.0305.fits
QSO_sim_z0.962_MgIIBlueWide_168.889m43.0305.fits
QSO_sim_z1.0117_MgIIBlueWide_204.2153m6.6696.fits
QSO_sim_z1.0117_MgIIBlueWide_204.2153m6.6696.fits
QSO_sim_z1.3_MgIIGreen_1.981m68.4784.fits
QSO_sim_z1.3_MgIIGreen_1.981m68.4784.fits
QSO_sim_z2.0975_MgIIGreen_9.2108m2.9047.fits
QSO_sim_z2.0975_MgIIGreen_9.2108m2.9047.fits
QSO_sim_z2.95_DLABlue_77.7535m76.8002.fits
QSO_sim_z2.95_DLABlue_77.7535m76.8002.fits
QSO_sim_z1.844_MgIIBlueDeep_196.5701p3.5717.fits
QSO_sim_z1.844_MgIIBlueDeep_196.5701p3.5717.fits
QSO_sim_z2.95_DLABlue_82.7506m52.8072.fits
QSO_sim_z2.95_DLABlue_82.7506m52.8072.fits
QSO_sim_z2.6884_DLABlue_315.7767m0.0587.fits
QSO_sim_z2.6884_DLABlue_315.7767m0.0587.fits
QSO_sim_z2.2_MgIIGreen_42.2256m75.6128.fits
QSO_sim_z2.2_MgIIGreen_42.2256m75.6128.fits
QSO_sim_z0.55_MgIIBlueWide_115.8753m79.5467.fits
QSO_sim_z0.55_MgIIBlueWide_115.8753m79.5467.fits
QSO_sim_z2.2627_MgIIGreen_41.0768m10.1625.fits
QSO_sim_z2.2627_MgIIGreen_41.0768m10.1625.fits
QSO_sim_z2.583_DLABlue_341.2244m16.3626.fits
QSO_sim_z2.583_DLABlue_341.2244m16.3626.fits
QSO_sim_z1.6_MgIIGreen_31.0666m61.9718.fits
QSO_sim_z1.6_MgIIGreen_31.0666m61.9718.fits
QSO_sim_z1.513_MgIIBlueDeep_221.0735m2.3816.fits
QSO_sim_z1.513_MgIIBlueDeep_221.0735m2.3816.fits
QSO_sim_z1.15_MgIIGreen_2.5179m72.746.fits
QSO_sim_z1.15_MgIIGreen_2.5179m72.746.fits
QSO_sim_z2.55_MgIIGreen_42.9358m76.0316.fits
QSO_sim_z2.55_MgIIGreen_42.9358m76.0316.fits
QSO_sim_z1.65_MgIIGreen_98.4087m48.6183.fits
QSO_sim_z1.65_MgIIGreen_98.4087m48.6183.fits
QSO_sim_z1.15_MgIIGreen_69.012m50.4522.fits
QSO_sim_z1.15_MgIIGreen_69.012m50.4522.fits
QSO_sim_z2.25_MgIIGreen_83.6306m58.2781.fits
QSO_sim_z2.25_MgIIGreen_83.6306m58.2781.fits
QSO_sim_z2.5_MgIIGreen_42.9512m77.0022.fits
QSO_sim_z2.5_MgIIGreen_42.9512m77.0022.fits
QSO_sim_z1.192_MgIIGreen_85.1646m53.4726.fits
QSO_sim_z1.192_MgIIGreen_85.1646m53.4726.fits
QSO_sim_z1.9379_MgIIBlueDeep_330.7192m31.632.fits
QSO_sim_z1.9379_MgIIBlueDeep_330.7192m31.632.fits
QSO_sim_z2.594_DLABlue_33.5699m36.8028.fits
QSO_sim_z2.594_DLABlue_33.5699m36.8028.fits
QSO_sim_z1.15_MgIIGreen_128.0157m79.193.fits
QSO_sim_z1.15_MgIIGreen_128.0157m79.193.fits
QSO_sim_z1.2689_MgIIGreen_9.7774m0.1193.fits
QSO_sim_z1.2689_MgIIGreen_9.7774m0.1193.fits
QSO_sim_z2.55_MgIIGreen_83.796m56.506.fits
QSO_sim_z2.55_MgIIGreen_83.796m56.506.fits
QSO_sim_z2.3656_MgIIBlueDeep_205.0299m1.0892.fits
QSO_sim_z2.3656_MgIIBlueDeep_205.0299m1.0892.fits
QSO_sim_z1.5325_MgIIBlueDeep_196.122p1.3392.fits
QSO_sim_z1.5325_MgIIBlueDeep_196.122p1.3392.fits
QSO_sim_z2.0_MgIIBlueDeep_205.0411m1.0376.fits
QSO_sim_z2.0_MgIIBlueDeep_205.0411m1.0376.fits
QSO_sim_z2.1_MgIIGreen_98.8159m46.2571.fits
QSO_sim_z2.1_MgIIGreen_98.8159m46.2571.fits
QSO_sim_z0.978_MgIIBlueWide_13.6693m0.0619.fits
QSO_sim_z0.978_MgIIBlueWide_13.6693m0.0619.fits
QSO_sim_z2.3821_MgIIBlueDeep_221.1176m1.8219.fits
QSO_sim_z2.3821_MgIIBlueDeep_221.1176m1.8219.fits
QSO_sim_z1.65_MgIIGreen_99.595m48.952.fits
QSO_sim_z1.65_MgIIGreen_99.595m48.952.fits
QSO_sim_z1.9_MgIIGreen_48.8017m62.559.fits
QSO_sim_z1.9_MgIIGreen_48.8017m62.559.fits
QSO_sim_z1.45_MgIIGreen_78.7772m11.1172.fits
QSO_sim_z1.45_MgIIGreen_78.7772m11.1172.fits
QSO_sim_z2.3902_MgIIGreen_16.2777p4.2306.fits
QSO_sim_z2.3902_MgIIGreen_16.2777p4.2306.fits
QSO_sim_z1.9639_MgIIGreen_350.6307m77.8445.fits
QSO_sim_z1.9639_MgIIGreen_350.6307m77.8445.fits
QSO_sim_z2.15_MgIIGreen_99.0894m46.1049.fits
QSO_sim_z2.15_MgIIGreen_99.0894m46.1049.fits
QSO_sim_z1.8179_MgIIBlueDeep_221.8126m0.0023.fits
QSO_sim_z1.8179_MgIIBlueDeep_221.8126m0.0023.fits
QSO_sim_z1.45_MgIIGreen_67.54m50.3141.fits
QSO_sim_z1.45_MgIIGreen_67.54m50.3141.fits
QSO_sim_z2.6499_DLABlue_345.5384m15.1039.fits
QSO_sim_z2.6499_DLABlue_345.5384m15.1039.fits
QSO_sim_z2.1_MgIIGreen_0.222m70.7576.fits
QSO_sim_z2.1_MgIIGreen_0.222m70.7576.fits
QSO_sim_z1.7214_MgIIGreen_69.9022m60.6742.fits
QSO_sim_z1.7214_MgIIGreen_69.9022m60.6742.fits
QSO_sim_z0.8094_MgIIBlueWide_17.8563p2.8564.fits
QSO_sim_z0.8094_MgIIBlueWide_17.8563p2.8564.fits
QSO_sim_z1.55_MgIIGreen_62.3051m33.6129.fits
QSO_sim_z1.55_MgIIGreen_62.3051m33.6129.fits
QSO_sim_z1.3322_MgIIGreen_71.5675m60.5724.fits
QSO_sim_z1.3322_MgIIGreen_71.5675m60.5724.fits
QSO_sim_z0.9639_MgIIBlueWide_14.39m5.2915.fits
QSO_sim_z0.9639_MgIIBlueWide_14.39m5.2915.fits
QSO_sim_z1.15_MgIIGreen_150.3405m27.9098.fits
QSO_sim_z1.15_MgIIGreen_150.3405m27.9098.fits
QSO_sim_z3.3_DLABlue_93.4494m62.0199.fits
QSO_sim_z3.3_DLABlue_93.4494m62.0199.fits
QSO_sim_z1.3388_MgIIGreen_350.5767m77.0335.fits
QSO_sim_z1.3388_MgIIGreen_350.5767m77.0335.fits
QSO_sim_z2.061_MgIIGreen_59.9191m8.3805.fits
QSO_sim_z2.061_MgIIGreen_59.9191m8.3805.fits
QSO_sim_z1.2_MgIIGreen_130.7849m75.2634.fits
QSO_sim_z1.2_MgIIGreen_130.7849m75.2634.fits
QSO_sim_z2.6935_DLABlue_171.4858m13.8661.fits
QSO_sim_z2.6935_DLABlue_171.4858m13.8661.fits
QSO_sim_z1.9819_MgIIBlueDeep_204.7377p1.4007.fits
QSO_sim_z1.9819_MgIIBlueDeep_204.7377p1.4007.fits
QSO_sim_z1.4018_MgIIBlueDeep_221.3973m2.8179.fits
QSO_sim_z1.4018_MgIIBlueDeep_221.3973m2.8179.fits
QSO_sim_z2.7312_MgIIBlueDeep_191.9269m3.894.fits
QSO_sim_z2.7312_MgIIBlueDeep_191.9269m3.894.fits
QSO_sim_z1.3_MgIIGreen_46.0186m62.1775.fits
QSO_sim_z1.3_MgIIGreen_46.0186m62.1775.fits
QSO_sim_z1.35_MgIIGreen_170.942m39.5337.fits
QSO_sim_z1.35_MgIIGreen_170.942m39.5337.fits
QSO_sim_z2.0096_MgIIGreen_17.4391p1.8167.fits
QSO_sim_z2.0096_MgIIGreen_17.4391p1.8167.fits
QSO_sim_z0.6829_MgIIBlueWide_213.9989m7.1394.fits
QSO_sim_z0.6829_MgIIBlueWide_213.9989m7.1394.fits
QSO_sim_z2.602_DLABlue_348.9726m11.2135.fits
QSO_sim_z2.602_DLABlue_348.9726m11.2135.fits
QSO_sim_z1.8235_MgIIGreen_42.9217m12.6245.fits
QSO_sim_z1.8235_MgIIGreen_42.9217m12.6245.fits
QSO_sim_z1.633_MgIIGreen_77.7541m53.9454.fits
QSO_sim_z1.633_MgIIGreen_77.7541m53.9454.fits
QSO_sim_z1.429_MgIIGreen_55.1204m7.5787.fits
QSO_sim_z1.429_MgIIGreen_55.1204m7.5787.fits
QSO_sim_z1.9221_MgIIGreen_51.9876m0.5015.fits
QSO_sim_z1.9221_MgIIGreen_51.9876m0.5015.fits
QSO_sim_z1.85_MgIIGreen_13.7917m44.6569.fits
QSO_sim_z1.85_MgIIGreen_13.7917m44.6569.fits
QSO_sim_z2.7_DLABlue_214.9849m25.5177.fits
QSO_sim_z2.7_DLABlue_214.9849m25.5177.fits
QSO_sim_z1.5609_MgIIGreen_69.4797p0.4876.fits
QSO_sim_z1.5609_MgIIGreen_69.4797p0.4876.fits
QSO_sim_z2.15_MgIIBlueDeep_205.4084m2.9395.fits
QSO_sim_z2.15_MgIIBlueDeep_205.4084m2.9395.fits
QSO_sim_z1.7_MgIIGreen_62.9594m32.0575.fits
QSO_sim_z1.7_MgIIGreen_62.9594m32.0575.fits
QSO_sim_z3.3851_DLABlue_180.9095m18.5943.fits
QSO_sim_z3.3851_DLABlue_180.9095m18.5943.fits
QSO_sim_z1.0_MgIIBlueWide_58.4029m73.01.fits
QSO_sim_z1.0_MgIIBlueWide_58.4029m73.01.fits
QSO_sim_z0.8006_MgIIBlueWide_40.4149m47.8015.fits
QSO_sim_z0.8006_MgIIBlueWide_40.4149m47.8015.fits
QSO_sim_z0.9433_MgIIBlueWide_213.3406m6.4112.fits
QSO_sim_z0.9433_MgIIBlueWide_213.3406m6.4112.fits
QSO_sim_z2.75_DLABlue_317.6004m43.6649.fits
QSO_sim_z2.75_DLABlue_317.6004m43.6649.fits
QSO_sim_z2.2251_MgIIGreen_55.8697m5.9757.fits
QSO_sim_z2.2251_MgIIGreen_55.8697m5.9757.fits
QSO_sim_z1.8673_MgIIBlueDeep_205.6023m0.7271.fits
QSO_sim_z1.8673_MgIIBlueDeep_205.6023m0.7271.fits
QSO_sim_z1.8_MgIIGreen_95.4749m45.5852.fits
QSO_sim_z1.8_MgIIGreen_95.4749m45.5852.fits
QSO_sim_z1.3_MgIIGreen_170.6488m36.4461.fits
QSO_sim_z1.3_MgIIGreen_170.6488m36.4461.fits
QSO_sim_z1.9157_MgIIGreen_64.3459m59.1733.fits
QSO_sim_z1.9157_MgIIGreen_64.3459m59.1733.fits
QSO_sim_z1.15_MgIIGreen_14.7191m47.2341.fits
QSO_sim_z1.15_MgIIGreen_14.7191m47.2341.fits
QSO_sim_z1.2695_MgIIGreen_5.824m4.8647.fits
QSO_sim_z1.2695_MgIIGreen_5.824m4.8647.fits
QSO_sim_z1.95_MgIIGreen_81.2526m42.1028.fits
QSO_sim_z1.95_MgIIGreen_81.2526m42.1028.fits
QSO_sim_z1.95_MgIIGreen_141.0745m18.4793.fits
QSO_sim_z1.95_MgIIGreen_141.0745m18.4793.fits
QSO_sim_z1.0335_MgIIBlueWide_219.1771m4.8366.fits
QSO_sim_z1.0335_MgIIBlueWide_219.1771m4.8366.fits
QSO_sim_z2.65_DLABlue_317.0328m49.7135.fits
QSO_sim_z2.65_DLABlue_317.0328m49.7135.fits
QSO_sim_z2.05_MgIIGreen_81.1518m58.1761.fits
QSO_sim_z2.05_MgIIGreen_81.1518m58.1761.fits
QSO_sim_z2.0_MgIIGreen_27.2767m19.6527.fits
QSO_sim_z2.0_MgIIGreen_27.2767m19.6527.fits
QSO_sim_z1.5_MgIIBlueDeep_196.8812p2.0178.fits
QSO_sim_z1.5_MgIIBlueDeep_196.8812p2.0178.fits
QSO_sim_z2.1336_MgIIBlueDeep_203.2994m1.7269.fits
QSO_sim_z2.1336_MgIIBlueDeep_203.2994m1.7269.fits
QSO_sim_z2.5_MgIIGreen_334.8841m73.5748.fits
QSO_sim_z2.5_MgIIGreen_334.8841m73.5748.fits
QSO_sim_z1.813_MgIIGreen_348.8937m77.9563.fits
QSO_sim_z1.813_MgIIGreen_348.8937m77.9563.fits
QSO_sim_z1.702_MgIIGreen_42.3201m11.6327.fits
QSO_sim_z1.702_MgIIGreen_42.3201m11.6327.fits
QSO_sim_z0.7969_MgIIBlueWide_211.2691m6.6824.fits
QSO_sim_z0.7969_MgIIBlueWide_211.2691m6.6824.fits
QSO_sim_z1.6_MgIIGreen_332.1756m74.518.fits
QSO_sim_z1.6_MgIIGreen_332.1756m74.518.fits
QSO_sim_z2.5755_MgIIBlueDeep_205.805m0.2554.fits
QSO_sim_z2.5755_MgIIBlueDeep_205.805m0.2554.fits
QSO_sim_z0.6134_MgIIBlueWide_5.5309m4.3842.fits
QSO_sim_z0.6134_MgIIBlueWide_5.5309m4.3842.fits
QSO_sim_z2.3803_MgIIGreen_65.8526m58.9038.fits
QSO_sim_z2.3803_MgIIGreen_65.8526m58.9038.fits
QSO_sim_z1.7_MgIIBlueDeep_212.6537p0.8387.fits
QSO_sim_z1.7_MgIIBlueDeep_212.6537p0.8387.fits
QSO_sim_z0.554_MgIIBlueWide_75.1804m52.9092.fits
QSO_sim_z0.554_MgIIBlueWide_75.1804m52.9092.fits
QSO_sim_z2.9_DLABlue_318.5974m53.0248.fits
QSO_sim_z2.9_DLABlue_318.5974m53.0248.fits
QSO_sim_z1.1068_MgIIGreen_164.9248p4.9496.fits
QSO_sim_z1.1068_MgIIGreen_164.9248p4.9496.fits
QSO_sim_z1.85_MgIIGreen_83.6054m61.6113.fits
QSO_sim_z1.85_MgIIGreen_83.6054m61.6113.fits
QSO_sim_z2.0155_MgIIBlueDeep_212.2588p0.8546.fits
QSO_sim_z2.0155_MgIIBlueDeep_212.2588p0.8546.fits
QSO_sim_z3.3_DLABlue_212.7214m30.2611.fits
QSO_sim_z3.3_DLABlue_212.7214m30.2611.fits
QSO_sim_z1.3192_MgIIGreen_42.3456m13.1372.fits
QSO_sim_z1.3192_MgIIGreen_42.3456m13.1372.fits
QSO_sim_z1.8917_MgIIGreen_164.2064p4.6479.fits
QSO_sim_z1.8917_MgIIGreen_164.2064p4.6479.fits
QSO_sim_z1.5447_MgIIGreen_42.6955m11.6567.fits
QSO_sim_z1.5447_MgIIGreen_42.6955m11.6567.fits
QSO_sim_z0.95_MgIIBlueWide_121.6655m76.2135.fits
QSO_sim_z0.95_MgIIBlueWide_121.6655m76.2135.fits
QSO_sim_z3.1_DLABlue_213.6525m34.6382.fits
QSO_sim_z3.1_DLABlue_213.6525m34.6382.fits
QSO_sim_z2.6734_DLABlue_3.1549m44.5723.fits
QSO_sim_z2.6734_DLABlue_3.1549m44.5723.fits
QSO_sim_z1.9964_MgIIBlueDeep_212.3266p0.8077.fits
QSO_sim_z1.9964_MgIIBlueDeep_212.3266p0.8077.fits
QSO_sim_z1.0712_MgIIGreen_151.044p0.405.fits
QSO_sim_z1.0712_MgIIGreen_151.044p0.405.fits
QSO_sim_z2.0_MgIIGreen_10.5255m47.8888.fits
QSO_sim_z2.0_MgIIGreen_10.5255m47.8888.fits
QSO_sim_z2.55_MgIIGreen_49.3939m66.5208.fits
QSO_sim_z2.55_MgIIGreen_49.3939m66.5208.fits
QSO_sim_z1.6_MgIIGreen_82.7076m45.7276.fits
QSO_sim_z1.6_MgIIGreen_82.7076m45.7276.fits
QSO_sim_z0.25_MgIIBlueWide_57.371m76.1203.fits
QSO_sim_z0.25_MgIIBlueWide_57.371m76.1203.fits
QSO_sim_z1.65_MgIIGreen_49.5652m66.6149.fits
QSO_sim_z1.65_MgIIGreen_49.5652m66.6149.fits
QSO_sim_z1.6158_MgIIGreen_27.6935m15.3848.fits
QSO_sim_z1.6158_MgIIGreen_27.6935m15.3848.fits
QSO_sim_z2.65_DLABlue_210.4694m37.4808.fits
QSO_sim_z2.65_DLABlue_210.4694m37.4808.fits
QSO_sim_z1.6_MgIIGreen_17.687p1.6808.fits
QSO_sim_z1.6_MgIIGreen_17.687p1.6808.fits
QSO_sim_z1.35_MgIIGreen_82.0467m47.9099.fits
QSO_sim_z1.35_MgIIGreen_82.0467m47.9099.fits
QSO_sim_z1.2_MgIIGreen_60.6433m32.1513.fits
QSO_sim_z1.2_MgIIGreen_60.6433m32.1513.fits
QSO_sim_z2.4_MgIIGreen_142.367m18.9815.fits
QSO_sim_z2.4_MgIIGreen_142.367m18.9815.fits
QSO_sim_z1.6402_MgIIGreen_28.6049m18.1608.fits
QSO_sim_z1.6402_MgIIGreen_28.6049m18.1608.fits
QSO_sim_z1.5023_MgIIGreen_67.5025p0.8372.fits
QSO_sim_z1.5023_MgIIGreen_67.5025p0.8372.fits
QSO_sim_z0.8_MgIIBlueWide_10.8187m12.42.fits
QSO_sim_z0.8_MgIIBlueWide_10.8187m12.42.fits
QSO_sim_z0.8331_MgIIBlueWide_77.8044m49.2393.fits
QSO_sim_z0.8331_MgIIBlueWide_77.8044m49.2393.fits
QSO_sim_z1.144_MgIIGreen_67.2647p0.3719.fits
QSO_sim_z1.144_MgIIGreen_67.2647p0.3719.fits
QSO_sim_z0.584_MgIIBlueDeep_191.3083m3.0609.fits
QSO_sim_z0.584_MgIIBlueDeep_191.3083m3.0609.fits
QSO_sim_z2.9_DLABlue_322.3397m2.1507.fits
QSO_sim_z2.9_DLABlue_322.3397m2.1507.fits
QSO_sim_z0.6887_MgIIBlueWide_60.9269m53.3121.fits
QSO_sim_z0.6887_MgIIBlueWide_60.9269m53.3121.fits
QSO_sim_z2.45_MgIIGreen_334.3592m77.5793.fits
QSO_sim_z2.45_MgIIGreen_334.3592m77.5793.fits
QSO_sim_z2.0696_MgIIGreen_174.5658p4.6285.fits
QSO_sim_z2.0696_MgIIGreen_174.5658p4.6285.fits
QSO_sim_z0.8723_MgIIBlueWide_2.3847m63.4818.fits
QSO_sim_z0.8723_MgIIBlueWide_2.3847m63.4818.fits
QSO_sim_z1.704_MgIIGreen_57.718m60.3944.fits
QSO_sim_z1.704_MgIIGreen_57.718m60.3944.fits
QSO_sim_z1.85_MgIIGreen_83.4121m45.0097.fits
QSO_sim_z1.85_MgIIGreen_83.4121m45.0097.fits
QSO_sim_z2.1_MgIIGreen_61.8159m34.0144.fits
QSO_sim_z2.1_MgIIGreen_61.8159m34.0144.fits
QSO_sim_z1.4908_MgIIGreen_71.6896m59.2242.fits
QSO_sim_z1.4908_MgIIGreen_71.6896m59.2242.fits
QSO_sim_z1.3416_MgIIGreen_56.6036m60.4002.fits
QSO_sim_z1.3416_MgIIGreen_56.6036m60.4002.fits
QSO_sim_z1.5632_MgIIGreen_72.6126m58.9008.fits
QSO_sim_z1.5632_MgIIGreen_72.6126m58.9008.fits
QSO_sim_z1.1992_MgIIGreen_7.1812m5.9927.fits
QSO_sim_z1.1992_MgIIGreen_7.1812m5.9927.fits
QSO_sim_z2.6684_DLABlue_219.816m7.5476.fits
QSO_sim_z2.6684_DLABlue_219.816m7.5476.fits
QSO_sim_z1.45_MgIIGreen_183.558m38.8173.fits
QSO_sim_z1.45_MgIIGreen_183.558m38.8173.fits
QSO_sim_z1.6145_MgIIGreen_53.6248m2.9146.fits
QSO_sim_z1.6145_MgIIGreen_53.6248m2.9146.fits
QSO_sim_z0.8_MgIIBlueWide_123.7428m76.7543.fits
QSO_sim_z0.8_MgIIBlueWide_123.7428m76.7543.fits
QSO_sim_z1.0057_MgIIBlueWide_9.2684m0.9096.fits
QSO_sim_z1.0057_MgIIBlueWide_9.2684m0.9096.fits
QSO_sim_z1.25_MgIIGreen_53.6059m3.8628.fits
QSO_sim_z1.25_MgIIGreen_53.6059m3.8628.fits
QSO_sim_z1.0648_MgIIGreen_334.3353m76.7618.fits
QSO_sim_z1.0648_MgIIGreen_334.3353m76.7618.fits
QSO_sim_z0.7469_MgIIBlueWide_13.6847m12.0573.fits
QSO_sim_z0.7469_MgIIBlueWide_13.6847m12.0573.fits
QSO_sim_z1.5_MgIIGreen_11.6738m47.4991.fits
QSO_sim_z1.5_MgIIGreen_11.6738m47.4991.fits
QSO_sim_z1.9237_MgIIBlueDeep_210.2096p2.4718.fits
QSO_sim_z1.9237_MgIIBlueDeep_210.2096p2.4718.fits
QSO_sim_z2.0_MgIIGreen_76.162m18.8202.fits
QSO_sim_z2.0_MgIIGreen_76.162m18.8202.fits
QSO_sim_z2.75_DLABlue_323.3064m6.0836.fits
QSO_sim_z2.75_DLABlue_323.3064m6.0836.fits
QSO_sim_z1.6_MgIIGreen_48.3073m70.3704.fits
QSO_sim_z1.6_MgIIGreen_48.3073m70.3704.fits
QSO_sim_z2.3_MgIIGreen_74.6287m1.5904.fits
QSO_sim_z2.3_MgIIGreen_74.6287m1.5904.fits
QSO_sim_z1.9_MgIIGreen_143.3178m19.8465.fits
QSO_sim_z1.9_MgIIGreen_143.3178m19.8465.fits
QSO_sim_z2.25_MgIIGreen_77.3585m18.4164.fits
QSO_sim_z2.25_MgIIGreen_77.3585m18.4164.fits
QSO_sim_z0.898_MgIIBlueWide_71.4524m50.6911.fits
QSO_sim_z0.898_MgIIBlueWide_71.4524m50.6911.fits
QSO_sim_z0.35_MgIIBlueWide_126.3677m74.2614.fits
QSO_sim_z0.35_MgIIBlueWide_126.3677m74.2614.fits
QSO_sim_z1.9381_MgIIGreen_21.4663m3.7033.fits
QSO_sim_z1.9381_MgIIGreen_21.4663m3.7033.fits
QSO_sim_z1.6517_MgIIGreen_43.4837m14.9244.fits
QSO_sim_z1.6517_MgIIGreen_43.4837m14.9244.fits
QSO_sim_z2.5_MgIIGreen_154.7017p0.5635.fits
QSO_sim_z2.5_MgIIGreen_154.7017p0.5635.fits
QSO_sim_z1.1874_MgIIGreen_169.8593m9.425.fits
QSO_sim_z1.1874_MgIIGreen_169.8593m9.425.fits
QSO_sim_z2.25_MgIIGreen_339.7079m67.567.fits
QSO_sim_z2.25_MgIIGreen_339.7079m67.567.fits
QSO_sim_z1.85_MgIIBlueDeep_197.9846p0.8356.fits
QSO_sim_z1.85_MgIIBlueDeep_197.9846p0.8356.fits
QSO_sim_z1.3061_MgIIGreen_7.8326m8.9951.fits
QSO_sim_z1.3061_MgIIGreen_7.8326m8.9951.fits
QSO_sim_z1.7972_MgIIBlueDeep_335.8645m30.5628.fits
QSO_sim_z1.7972_MgIIBlueDeep_335.8645m30.5628.fits
QSO_sim_z2.7724_MgIIBlueDeep_202.034m0.5032.fits
QSO_sim_z2.7724_MgIIBlueDeep_202.034m0.5032.fits
QSO_sim_z2.1946_MgIIGreen_70.2808m4.7998.fits
QSO_sim_z2.1946_MgIIGreen_70.2808m4.7998.fits
QSO_sim_z2.0477_MgIIGreen_38.6845m4.1128.fits
QSO_sim_z2.0477_MgIIGreen_38.6845m4.1128.fits
QSO_sim_z2.395_MgIIGreen_66.8821m57.7046.fits
QSO_sim_z2.395_MgIIGreen_66.8821m57.7046.fits
QSO_sim_z2.1327_MgIIBlueDeep_197.1287p0.25.fits
QSO_sim_z2.1327_MgIIBlueDeep_197.1287p0.25.fits
QSO_sim_z1.5_MgIIGreen_150.8861p0.5196.fits
QSO_sim_z1.5_MgIIGreen_150.8861p0.5196.fits
QSO_sim_z0.55_MgIIBlueWide_125.8157m77.4051.fits
QSO_sim_z0.55_MgIIBlueWide_125.8157m77.4051.fits
QSO_sim_z2.15_MgIIGreen_96.3637m51.672.fits
QSO_sim_z2.15_MgIIGreen_96.3637m51.672.fits
QSO_sim_z2.6_DLABlue_323.7713m13.7992.fits
QSO_sim_z2.6_DLABlue_323.7713m13.7992.fits
QSO_sim_z2.85_DLABlue_215.7185m20.7639.fits
QSO_sim_z2.85_DLABlue_215.7185m20.7639.fits
QSO_sim_z2.5763_MgIIGreen_54.8358m1.0803.fits
QSO_sim_z2.5763_MgIIGreen_54.8358m1.0803.fits
QSO_sim_z2.0548_MgIIGreen_7.8317m9.2987.fits
QSO_sim_z2.0548_MgIIGreen_7.8317m9.2987.fits
QSO_sim_z2.5_MgIIGreen_58.3929m10.3566.fits
QSO_sim_z2.5_MgIIGreen_58.3929m10.3566.fits
QSO_sim_z1.2_MgIIGreen_97.2591m50.9724.fits
QSO_sim_z1.2_MgIIGreen_97.2591m50.9724.fits
QSO_sim_z2.2627_MgIIGreen_21.9958m1.5651.fits
QSO_sim_z2.2627_MgIIGreen_21.9958m1.5651.fits
QSO_sim_z1.5_MgIIGreen_46.9583m74.7891.fits
QSO_sim_z1.5_MgIIGreen_46.9583m74.7891.fits
QSO_sim_z0.9873_MgIIBlueDeep_205.4289m2.3584.fits
QSO_sim_z0.9873_MgIIBlueDeep_205.4289m2.3584.fits
QSO_sim_z2.6919_DLABlue_20.7863m21.1827.fits
QSO_sim_z2.6919_DLABlue_20.7863m21.1827.fits
QSO_sim_z2.7386_DLABlue_354.9639m12.9928.fits
QSO_sim_z2.7386_DLABlue_354.9639m12.9928.fits
QSO_sim_z0.95_MgIIBlueWide_11.7198m16.2686.fits
QSO_sim_z0.95_MgIIBlueWide_11.7198m16.2686.fits
QSO_sim_z0.7_MgIIBlueWide_61.3438m56.4229.fits
QSO_sim_z0.7_MgIIBlueWide_61.3438m56.4229.fits
QSO_sim_z2.288_MgIIGreen_70.5609m1.7261.fits
QSO_sim_z2.288_MgIIGreen_70.5609m1.7261.fits
QSO_sim_z2.7921_DLABlue_330.7689m13.6839.fits
QSO_sim_z2.7921_DLABlue_330.7689m13.6839.fits
QSO_sim_z3.2425_DLABlue_22.6668m19.8274.fits
QSO_sim_z3.2425_DLABlue_22.6668m19.8274.fits
QSO_sim_z2.0_MgIIGreen_9.0916m68.0807.fits
QSO_sim_z2.0_MgIIGreen_9.0916m68.0807.fits
QSO_sim_z1.3499_MgIIBlueDeep_215.0761m3.8564.fits
QSO_sim_z1.3499_MgIIBlueDeep_215.0761m3.8564.fits
QSO_sim_z1.4237_MgIIGreen_62.5924m56.985.fits
QSO_sim_z1.4237_MgIIGreen_62.5924m56.985.fits
QSO_sim_z2.6123_DLABlue_232.8523m26.6416.fits
QSO_sim_z2.6123_DLABlue_232.8523m26.6416.fits
QSO_sim_z1.4467_MgIIGreen_62.2808m57.0433.fits
QSO_sim_z1.4467_MgIIGreen_62.2808m57.0433.fits
QSO_sim_z2.1_MgIIGreen_63.8643m37.5786.fits
QSO_sim_z2.1_MgIIGreen_63.8643m37.5786.fits
QSO_sim_z1.3925_MgIIGreen_165.6661m9.1028.fits
QSO_sim_z1.3925_MgIIGreen_165.6661m9.1028.fits
QSO_sim_z2.2669_MgIIGreen_69.6219m55.7525.fits
QSO_sim_z2.2669_MgIIGreen_69.6219m55.7525.fits
QSO_sim_z1.8757_MgIIGreen_54.1216m3.1833.fits
QSO_sim_z1.8757_MgIIGreen_54.1216m3.1833.fits
QSO_sim_z3.1903_DLABlue_236.3309m23.5831.fits
QSO_sim_z3.1903_DLABlue_236.3309m23.5831.fits
QSO_sim_z0.75_MgIIBlueWide_11.9599m19.9005.fits
QSO_sim_z0.75_MgIIBlueWide_11.9599m19.9005.fits
QSO_sim_z0.7778_MgIIBlueWide_4.2982m0.4127.fits
QSO_sim_z0.7778_MgIIBlueWide_4.2982m0.4127.fits
QSO_sim_z1.1888_MgIIGreen_58.4065m14.211.fits
QSO_sim_z1.1888_MgIIGreen_58.4065m14.211.fits
QSO_sim_z2.7001_DLABlue_353.9462m11.9366.fits
QSO_sim_z2.7001_DLABlue_353.9462m11.9366.fits
QSO_sim_z0.8181_MgIIBlueDeep_212.2044p0.1679.fits
QSO_sim_z0.8181_MgIIBlueDeep_212.2044p0.1679.fits
QSO_sim_z1.0_MgIIBlueWide_12.8902m18.7497.fits
QSO_sim_z1.0_MgIIBlueWide_12.8902m18.7497.fits
QSO_sim_z2.65_DLABlue_164.4987m14.0716.fits
QSO_sim_z2.65_DLABlue_164.4987m14.0716.fits
QSO_sim_z2.9821_DLABlue_48.4595m35.8765.fits
QSO_sim_z2.9821_DLABlue_48.4595m35.8765.fits
QSO_sim_z0.35_MgIIBlueWide_129.3313m78.4822.fits
QSO_sim_z0.35_MgIIBlueWide_129.3313m78.4822.fits
QSO_sim_z1.5493_MgIIBlueDeep_197.9955p1.3149.fits
QSO_sim_z1.5493_MgIIBlueDeep_197.9955p1.3149.fits
QSO_sim_z1.5_MgIIGreen_144.1988m17.883.fits
QSO_sim_z1.5_MgIIGreen_144.1988m17.883.fits
QSO_sim_z1.9699_MgIIGreen_39.0433m2.3722.fits
QSO_sim_z1.9699_MgIIGreen_39.0433m2.3722.fits
QSO_sim_z1.2473_MgIIGreen_61.4037m56.3664.fits
QSO_sim_z1.2473_MgIIGreen_61.4037m56.3664.fits
QSO_sim_z2.6_DLABlue_161.9365m10.8626.fits
QSO_sim_z2.6_DLABlue_161.9365m10.8626.fits
QSO_sim_z1.158_MgIIGreen_71.646m1.511.fits
QSO_sim_z1.158_MgIIGreen_71.646m1.511.fits
QSO_sim_z2.1867_MgIIGreen_61.7427m56.2017.fits
QSO_sim_z2.1867_MgIIGreen_61.7427m56.2017.fits
QSO_sim_z1.15_MgIIGreen_82.2932m51.6763.fits
QSO_sim_z1.15_MgIIGreen_82.2932m51.6763.fits
QSO_sim_z1.8931_MgIIBlueDeep_197.1463p2.4704.fits
QSO_sim_z1.8931_MgIIBlueDeep_197.1463p2.4704.fits
QSO_sim_z1.2_MgIIGreen_5.747m67.2548.fits
QSO_sim_z1.2_MgIIGreen_5.747m67.2548.fits
QSO_sim_z1.65_MgIIGreen_82.6256m51.4247.fits
QSO_sim_z1.65_MgIIGreen_82.6256m51.4247.fits
QSO_sim_z1.5098_MgIIBlueDeep_207.5591p2.7588.fits
QSO_sim_z1.5098_MgIIBlueDeep_207.5591p2.7588.fits
QSO_sim_z1.2713_MgIIGreen_40.7331m15.6487.fits
QSO_sim_z1.2713_MgIIGreen_40.7331m15.6487.fits
QSO_sim_z2.0_MgIIGreen_25.7359m18.8328.fits
QSO_sim_z2.0_MgIIGreen_25.7359m18.8328.fits
QSO_sim_z3.5344_DLABlue_303.8179m29.4338.fits
QSO_sim_z3.5344_DLABlue_303.8179m29.4338.fits
QSO_sim_z1.75_MgIIGreen_193.1188m25.3254.fits
QSO_sim_z1.75_MgIIGreen_193.1188m25.3254.fits
QSO_sim_z1.3465_MgIIGreen_22.5683m4.0843.fits
QSO_sim_z1.3465_MgIIGreen_22.5683m4.0843.fits
QSO_sim_z2.35_MgIIGreen_79.9924m17.7307.fits
QSO_sim_z2.35_MgIIGreen_79.9924m17.7307.fits
QSO_sim_z2.35_MgIIGreen_9.873m7.4642.fits
QSO_sim_z2.35_MgIIGreen_9.873m7.4642.fits
QSO_sim_z2.3_MgIIGreen_194.6907m34.1311.fits
QSO_sim_z2.3_MgIIGreen_194.6907m34.1311.fits
QSO_sim_z1.3688_MgIIGreen_356.7697m76.9063.fits
QSO_sim_z1.3688_MgIIGreen_356.7697m76.9063.fits
QSO_sim_z1.4979_MgIIGreen_159.2745m4.8338.fits
QSO_sim_z1.4979_MgIIGreen_159.2745m4.8338.fits
QSO_sim_z1.05_MgIIGreen_49.3756m78.0295.fits
QSO_sim_z1.05_MgIIGreen_49.3756m78.0295.fits
QSO_sim_z1.6_MgIIGreen_50.7348m1.2727.fits
QSO_sim_z1.6_MgIIGreen_50.7348m1.2727.fits
QSO_sim_z1.0854_MgIIGreen_177.0606m7.3472.fits
QSO_sim_z1.0854_MgIIGreen_177.0606m7.3472.fits
QSO_sim_z1.55_MgIIGreen_212.893m20.7756.fits
QSO_sim_z1.55_MgIIGreen_212.893m20.7756.fits
QSO_sim_z1.5643_MgIIBlueDeep_205.2634m0.4135.fits
QSO_sim_z1.5643_MgIIBlueDeep_205.2634m0.4135.fits
QSO_sim_z1.9534_MgIIGreen_50.4957m1.373.fits
QSO_sim_z1.9534_MgIIGreen_50.4957m1.373.fits
QSO_sim_z0.5294_MgIIBlueWide_98.3422m77.2928.fits
QSO_sim_z0.5294_MgIIBlueWide_98.3422m77.2928.fits
QSO_sim_z1.987_MgIIGreen_177.0513m5.2561.fits
QSO_sim_z1.987_MgIIGreen_177.0513m5.2561.fits
QSO_sim_z2.5923_DLABlue_310.8184m21.9363.fits
QSO_sim_z2.5923_DLABlue_310.8184m21.9363.fits
QSO_sim_z1.45_MgIIGreen_87.3474m59.4157.fits
QSO_sim_z1.45_MgIIGreen_87.3474m59.4157.fits
QSO_sim_z1.65_MgIIGreen_194.3834m32.2072.fits
QSO_sim_z1.65_MgIIGreen_194.3834m32.2072.fits
QSO_sim_z1.9033_MgIIBlueDeep_212.384p1.2934.fits
QSO_sim_z1.9033_MgIIBlueDeep_212.384p1.2934.fits
QSO_sim_z1.6628_MgIIGreen_9.3644m7.2375.fits
QSO_sim_z1.6628_MgIIGreen_9.3644m7.2375.fits
QSO_sim_z2.0_MgIIGreen_86.9573m59.5885.fits
QSO_sim_z2.0_MgIIGreen_86.9573m59.5885.fits
QSO_sim_z1.5675_MgIIGreen_35.8757m1.1564.fits
QSO_sim_z1.5675_MgIIGreen_35.8757m1.1564.fits
QSO_sim_z0.6449_MgIIBlueDeep_212.3205p3.0483.fits
QSO_sim_z0.6449_MgIIBlueDeep_212.3205p3.0483.fits
QSO_sim_z2.45_MgIIGreen_335.9713m74.3061.fits
QSO_sim_z2.45_MgIIGreen_335.9713m74.3061.fits
QSO_sim_z0.7086_MgIIBlueWide_12.3361p2.1492.fits
QSO_sim_z0.7086_MgIIBlueWide_12.3361p2.1492.fits
QSO_sim_z1.25_MgIIGreen_87.0976m57.5446.fits
QSO_sim_z1.25_MgIIGreen_87.0976m57.5446.fits
QSO_sim_z1.4086_MgIIGreen_71.8787m0.5778.fits
QSO_sim_z1.4086_MgIIGreen_71.8787m0.5778.fits
QSO_sim_z2.25_MgIIGreen_101.4779m46.2937.fits
QSO_sim_z2.25_MgIIGreen_101.4779m46.2937.fits
QSO_sim_z1.65_MgIIGreen_11.9784m54.0405.fits
QSO_sim_z1.65_MgIIGreen_11.9784m54.0405.fits
QSO_sim_z1.4251_MgIIGreen_155.9282m3.1391.fits
QSO_sim_z1.4251_MgIIGreen_155.9282m3.1391.fits
QSO_sim_z1.9_MgIIGreen_182.5789m37.4506.fits
QSO_sim_z1.9_MgIIGreen_182.5789m37.4506.fits
QSO_sim_z2.05_MgIIGreen_212.8642m21.4403.fits
QSO_sim_z2.05_MgIIGreen_212.8642m21.4403.fits
QSO_sim_z0.551_MgIIBlueWide_12.8123p3.3738.fits
QSO_sim_z0.551_MgIIBlueWide_12.8123p3.3738.fits
QSO_sim_z2.8507_DLABlue_352.7919m7.763.fits
QSO_sim_z2.8507_DLABlue_352.7919m7.763.fits
QSO_sim_z3.4113_DLABlue_306.7238m19.294.fits
QSO_sim_z3.4113_DLABlue_306.7238m19.294.fits
QSO_sim_z1.45_MgIIGreen_61.5841m37.9328.fits
QSO_sim_z1.45_MgIIGreen_61.5841m37.9328.fits
QSO_sim_z1.55_MgIIGreen_142.8414m21.0343.fits
QSO_sim_z1.55_MgIIGreen_142.8414m21.0343.fits
QSO_sim_z1.8123_MgIIGreen_155.6572m3.7196.fits
QSO_sim_z1.8123_MgIIGreen_155.6572m3.7196.fits
QSO_sim_z1.7_MgIIGreen_47.8237m75.4535.fits
QSO_sim_z1.7_MgIIGreen_47.8237m75.4535.fits
QSO_sim_z0.9_MgIIBlueWide_334.3918m70.4605.fits
QSO_sim_z0.9_MgIIBlueWide_334.3918m70.4605.fits
QSO_sim_z2.1362_MgIIBlueDeep_205.8166m3.5393.fits
QSO_sim_z2.1362_MgIIBlueDeep_205.8166m3.5393.fits
QSO_sim_z1.6_MgIIGreen_62.0389m43.4098.fits
QSO_sim_z1.6_MgIIGreen_62.0389m43.4098.fits
QSO_sim_z1.6595_MgIIGreen_35.7053m0.0336.fits
QSO_sim_z1.6595_MgIIGreen_35.7053m0.0336.fits
QSO_sim_z2.1_MgIIGreen_5.104m73.4896.fits
QSO_sim_z2.1_MgIIGreen_5.104m73.4896.fits
QSO_sim_z1.5961_MgIIGreen_72.8743m0.3547.fits
QSO_sim_z1.5961_MgIIGreen_72.8743m0.3547.fits
QSO_sim_z1.0_MgIIBlueWide_64.7006m67.2332.fits
QSO_sim_z1.0_MgIIBlueWide_64.7006m67.2332.fits
QSO_sim_z1.7598_MgIIGreen_178.6678m7.0095.fits
QSO_sim_z1.7598_MgIIGreen_178.6678m7.0095.fits
QSO_sim_z2.1569_MgIIBlueDeep_212.2736p3.7757.fits
QSO_sim_z2.1569_MgIIBlueDeep_212.2736p3.7757.fits
QSO_sim_z0.9928_MgIIBlueWide_124.7948m74.8644.fits
QSO_sim_z0.9928_MgIIBlueWide_124.7948m74.8644.fits
QSO_sim_z2.15_MgIIBlueDeep_205.3292m0.9866.fits
QSO_sim_z2.15_MgIIBlueDeep_205.3292m0.9866.fits
QSO_sim_z1.55_MgIIGreen_5.2955m74.4727.fits
QSO_sim_z1.55_MgIIGreen_5.2955m74.4727.fits
QSO_sim_z1.7_MgIIGreen_213.7263m21.163.fits
QSO_sim_z1.7_MgIIGreen_213.7263m21.163.fits
QSO_sim_z0.8_MgIIBlueWide_14.5526m39.9099.fits
QSO_sim_z0.8_MgIIBlueWide_14.5526m39.9099.fits
QSO_sim_z2.996_DLABlue_218.7389m18.7297.fits
QSO_sim_z2.996_DLABlue_218.7389m18.7297.fits
QSO_sim_z1.8_MgIIGreen_103.6374m53.7017.fits
QSO_sim_z1.8_MgIIGreen_103.6374m53.7017.fits
QSO_sim_z3.2247_DLABlue_315.4774m18.5419.fits
QSO_sim_z3.2247_DLABlue_315.4774m18.5419.fits
QSO_sim_z1.8422_MgIIGreen_178.4663m7.7341.fits
QSO_sim_z1.8422_MgIIGreen_178.4663m7.7341.fits
QSO_sim_z2.4383_MgIIBlueDeep_197.0152p1.5798.fits
QSO_sim_z2.4383_MgIIBlueDeep_197.0152p1.5798.fits
QSO_sim_z2.0_MgIIGreen_104.0709m53.0039.fits
QSO_sim_z2.0_MgIIGreen_104.0709m53.0039.fits
QSO_sim_z1.1_MgIIGreen_204.4402m34.7452.fits
QSO_sim_z1.1_MgIIGreen_204.4402m34.7452.fits
QSO_sim_z2.0389_MgIIGreen_349.4879m76.5067.fits
QSO_sim_z2.0389_MgIIGreen_349.4879m76.5067.fits
QSO_sim_z1.7763_MgIIBlueDeep_211.9722m3.7596.fits
QSO_sim_z1.7763_MgIIBlueDeep_211.9722m3.7596.fits
QSO_sim_z1.35_MgIIGreen_191.7483m31.7489.fits
QSO_sim_z1.35_MgIIGreen_191.7483m31.7489.fits
QSO_sim_z1.5628_MgIIGreen_5.6898m8.2188.fits
QSO_sim_z1.5628_MgIIGreen_5.6898m8.2188.fits
QSO_sim_z1.45_MgIIBlueDeep_197.4673p1.8873.fits
QSO_sim_z1.45_MgIIBlueDeep_197.4673p1.8873.fits
QSO_sim_z1.55_MgIIBlueDeep_212.796p0.5984.fits
QSO_sim_z1.55_MgIIBlueDeep_212.796p0.5984.fits
QSO_sim_z0.95_MgIIBlueWide_13.7112m37.6717.fits
QSO_sim_z0.95_MgIIBlueWide_13.7112m37.6717.fits
QSO_sim_z3.2122_DLABlue_212.7144m19.9312.fits
QSO_sim_z3.2122_DLABlue_212.7144m19.9312.fits
QSO_sim_z2.65_DLABlue_326.6162m14.1165.fits
QSO_sim_z2.65_DLABlue_326.6162m14.1165.fits
QSO_sim_z2.05_MgIIGreen_51.6994m64.9828.fits
QSO_sim_z2.05_MgIIGreen_51.6994m64.9828.fits
QSO_sim_z3.0_DLABlue_223.0402m26.0681.fits
QSO_sim_z3.0_DLABlue_223.0402m26.0681.fits
QSO_sim_z1.9018_MgIIGreen_24.0075m0.6042.fits
QSO_sim_z1.9018_MgIIGreen_24.0075m0.6042.fits
QSO_sim_z1.5047_MgIIGreen_36.1591m0.1828.fits
QSO_sim_z1.5047_MgIIGreen_36.1591m0.1828.fits
QSO_sim_z1.05_MgIIGreen_75.4389m23.2771.fits
QSO_sim_z1.05_MgIIGreen_75.4389m23.2771.fits
QSO_sim_z1.4855_MgIIGreen_179.3193m8.6455.fits
QSO_sim_z1.4855_MgIIGreen_179.3193m8.6455.fits
QSO_sim_z1.15_MgIIGreen_180.0794m41.4006.fits
QSO_sim_z1.15_MgIIGreen_180.0794m41.4006.fits
QSO_sim_z1.65_MgIIGreen_143.7729m20.6918.fits
QSO_sim_z1.65_MgIIGreen_143.7729m20.6918.fits
QSO_sim_z1.95_MgIIGreen_214.3376m26.8578.fits
QSO_sim_z1.95_MgIIGreen_214.3376m26.8578.fits
QSO_sim_z2.7781_DLABlue_168.9429m4.6739.fits
QSO_sim_z2.7781_DLABlue_168.9429m4.6739.fits
QSO_sim_z1.9_MgIIGreen_85.3591m57.1623.fits
QSO_sim_z1.9_MgIIGreen_85.3591m57.1623.fits
QSO_sim_z1.5672_MgIIGreen_52.2081m7.2426.fits
QSO_sim_z1.5672_MgIIGreen_52.2081m7.2426.fits
QSO_sim_z1.0555_MgIIGreen_52.2594m7.4633.fits
QSO_sim_z1.0555_MgIIGreen_52.2594m7.4633.fits
QSO_sim_z1.1247_MgIIGreen_56.8535m18.0687.fits
QSO_sim_z1.1247_MgIIGreen_56.8535m18.0687.fits
QSO_sim_z2.8_DLABlue_328.3306m14.0696.fits
QSO_sim_z2.8_DLABlue_328.3306m14.0696.fits
QSO_sim_z1.45_MgIIGreen_76.6389m24.7606.fits
QSO_sim_z1.45_MgIIGreen_76.6389m24.7606.fits
QSO_sim_z2.4498_MgIIGreen_342.317m75.3748.fits
QSO_sim_z2.4498_MgIIGreen_342.317m75.3748.fits
QSO_sim_z2.0_MgIIGreen_335.3489m75.5496.fits
QSO_sim_z2.0_MgIIGreen_335.3489m75.5496.fits
QSO_sim_z1.35_MgIIGreen_25.4687m21.908.fits
QSO_sim_z1.35_MgIIGreen_25.4687m21.908.fits
QSO_sim_z1.2_MgIIGreen_73.2558m3.2666.fits
QSO_sim_z1.2_MgIIGreen_73.2558m3.2666.fits
QSO_sim_z1.75_MgIIGreen_51.8412m60.9292.fits
QSO_sim_z1.75_MgIIGreen_51.8412m60.9292.fits
QSO_sim_z1.5_MgIIGreen_143.8188m21.2127.fits
QSO_sim_z1.5_MgIIGreen_143.8188m21.2127.fits
QSO_sim_z1.9_MgIIGreen_191.7023m33.9911.fits
QSO_sim_z1.9_MgIIGreen_191.7023m33.9911.fits
QSO_sim_z2.9501_DLABlue_203.6201m7.4096.fits
QSO_sim_z2.9501_DLABlue_203.6201m7.4096.fits
QSO_sim_z1.3179_MgIIGreen_56.672m15.7385.fits
QSO_sim_z1.3179_MgIIGreen_56.672m15.7385.fits
QSO_sim_z0.65_MgIIBlueWide_60.9731m74.3325.fits
QSO_sim_z0.65_MgIIBlueWide_60.9731m74.3325.fits
QSO_sim_z3.2548_DLABlue_321.5611m12.1173.fits
QSO_sim_z3.2548_DLABlue_321.5611m12.1173.fits
QSO_sim_z2.9663_DLABlue_213.7877m17.5606.fits
QSO_sim_z2.9663_DLABlue_213.7877m17.5606.fits
QSO_sim_z2.544_MgIIGreen_52.6609m8.2238.fits
QSO_sim_z2.544_MgIIGreen_52.6609m8.2238.fits
QSO_sim_z2.05_MgIIGreen_12.9072m56.2867.fits
QSO_sim_z2.05_MgIIGreen_12.9072m56.2867.fits
QSO_sim_z2.1188_MgIIBlueDeep_192.0125m2.3647.fits
QSO_sim_z2.1188_MgIIBlueDeep_192.0125m2.3647.fits
QSO_sim_z2.6741_DLABlue_358.4528m3.1824.fits
QSO_sim_z2.6741_DLABlue_358.4528m3.1824.fits
QSO_sim_z2.35_MgIIGreen_9.1357m78.3153.fits
QSO_sim_z2.35_MgIIGreen_9.1357m78.3153.fits
QSO_sim_z2.2522_MgIIGreen_2.6774m64.5241.fits
QSO_sim_z2.2522_MgIIGreen_2.6774m64.5241.fits
QSO_sim_z2.6511_DLABlue_216.5654m15.3003.fits
QSO_sim_z2.6511_DLABlue_216.5654m15.3003.fits
QSO_sim_z2.0_MgIIGreen_7.9331m13.7082.fits
QSO_sim_z2.0_MgIIGreen_7.9331m13.7082.fits
QSO_sim_z2.0383_MgIIGreen_56.6167m15.5463.fits
QSO_sim_z2.0383_MgIIGreen_56.6167m15.5463.fits
QSO_sim_z1.7781_MgIIGreen_53.9781m9.6313.fits
QSO_sim_z1.7781_MgIIGreen_53.9781m9.6313.fits
QSO_sim_z2.0476_MgIIGreen_158.4463m6.6328.fits
QSO_sim_z2.0476_MgIIGreen_158.4463m6.6328.fits
QSO_sim_z2.175_MgIIGreen_9.1627m63.6619.fits
QSO_sim_z2.175_MgIIGreen_9.1627m63.6619.fits
QSO_sim_z1.3701_MgIIBlueDeep_212.6875p3.6826.fits
QSO_sim_z1.3701_MgIIBlueDeep_212.6875p3.6826.fits
QSO_sim_z1.25_MgIIGreen_13.8676m56.4689.fits
QSO_sim_z1.25_MgIIGreen_13.8676m56.4689.fits
QSO_sim_z1.65_MgIIGreen_210.7674m28.5243.fits
QSO_sim_z1.65_MgIIGreen_210.7674m28.5243.fits
QSO_sim_z1.7_MgIIGreen_144.1111m21.51.fits
QSO_sim_z1.7_MgIIGreen_144.1111m21.51.fits
QSO_sim_z1.55_MgIIGreen_211.2771m27.0872.fits
QSO_sim_z1.55_MgIIGreen_211.2771m27.0872.fits
QSO_sim_z2.6_DLABlue_169.9136m16.3895.fits
QSO_sim_z2.6_DLABlue_169.9136m16.3895.fits
QSO_sim_z1.75_MgIIGreen_101.926m53.0335.fits
QSO_sim_z1.75_MgIIGreen_101.926m53.0335.fits
QSO_sim_z1.1359_MgIIGreen_20.1144m9.7194.fits
QSO_sim_z1.1359_MgIIGreen_20.1144m9.7194.fits
QSO_sim_z1.05_MgIIGreen_60.154m42.952.fits
QSO_sim_z1.05_MgIIGreen_60.154m42.952.fits
QSO_sim_z0.85_MgIIBlueDeep_192.4583m2.4897.fits
QSO_sim_z0.85_MgIIBlueDeep_192.4583m2.4897.fits
QSO_sim_z2.0625_MgIIGreen_38.44m5.7304.fits
QSO_sim_z2.0625_MgIIGreen_38.44m5.7304.fits
QSO_sim_z1.0497_MgIIGreen_74.155m8.3853.fits
QSO_sim_z1.0497_MgIIGreen_74.155m8.3853.fits
QSO_sim_z1.15_MgIIGreen_175.1804m12.7541.fits
QSO_sim_z1.15_MgIIGreen_175.1804m12.7541.fits
QSO_sim_z1.4672_MgIIGreen_21.0375m6.5079.fits
QSO_sim_z1.4672_MgIIGreen_21.0375m6.5079.fits
QSO_sim_z2.0615_MgIIGreen_14.7453p0.9361.fits
QSO_sim_z2.0615_MgIIGreen_14.7453p0.9361.fits
QSO_sim_z1.4_MgIIGreen_102.4423m51.0072.fits
QSO_sim_z1.4_MgIIGreen_102.4423m51.0072.fits
QSO_sim_z1.5_MgIIGreen_60.3171m43.8087.fits
QSO_sim_z1.5_MgIIGreen_60.3171m43.8087.fits
QSO_sim_z1.25_MgIIGreen_27.7303m37.3894.fits
QSO_sim_z1.25_MgIIGreen_27.7303m37.3894.fits
QSO_sim_z1.5266_MgIIBlueDeep_197.3929p0.6435.fits
QSO_sim_z1.5266_MgIIBlueDeep_197.3929p0.6435.fits
QSO_sim_z2.9562_DLABlue_227.9457m1.1679.fits
QSO_sim_z2.9562_DLABlue_227.9457m1.1679.fits
QSO_sim_z1.2665_MgIIGreen_14.8409p2.6397.fits
QSO_sim_z1.2665_MgIIGreen_14.8409p2.6397.fits
QSO_sim_z2.44_MgIIGreen_359.8146m73.9068.fits
QSO_sim_z2.44_MgIIGreen_359.8146m73.9068.fits
QSO_sim_z1.5_MgIIGreen_61.2899m40.3559.fits
QSO_sim_z1.5_MgIIGreen_61.2899m40.3559.fits
QSO_sim_z0.775_MgIIBlueWide_17.8775p4.9376.fits
QSO_sim_z0.775_MgIIBlueWide_17.8775p4.9376.fits
QSO_sim_z1.25_MgIIGreen_213.0456m26.116.fits
QSO_sim_z1.25_MgIIGreen_213.0456m26.116.fits
QSO_sim_z1.1902_MgIIGreen_185.4803m4.0709.fits
QSO_sim_z1.1902_MgIIGreen_185.4803m4.0709.fits
QSO_sim_z0.55_MgIIBlueWide_60.6114m77.0551.fits
QSO_sim_z0.55_MgIIBlueWide_60.6114m77.0551.fits
QSO_sim_z1.698_MgIIGreen_74.2114m9.707.fits
QSO_sim_z1.698_MgIIGreen_74.2114m9.707.fits
QSO_sim_z1.6776_MgIIGreen_8.608m10.9146.fits
QSO_sim_z1.6776_MgIIGreen_8.608m10.9146.fits
QSO_sim_z1.2151_MgIIGreen_20.5873m9.1002.fits
QSO_sim_z1.2151_MgIIGreen_20.5873m9.1002.fits
QSO_sim_z1.2_MgIIGreen_194.7032m35.1947.fits
QSO_sim_z1.2_MgIIGreen_194.7032m35.1947.fits
QSO_sim_z2.1_MgIIGreen_165.4483m12.6501.fits
QSO_sim_z2.1_MgIIGreen_165.4483m12.6501.fits
QSO_sim_z2.25_MgIIGreen_52.054m67.4533.fits
QSO_sim_z2.25_MgIIGreen_52.054m67.4533.fits
QSO_sim_z1.8742_MgIIGreen_42.8112m15.4215.fits
QSO_sim_z1.8742_MgIIGreen_42.8112m15.4215.fits
QSO_sim_z1.8_MgIIGreen_344.7513m66.064.fits
QSO_sim_z1.8_MgIIGreen_344.7513m66.064.fits
QSO_sim_z1.9442_MgIIGreen_158.8059m6.8156.fits
QSO_sim_z1.9442_MgIIGreen_158.8059m6.8156.fits
QSO_sim_z1.4_MgIIGreen_89.3598m19.9245.fits
QSO_sim_z1.4_MgIIGreen_89.3598m19.9245.fits
QSO_sim_z3.1153_DLABlue_221.8434m12.3675.fits
QSO_sim_z3.1153_DLABlue_221.8434m12.3675.fits
QSO_sim_z1.3_MgIIGreen_202.5936m30.7376.fits
QSO_sim_z1.3_MgIIGreen_202.5936m30.7376.fits
QSO_sim_z1.538_MgIIGreen_59.0201m18.9801.fits
QSO_sim_z1.538_MgIIGreen_59.0201m18.9801.fits
QSO_sim_z0.6428_MgIIBlueDeep_214.2691m3.1002.fits
QSO_sim_z0.6428_MgIIBlueDeep_214.2691m3.1002.fits
QSO_sim_z1.75_MgIIGreen_140.385p0.9422.fits
QSO_sim_z1.75_MgIIGreen_140.385p0.9422.fits
QSO_sim_z2.0_MgIIGreen_165.2527m14.3457.fits
QSO_sim_z2.0_MgIIGreen_165.2527m14.3457.fits
QSO_sim_z1.6731_MgIIGreen_70.9151m6.0902.fits
QSO_sim_z1.6731_MgIIGreen_70.9151m6.0902.fits
QSO_sim_z1.1_MgIIGreen_85.8769m16.3641.fits
QSO_sim_z1.1_MgIIGreen_85.8769m16.3641.fits
QSO_sim_z1.587_MgIIGreen_8.666m60.8102.fits
QSO_sim_z1.587_MgIIGreen_8.666m60.8102.fits
QSO_sim_z1.8797_MgIIGreen_8.9868m12.1976.fits
QSO_sim_z1.8797_MgIIGreen_8.9868m12.1976.fits
QSO_sim_z1.4101_MgIIBlueDeep_215.2433p2.2377.fits
QSO_sim_z1.4101_MgIIBlueDeep_215.2433p2.2377.fits
QSO_sim_z2.6_DLABlue_334.2839m14.3267.fits
QSO_sim_z2.6_DLABlue_334.2839m14.3267.fits
QSO_sim_z2.2_MgIIGreen_90.5403m54.9056.fits
QSO_sim_z2.2_MgIIGreen_90.5403m54.9056.fits
QSO_sim_z1.35_MgIIGreen_25.6537m38.5866.fits
QSO_sim_z1.35_MgIIGreen_25.6537m38.5866.fits
QSO_sim_z1.7186_MgIIGreen_11.5571m61.6514.fits
QSO_sim_z1.7186_MgIIGreen_11.5571m61.6514.fits
QSO_sim_z2.6969_DLABlue_55.9713m9.8489.fits
QSO_sim_z2.6969_DLABlue_55.9713m9.8489.fits
QSO_sim_z1.95_MgIIGreen_166.1336m14.7042.fits
QSO_sim_z1.95_MgIIGreen_166.1336m14.7042.fits
QSO_sim_z0.914_MgIIBlueWide_341.9625m13.8895.fits
QSO_sim_z0.914_MgIIBlueWide_341.9625m13.8895.fits
QSO_sim_z1.2088_MgIIBlueDeep_192.4766m3.318.fits
QSO_sim_z1.2088_MgIIBlueDeep_192.4766m3.318.fits
QSO_sim_z1.8068_MgIIGreen_22.0242m7.7611.fits
QSO_sim_z1.8068_MgIIGreen_22.0242m7.7611.fits
QSO_sim_z1.3391_MgIIBlueDeep_214.5252m2.9597.fits
QSO_sim_z1.3391_MgIIBlueDeep_214.5252m2.9597.fits
QSO_sim_z1.5_MgIIGreen_234.5879m12.2549.fits
QSO_sim_z1.5_MgIIGreen_234.5879m12.2549.fits
QSO_sim_z1.5552_MgIIGreen_5.0051m13.4909.fits
QSO_sim_z1.5552_MgIIGreen_5.0051m13.4909.fits
QSO_sim_z1.223_MgIIGreen_10.0077p3.003.fits
QSO_sim_z1.223_MgIIGreen_10.0077p3.003.fits
QSO_sim_z1.8237_MgIIGreen_351.9535m72.7618.fits
QSO_sim_z1.8237_MgIIGreen_351.9535m72.7618.fits
QSO_sim_z2.55_MgIIGreen_155.5045m9.7189.fits
QSO_sim_z2.55_MgIIGreen_155.5045m9.7189.fits
QSO_sim_z1.6_MgIIGreen_213.7033m25.6324.fits
QSO_sim_z1.6_MgIIGreen_213.7033m25.6324.fits
QSO_sim_z4.6_LLSBlue_60.6535m56.305.fits
QSO_sim_z4.6_LLSBlue_60.6535m56.305.fits
QSO_sim_z1.4103_MgIIGreen_5.522m10.4794.fits
QSO_sim_z1.4103_MgIIGreen_5.522m10.4794.fits
QSO_sim_z2.0_MgIIGreen_203.2958m37.0204.fits
QSO_sim_z2.0_MgIIGreen_203.2958m37.0204.fits
QSO_sim_z1.4_MgIIGreen_22.287m9.7679.fits
QSO_sim_z1.4_MgIIGreen_22.287m9.7679.fits
QSO_sim_z2.45_MgIIGreen_230.7067m11.7994.fits
QSO_sim_z2.45_MgIIGreen_230.7067m11.7994.fits
QSO_sim_z2.5_MgIIGreen_85.4178m18.1054.fits
QSO_sim_z2.5_MgIIGreen_85.4178m18.1054.fits
QSO_sim_z1.3402_MgIIGreen_50.0085m12.4768.fits
QSO_sim_z1.3402_MgIIGreen_50.0085m12.4768.fits
QSO_sim_z2.6465_DLABlue_156.8444m16.3818.fits
QSO_sim_z2.6465_DLABlue_156.8444m16.3818.fits
QSO_sim_z1.6_MgIIGreen_253.4939m0.0065.fits
QSO_sim_z1.6_MgIIGreen_253.4939m0.0065.fits
QSO_sim_z1.85_MgIIGreen_43.5079m16.8434.fits
QSO_sim_z1.85_MgIIGreen_43.5079m16.8434.fits
QSO_sim_z1.5294_MgIIGreen_15.7031m59.9466.fits
QSO_sim_z1.5294_MgIIGreen_15.7031m59.9466.fits
QSO_sim_z3.5327_DLABlue_156.6817m15.8613.fits
QSO_sim_z3.5327_DLABlue_156.6817m15.8613.fits
QSO_sim_z2.708_DLABlue_161.1316m13.7647.fits
QSO_sim_z2.708_DLABlue_161.1316m13.7647.fits
QSO_sim_z1.0496_MgIIGreen_71.8558m9.8721.fits
QSO_sim_z1.0496_MgIIGreen_71.8558m9.8721.fits
QSO_sim_z1.357_MgIIBlueDeep_206.3859m1.6864.fits
QSO_sim_z1.357_MgIIBlueDeep_206.3859m1.6864.fits
QSO_sim_z1.1542_MgIIBlueDeep_222.6556p1.4273.fits
QSO_sim_z1.1542_MgIIBlueDeep_222.6556p1.4273.fits
QSO_sim_z1.5_MgIIGreen_22.1857m6.8392.fits
QSO_sim_z1.5_MgIIGreen_22.1857m6.8392.fits
QSO_sim_z1.6415_MgIIGreen_10.2486p3.784.fits
QSO_sim_z1.6415_MgIIGreen_10.2486p3.784.fits
QSO_sim_z2.05_MgIIGreen_252.3841m75.9386.fits
QSO_sim_z2.05_MgIIGreen_252.3841m75.9386.fits
QSO_sim_z2.1033_MgIIGreen_4.0302m61.4073.fits
QSO_sim_z2.1033_MgIIGreen_4.0302m61.4073.fits
QSO_sim_z1.0698_MgIIGreen_22.481m68.3769.fits
QSO_sim_z1.0698_MgIIGreen_22.481m68.3769.fits
QSO_sim_z3.3298_DLABlue_16.2501m10.2914.fits
QSO_sim_z3.3298_DLABlue_16.2501m10.2914.fits
QSO_sim_z2.187_MgIIGreen_51.5841m11.9648.fits
QSO_sim_z2.187_MgIIGreen_51.5841m11.9648.fits
QSO_sim_z0.65_MgIIBlueWide_340.5314m71.1639.fits
QSO_sim_z0.65_MgIIBlueWide_340.5314m71.1639.fits
QSO_sim_z0.6_MgIIBlueDeep_192.2876m3.6933.fits
QSO_sim_z0.6_MgIIBlueDeep_192.2876m3.6933.fits
QSO_sim_z2.6234_DLABlue_220.5152m7.588.fits
QSO_sim_z2.6234_DLABlue_220.5152m7.588.fits
QSO_sim_z1.55_MgIIBlueDeep_198.8255p1.6847.fits
QSO_sim_z1.55_MgIIBlueDeep_198.8255p1.6847.fits
QSO_sim_z1.0535_MgIIGreen_189.2732m9.2561.fits
QSO_sim_z1.0535_MgIIGreen_189.2732m9.2561.fits
QSO_sim_z2.0_MgIIGreen_250.2875m76.5832.fits
QSO_sim_z2.0_MgIIGreen_250.2875m76.5832.fits
QSO_sim_z1.5857_MgIIGreen_22.2545m8.1528.fits
QSO_sim_z1.5857_MgIIGreen_22.2545m8.1528.fits
QSO_sim_z1.3645_MgIIGreen_350.2286m71.0835.fits
QSO_sim_z1.3645_MgIIGreen_350.2286m71.0835.fits
QSO_sim_z1.5_MgIIGreen_75.6105m26.4364.fits
QSO_sim_z1.5_MgIIGreen_75.6105m26.4364.fits
QSO_sim_z6.05_LLSBlue_335.2411m78.4958.fits
QSO_sim_z6.05_LLSBlue_335.2411m78.4958.fits
QSO_sim_z2.5763_MgIIGreen_127.1638m1.1208.fits
QSO_sim_z2.5763_MgIIGreen_127.1638m1.1208.fits
QSO_sim_z1.45_MgIIGreen_168.0313m11.3999.fits
QSO_sim_z1.45_MgIIGreen_168.0313m11.3999.fits
QSO_sim_z1.65_MgIIGreen_9.1815m16.2045.fits
QSO_sim_z1.65_MgIIGreen_9.1815m16.2045.fits
QSO_sim_z2.45_MgIIGreen_156.2009m9.7321.fits
QSO_sim_z2.45_MgIIGreen_156.2009m9.7321.fits
QSO_sim_z1.95_MgIIGreen_60.6989m49.6563.fits
QSO_sim_z1.95_MgIIGreen_60.6989m49.6563.fits
QSO_sim_z5.25_LLSBlue_349.592m67.7748.fits
QSO_sim_z5.25_LLSBlue_349.592m67.7748.fits
QSO_sim_z3.2272_DLABlue_220.8324m4.7819.fits
QSO_sim_z3.2272_DLABlue_220.8324m4.7819.fits
QSO_sim_z1.7473_MgIIGreen_31.7279m71.1919.fits
QSO_sim_z1.7473_MgIIGreen_31.7279m71.1919.fits
QSO_sim_z1.65_MgIIBlueDeep_222.9635p3.178.fits
QSO_sim_z1.65_MgIIBlueDeep_222.9635p3.178.fits
QSO_sim_z2.15_MgIIGreen_169.3583m16.6519.fits
QSO_sim_z2.15_MgIIGreen_169.3583m16.6519.fits
QSO_sim_z1.2_MgIIGreen_344.9823m79.3544.fits
QSO_sim_z1.2_MgIIGreen_344.9823m79.3544.fits
QSO_sim_z2.2_MgIIGreen_6.3248m20.3932.fits
QSO_sim_z2.2_MgIIGreen_6.3248m20.3932.fits
QSO_sim_z1.1223_MgIIGreen_37.7294m12.6766.fits
QSO_sim_z1.1223_MgIIGreen_37.7294m12.6766.fits
QSO_sim_z1.8443_MgIIGreen_24.0477m5.8915.fits
QSO_sim_z1.8443_MgIIGreen_24.0477m5.8915.fits
QSO_sim_z1.7_MgIIGreen_87.2906m20.2066.fits
QSO_sim_z1.7_MgIIGreen_87.2906m20.2066.fits
QSO_sim_z2.7417_DLABlue_313.8732m68.8147.fits
QSO_sim_z2.7417_DLABlue_313.8732m68.8147.fits
QSO_sim_z1.3437_MgIIBlueDeep_198.3693p3.4191.fits
QSO_sim_z1.3437_MgIIBlueDeep_198.3693p3.4191.fits
QSO_sim_z2.3_MgIIGreen_231.5879m13.6731.fits
QSO_sim_z2.3_MgIIGreen_231.5879m13.6731.fits
QSO_sim_z2.145_MgIIGreen_342.1m74.6114.fits
QSO_sim_z2.145_MgIIGreen_342.1m74.6114.fits
QSO_sim_z2.6652_DLABlue_346.9695m62.4706.fits
QSO_sim_z2.6652_DLABlue_346.9695m62.4706.fits
QSO_sim_z1.5313_MgIIGreen_72.0013m5.2652.fits
QSO_sim_z1.5313_MgIIGreen_72.0013m5.2652.fits
QSO_sim_z2.4_MgIIGreen_127.3063m3.6622.fits
QSO_sim_z2.4_MgIIGreen_127.3063m3.6622.fits
QSO_sim_z2.3779_MgIIGreen_23.1701m5.4099.fits
QSO_sim_z2.3779_MgIIGreen_23.1701m5.4099.fits
QSO_sim_z1.1216_MgIIBlueDeep_193.4158m3.8896.fits
QSO_sim_z1.1216_MgIIBlueDeep_193.4158m3.8896.fits
QSO_sim_z1.65_MgIIGreen_57.6446m21.0182.fits
QSO_sim_z1.65_MgIIGreen_57.6446m21.0182.fits
QSO_sim_z3.35_DLABlue_170.3458m10.9189.fits
QSO_sim_z3.35_DLABlue_170.3458m10.9189.fits
QSO_sim_z1.45_MgIIGreen_7.8903m22.2114.fits
QSO_sim_z1.45_MgIIGreen_7.8903m22.2114.fits
QSO_sim_z1.55_MgIIGreen_179.3163m11.0113.fits
QSO_sim_z1.55_MgIIGreen_179.3163m11.0113.fits
QSO_sim_z1.0352_MgIIBlueWide_337.3673m10.3328.fits
QSO_sim_z1.0352_MgIIBlueWide_337.3673m10.3328.fits
QSO_sim_z1.1_MgIIGreen_175.9762m18.5303.fits
QSO_sim_z1.1_MgIIGreen_175.9762m18.5303.fits
QSO_sim_z1.8_MgIIGreen_165.7111m17.7504.fits
QSO_sim_z1.8_MgIIGreen_165.7111m17.7504.fits
QSO_sim_z2.2_MgIIGreen_77.6646m29.3857.fits
QSO_sim_z2.2_MgIIGreen_77.6646m29.3857.fits
QSO_sim_z2.75_DLABlue_172.1254m19.4037.fits
QSO_sim_z2.75_DLABlue_172.1254m19.4037.fits
QSO_sim_z1.6247_MgIIBlueDeep_213.1705p1.1195.fits
QSO_sim_z1.6247_MgIIBlueDeep_213.1705p1.1195.fits
QSO_sim_z2.7986_DLABlue_34.708m15.4782.fits
QSO_sim_z2.7986_DLABlue_34.708m15.4782.fits
QSO_sim_z1.6_MgIIGreen_5.2261m22.4971.fits
QSO_sim_z1.6_MgIIGreen_5.2261m22.4971.fits
QSO_sim_z1.55_MgIIGreen_193.8144m35.4191.fits
QSO_sim_z1.55_MgIIGreen_193.8144m35.4191.fits
QSO_sim_z1.65_MgIIGreen_299.874m44.8665.fits
QSO_sim_z1.65_MgIIGreen_299.874m44.8665.fits
QSO_sim_z1.7_MgIIGreen_166.0617m18.1723.fits
QSO_sim_z1.7_MgIIGreen_166.0617m18.1723.fits
QSO_sim_z1.4_MgIIGreen_5.5632m21.1006.fits
QSO_sim_z1.4_MgIIGreen_5.5632m21.1006.fits
QSO_sim_z2.55_MgIIGreen_193.2715m37.9554.fits
QSO_sim_z2.55_MgIIGreen_193.2715m37.9554.fits
QSO_sim_z2.7_DLABlue_234.2083m5.4496.fits
QSO_sim_z2.7_DLABlue_234.2083m5.4496.fits
QSO_sim_z1.95_MgIIGreen_165.4494m19.4484.fits
QSO_sim_z1.95_MgIIGreen_165.4494m19.4484.fits
QSO_sim_z1.75_MgIIGreen_299.0855m44.8968.fits
QSO_sim_z1.75_MgIIGreen_299.0855m44.8968.fits
QSO_sim_z3.3261_DLABlue_27.9419m18.5165.fits
QSO_sim_z3.3261_DLABlue_27.9419m18.5165.fits
QSO_sim_z1.6_MgIIGreen_43.7029m22.4859.fits
QSO_sim_z1.6_MgIIGreen_43.7029m22.4859.fits
QSO_sim_z1.6223_MgIIGreen_149.1616m0.2464.fits
QSO_sim_z1.6223_MgIIGreen_149.1616m0.2464.fits
QSO_sim_z1.989_MgIIGreen_338.2626m71.8178.fits
QSO_sim_z1.989_MgIIGreen_338.2626m71.8178.fits
QSO_sim_z1.6298_MgIIGreen_24.5293m5.102.fits
QSO_sim_z1.6298_MgIIGreen_24.5293m5.102.fits
QSO_sim_z1.55_MgIIGreen_348.1736m68.8835.fits
QSO_sim_z1.55_MgIIGreen_348.1736m68.8835.fits
QSO_sim_z2.7491_DLABlue_21.2792m5.7017.fits
QSO_sim_z2.7491_DLABlue_21.2792m5.7017.fits
QSO_sim_z2.0707_MgIIGreen_24.1806m7.3066.fits
QSO_sim_z2.0707_MgIIGreen_24.1806m7.3066.fits
QSO_sim_z2.3151_MgIIBlueDeep_214.1785p2.84.fits
QSO_sim_z2.3151_MgIIBlueDeep_214.1785p2.84.fits
QSO_sim_z2.0_MgIIGreen_165.8869m15.5771.fits
QSO_sim_z2.0_MgIIGreen_165.8869m15.5771.fits
QSO_sim_z1.9679_MgIIGreen_128.3929m4.4886.fits
QSO_sim_z1.9679_MgIIGreen_128.3929m4.4886.fits
QSO_sim_z2.1687_MgIIGreen_334.4492m73.2983.fits
QSO_sim_z2.1687_MgIIGreen_334.4492m73.2983.fits
QSO_sim_z4.0617_LLSBlue_16.4056p1.3456.fits
QSO_sim_z4.0617_LLSBlue_16.4056p1.3456.fits
QSO_sim_z2.7_DLABlue_338.2255m21.3883.fits
QSO_sim_z2.7_DLABlue_338.2255m21.3883.fits
QSO_sim_z3.0183_DLABlue_19.8676m3.6141.fits
QSO_sim_z3.0183_DLABlue_19.8676m3.6141.fits
QSO_sim_z1.3_MgIIGreen_19.8083m64.253.fits
QSO_sim_z1.3_MgIIGreen_19.8083m64.253.fits
QSO_sim_z1.55_MgIIGreen_27.6903m46.9085.fits
QSO_sim_z1.55_MgIIGreen_27.6903m46.9085.fits
QSO_sim_z1.2_MgIIGreen_52.3975m77.6138.fits
QSO_sim_z1.2_MgIIGreen_52.3975m77.6138.fits
QSO_sim_z3.7347_DLABlue_18.8636m3.854.fits
QSO_sim_z3.7347_DLABlue_18.8636m3.854.fits
QSO_sim_z2.25_MgIIGreen_190.7868m41.0861.fits
QSO_sim_z2.25_MgIIGreen_190.7868m41.0861.fits
QSO_sim_z4.6_LLSBlue_23.8481m16.3606.fits
QSO_sim_z4.6_LLSBlue_23.8481m16.3606.fits
QSO_sim_z2.0_MgIIGreen_43.2126m25.5377.fits
QSO_sim_z2.0_MgIIGreen_43.2126m25.5377.fits
QSO_sim_z1.25_MgIIGreen_55.9612m24.7491.fits
QSO_sim_z1.25_MgIIGreen_55.9612m24.7491.fits
QSO_sim_z2.7532_DLABlue_24.1721m1.8074.fits
QSO_sim_z2.7532_DLABlue_24.1721m1.8074.fits
QSO_sim_z2.2448_MgIIGreen_73.1633m7.3257.fits
QSO_sim_z2.2448_MgIIGreen_73.1633m7.3257.fits
QSO_sim_z1.7349_MgIIGreen_12.4676p3.9949.fits
QSO_sim_z1.7349_MgIIGreen_12.4676p3.9949.fits
QSO_sim_z0.75_MgIIBlueWide_346.485m67.2247.fits
QSO_sim_z0.75_MgIIBlueWide_346.485m67.2247.fits
QSO_sim_z2.5_MgIIGreen_91.1244m62.3208.fits
QSO_sim_z2.5_MgIIGreen_91.1244m62.3208.fits
QSO_sim_z1.7855_MgIIGreen_33.2657m66.6944.fits
QSO_sim_z1.7855_MgIIGreen_33.2657m66.6944.fits
QSO_sim_z2.0_MgIIGreen_89.2863m20.8522.fits
QSO_sim_z2.0_MgIIGreen_89.2863m20.8522.fits
QSO_sim_z1.95_MgIIGreen_214.4384m37.5008.fits
QSO_sim_z1.95_MgIIGreen_214.4384m37.5008.fits
QSO_sim_z0.7445_MgIIBlueWide_342.888m11.707.fits
QSO_sim_z0.7445_MgIIBlueWide_342.888m11.707.fits
QSO_sim_z2.7559_DLABlue_159.8373m7.5182.fits
QSO_sim_z2.7559_DLABlue_159.8373m7.5182.fits
QSO_sim_z2.7781_DLABlue_295.3416m69.7911.fits
QSO_sim_z2.7781_DLABlue_295.3416m69.7911.fits
QSO_sim_z2.4486_MgIIGreen_53.3379m10.2427.fits
QSO_sim_z2.4486_MgIIGreen_53.3379m10.2427.fits
QSO_sim_z2.0_MgIIGreen_176.7607m15.9808.fits
QSO_sim_z2.0_MgIIGreen_176.7607m15.9808.fits
QSO_sim_z2.295_MgIIGreen_20.8289m11.7415.fits
QSO_sim_z2.295_MgIIGreen_20.8289m11.7415.fits
QSO_sim_z2.05_MgIIGreen_89.1622m24.0356.fits
QSO_sim_z2.05_MgIIGreen_89.1622m24.0356.fits
QSO_sim_z2.0_MgIIGreen_166.7804m16.8268.fits
QSO_sim_z2.0_MgIIGreen_166.7804m16.8268.fits
QSO_sim_z2.5_MgIIGreen_145.0211m2.9491.fits
QSO_sim_z2.5_MgIIGreen_145.0211m2.9491.fits
QSO_sim_z1.1694_MgIIGreen_96.3705m79.7337.fits
QSO_sim_z1.1694_MgIIGreen_96.3705m79.7337.fits
QSO_sim_z1.6_MgIIGreen_210.6622m37.2372.fits
QSO_sim_z1.6_MgIIGreen_210.6622m37.2372.fits
QSO_sim_z1.4761_MgIIGreen_145.6713m1.7154.fits
QSO_sim_z1.4761_MgIIGreen_145.6713m1.7154.fits
QSO_sim_z2.3184_MgIIGreen_43.0944m67.2623.fits
QSO_sim_z2.3184_MgIIGreen_43.0944m67.2623.fits
QSO_sim_z1.5_MgIIGreen_7.8097m37.5055.fits
QSO_sim_z1.5_MgIIGreen_7.8097m37.5055.fits
QSO_sim_z1.396_MgIIGreen_97.7901m79.1588.fits
QSO_sim_z1.396_MgIIGreen_97.7901m79.1588.fits
QSO_sim_z1.7_MgIIGreen_40.4863m38.96.fits
QSO_sim_z1.7_MgIIGreen_40.4863m38.96.fits
QSO_sim_z1.4_MgIIGreen_188.725m14.9933.fits
QSO_sim_z1.4_MgIIGreen_188.725m14.9933.fits
QSO_sim_z1.4351_MgIIGreen_129.2411m3.1915.fits
QSO_sim_z1.4351_MgIIGreen_129.2411m3.1915.fits
QSO_sim_z1.169_MgIIGreen_43.5581m66.7486.fits
QSO_sim_z1.169_MgIIGreen_43.5581m66.7486.fits
QSO_sim_z1.2537_MgIIGreen_54.1828m13.1859.fits
QSO_sim_z1.2537_MgIIGreen_54.1828m13.1859.fits
QSO_sim_z1.5_MgIIGreen_233.5949m14.4741.fits
QSO_sim_z1.5_MgIIGreen_233.5949m14.4741.fits
QSO_sim_z1.55_MgIIGreen_191.1885m40.8774.fits
QSO_sim_z1.55_MgIIGreen_191.1885m40.8774.fits
QSO_sim_z0.9157_MgIIBlueDeep_222.805p2.9774.fits
QSO_sim_z0.9157_MgIIBlueDeep_222.805p2.9774.fits
QSO_sim_z5.75_LLSBlue_30.8221m45.996.fits
QSO_sim_z5.75_LLSBlue_30.8221m45.996.fits
QSO_sim_z1.8465_MgIIGreen_39.2358m14.9808.fits
QSO_sim_z1.8465_MgIIGreen_39.2358m14.9808.fits
QSO_sim_z1.7_MgIIGreen_19.0639m67.1329.fits
QSO_sim_z1.7_MgIIGreen_19.0639m67.1329.fits
QSO_sim_z1.8_MgIIGreen_18.3773m65.3505.fits
QSO_sim_z1.8_MgIIGreen_18.3773m65.3505.fits
QSO_sim_z1.4_MgIIGreen_155.0181m13.1286.fits
QSO_sim_z1.4_MgIIGreen_155.0181m13.1286.fits
QSO_sim_z3.546_DLABlue_313.9396m66.2338.fits
QSO_sim_z3.546_DLABlue_313.9396m66.2338.fits
QSO_sim_z0.65_MgIIBlueWide_349.3585m67.7067.fits
QSO_sim_z0.65_MgIIBlueWide_349.3585m67.7067.fits
QSO_sim_z4.9_LLSBlue_37.3083m10.9472.fits
QSO_sim_z4.9_LLSBlue_37.3083m10.9472.fits
QSO_sim_z0.95_MgIIBlueWide_349.2062m65.9527.fits
QSO_sim_z0.95_MgIIBlueWide_349.2062m65.9527.fits
QSO_sim_z0.8875_MgIIBlueDeep_206.7391m0.9483.fits
QSO_sim_z0.8875_MgIIBlueDeep_206.7391m0.9483.fits
QSO_sim_z1.7578_MgIIGreen_13.271p3.4267.fits
QSO_sim_z1.7578_MgIIGreen_13.271p3.4267.fits
QSO_sim_z1.9451_MgIIGreen_39.8885m13.3088.fits
QSO_sim_z1.9451_MgIIGreen_39.8885m13.3088.fits
QSO_sim_z1.15_MgIIGreen_211.1862m35.4995.fits
QSO_sim_z1.15_MgIIGreen_211.1862m35.4995.fits
QSO_sim_z1.8207_MgIIGreen_18.6546m4.577.fits
QSO_sim_z1.8207_MgIIGreen_18.6546m4.577.fits
QSO_sim_z1.3_MgIIBlueDeep_193.2025m0.8419.fits
QSO_sim_z1.3_MgIIBlueDeep_193.2025m0.8419.fits
QSO_sim_z2.5_MgIIGreen_177.3201m17.0072.fits
QSO_sim_z2.5_MgIIGreen_177.3201m17.0072.fits
QSO_sim_z2.1055_MgIIGreen_102.6182m77.3583.fits
QSO_sim_z2.1055_MgIIGreen_102.6182m77.3583.fits
QSO_sim_z1.4_MgIIGreen_347.0101m71.3689.fits
QSO_sim_z1.4_MgIIGreen_347.0101m71.3689.fits
QSO_sim_z1.95_MgIIGreen_177.2523m16.3489.fits
QSO_sim_z1.95_MgIIGreen_177.2523m16.3489.fits
QSO_sim_z1.2_MgIIGreen_177.4855m17.534.fits
QSO_sim_z1.2_MgIIGreen_177.4855m17.534.fits
QSO_sim_z3.3965_DLABlue_40.2742m3.027.fits
QSO_sim_z3.3965_DLABlue_40.2742m3.027.fits
QSO_sim_z1.3_MgIIGreen_93.4898m74.9423.fits
QSO_sim_z1.3_MgIIGreen_93.4898m74.9423.fits
QSO_sim_z1.7_MgIIGreen_155.4678m14.5267.fits
QSO_sim_z1.7_MgIIGreen_155.4678m14.5267.fits
QSO_sim_z1.65_MgIIGreen_277.2234m59.004.fits
QSO_sim_z1.65_MgIIGreen_277.2234m59.004.fits
QSO_sim_z1.15_MgIIGreen_201.8307m40.2028.fits
QSO_sim_z1.15_MgIIGreen_201.8307m40.2028.fits
QSO_sim_z1.9957_MgIIGreen_18.8398m3.816.fits
QSO_sim_z1.9957_MgIIGreen_18.8398m3.816.fits
QSO_sim_z1.9_MgIIGreen_26.5054m51.3154.fits
QSO_sim_z1.9_MgIIGreen_26.5054m51.3154.fits
QSO_sim_z2.9125_DLABlue_42.882p0.5477.fits
QSO_sim_z2.9125_DLABlue_42.882p0.5477.fits
QSO_sim_z1.65_MgIIGreen_55.8034m28.3686.fits
QSO_sim_z1.65_MgIIGreen_55.8034m28.3686.fits
QSO_sim_z1.4_MgIIGreen_16.2213m66.1028.fits
QSO_sim_z1.4_MgIIGreen_16.2213m66.1028.fits
QSO_sim_z1.2007_MgIIGreen_146.6206m4.2395.fits
QSO_sim_z1.2007_MgIIGreen_146.6206m4.2395.fits
QSO_sim_z3.0948_DLABlue_34.7819m0.0715.fits
QSO_sim_z3.0948_DLABlue_34.7819m0.0715.fits
QSO_sim_z2.2_MgIIGreen_6.8582m42.4985.fits
QSO_sim_z2.2_MgIIGreen_6.8582m42.4985.fits
QSO_sim_z1.45_MgIIGreen_349.5249m70.5845.fits
QSO_sim_z1.45_MgIIGreen_349.5249m70.5845.fits
QSO_sim_z1.3301_MgIIGreen_71.0719m11.7394.fits
QSO_sim_z1.3301_MgIIGreen_71.0719m11.7394.fits
QSO_sim_z0.9288_MgIIBlueWide_341.1163m9.15.fits
QSO_sim_z0.9288_MgIIBlueWide_341.1163m9.15.fits
QSO_sim_z2.15_MgIIGreen_234.5684m17.0255.fits
QSO_sim_z2.15_MgIIGreen_234.5684m17.0255.fits
QSO_sim_z1.5_MgIIGreen_56.9613m63.9237.fits
QSO_sim_z1.5_MgIIGreen_56.9613m63.9237.fits
QSO_sim_z2.4_MgIIGreen_27.2252m53.6996.fits
QSO_sim_z2.4_MgIIGreen_27.2252m53.6996.fits
QSO_sim_z1.95_MgIIGreen_56.5096m34.9311.fits
QSO_sim_z1.95_MgIIGreen_56.5096m34.9311.fits
QSO_sim_z1.5368_MgIIGreen_146.1862m3.6473.fits
QSO_sim_z1.5368_MgIIGreen_146.1862m3.6473.fits
QSO_sim_z1.1078_MgIIGreen_313.5658m0.394.fits
QSO_sim_z1.1078_MgIIGreen_313.5658m0.394.fits
QSO_sim_z1.4_MgIIGreen_157.0439m14.5819.fits
QSO_sim_z1.4_MgIIGreen_157.0439m14.5819.fits
QSO_sim_z1.4779_MgIIGreen_346.1587m70.0063.fits
QSO_sim_z1.4779_MgIIGreen_346.1587m70.0063.fits
QSO_sim_z1.55_MgIIGreen_178.3549m18.3137.fits
QSO_sim_z1.55_MgIIGreen_178.3549m18.3137.fits
QSO_sim_z1.35_MgIIGreen_203.0108m41.0551.fits
QSO_sim_z1.35_MgIIGreen_203.0108m41.0551.fits
QSO_sim_z2.4_MgIIGreen_6.5807m44.5823.fits
QSO_sim_z2.4_MgIIGreen_6.5807m44.5823.fits
QSO_sim_z3.0246_DLABlue_29.5247m2.8647.fits
QSO_sim_z3.0246_DLABlue_29.5247m2.8647.fits
QSO_sim_z2.0065_MgIIGreen_19.2778m1.467.fits
QSO_sim_z2.0065_MgIIGreen_19.2778m1.467.fits
QSO_sim_z1.55_MgIIGreen_27.4148m50.7018.fits
QSO_sim_z1.55_MgIIGreen_27.4148m50.7018.fits
QSO_sim_z1.7_MgIIGreen_168.5373m16.6652.fits
QSO_sim_z1.7_MgIIGreen_168.5373m16.6652.fits
QSO_sim_z2.2937_MgIIGreen_26.2418m67.2848.fits
QSO_sim_z2.2937_MgIIGreen_26.2418m67.2848.fits
QSO_sim_z2.6964_DLABlue_299.4123m57.4281.fits
QSO_sim_z2.6964_DLABlue_299.4123m57.4281.fits
QSO_sim_z1.2087_MgIIGreen_27.946m66.874.fits
QSO_sim_z1.2087_MgIIGreen_27.946m66.874.fits
QSO_sim_z2.8029_DLABlue_48.2538m6.8144.fits
QSO_sim_z2.8029_DLABlue_48.2538m6.8144.fits
QSO_sim_z2.6454_DLABlue_315.3904m66.1361.fits
QSO_sim_z2.6454_DLABlue_315.3904m66.1361.fits
QSO_sim_z1.1_MgIIGreen_94.1263m77.0204.fits
QSO_sim_z1.1_MgIIGreen_94.1263m77.0204.fits
QSO_sim_z1.6408_MgIIGreen_51.7851m18.0548.fits
QSO_sim_z1.6408_MgIIGreen_51.7851m18.0548.fits
QSO_sim_z1.7086_MgIIGreen_30.187m67.3606.fits
QSO_sim_z1.7086_MgIIGreen_30.187m67.3606.fits
QSO_sim_z1.6541_MgIIGreen_68.4659m1.6593.fits
QSO_sim_z1.6541_MgIIGreen_68.4659m1.6593.fits
QSO_sim_z2.15_MgIIGreen_213.5012m35.869.fits
QSO_sim_z2.15_MgIIGreen_213.5012m35.869.fits
QSO_sim_z2.0_MgIIGreen_179.2222m15.3734.fits
QSO_sim_z2.0_MgIIGreen_179.2222m15.3734.fits
QSO_sim_z1.15_MgIIGreen_19.7748m0.1397.fits
QSO_sim_z1.15_MgIIGreen_19.7748m0.1397.fits
QSO_sim_z2.4234_MgIIGreen_24.0721m10.3571.fits
QSO_sim_z2.4234_MgIIGreen_24.0721m10.3571.fits
QSO_sim_z2.3_MgIIGreen_157.0611m16.6472.fits
QSO_sim_z2.3_MgIIGreen_157.0611m16.6472.fits
QSO_sim_z1.65_MgIIGreen_314.3014m9.5464.fits
QSO_sim_z1.65_MgIIGreen_314.3014m9.5464.fits
QSO_sim_z1.95_MgIIGreen_40.3697m41.4215.fits
QSO_sim_z1.95_MgIIGreen_40.3697m41.4215.fits
QSO_sim_z3.8643_MgIIBlueDeep_215.7109p3.5426.fits
QSO_sim_z3.8643_MgIIBlueDeep_215.7109p3.5426.fits
QSO_sim_z2.975_DLABlue_311.1897m61.2153.fits
QSO_sim_z2.975_DLABlue_311.1897m61.2153.fits
QSO_sim_z0.9_MgIIBlueDeep_206.6271m3.3404.fits
QSO_sim_z0.9_MgIIBlueDeep_206.6271m3.3404.fits
QSO_sim_z2.2429_MgIIBlueDeep_213.4737p2.4673.fits
QSO_sim_z2.2429_MgIIBlueDeep_213.4737p2.4673.fits
QSO_sim_z4.15_LLSBlue_72.2704m11.455.fits
QSO_sim_z4.15_LLSBlue_72.2704m11.455.fits
QSO_sim_z2.7206_DLABlue_155.6315m0.6759.fits
QSO_sim_z2.7206_DLABlue_155.6315m0.6759.fits
QSO_sim_z1.3_MgIIGreen_59.2608m33.1576.fits
QSO_sim_z1.3_MgIIGreen_59.2608m33.1576.fits
QSO_sim_z1.75_MgIIGreen_78.7818m30.2544.fits
QSO_sim_z1.75_MgIIGreen_78.7818m30.2544.fits
QSO_sim_z1.5426_MgIIGreen_204.4457p4.7329.fits
QSO_sim_z1.5426_MgIIGreen_204.4457p4.7329.fits
QSO_sim_z1.35_MgIIGreen_187.3345m17.6453.fits
QSO_sim_z1.35_MgIIGreen_187.3345m17.6453.fits
QSO_sim_z1.45_MgIIGreen_55.8844m60.762.fits
QSO_sim_z1.45_MgIIGreen_55.8844m60.762.fits
QSO_sim_z1.5_MgIIGreen_55.8698m31.0459.fits
QSO_sim_z1.5_MgIIGreen_55.8698m31.0459.fits
QSO_sim_z2.05_MgIIGreen_15.8914m4.4854.fits
QSO_sim_z2.05_MgIIGreen_15.8914m4.4854.fits
QSO_sim_z1.25_MgIIGreen_187.271m15.2271.fits
QSO_sim_z1.25_MgIIGreen_187.271m15.2271.fits
QSO_sim_z2.35_MgIIGreen_158.2935m15.4408.fits
QSO_sim_z2.35_MgIIGreen_158.2935m15.4408.fits
QSO_sim_z6.05_LLSBlue_77.6532p0.6522.fits
QSO_sim_z6.05_LLSBlue_77.6532p0.6522.fits
QSO_sim_z1.15_MgIIGreen_159.1532m15.5068.fits
QSO_sim_z1.15_MgIIGreen_159.1532m15.5068.fits
QSO_sim_z4.9_LLSBlue_82.2572m8.6488.fits
QSO_sim_z4.9_LLSBlue_82.2572m8.6488.fits
QSO_sim_z2.3771_MgIIGreen_339.5552m68.83.fits
QSO_sim_z2.3771_MgIIGreen_339.5552m68.83.fits
QSO_sim_z1.8108_MgIIGreen_131.5322m75.9913.fits
QSO_sim_z1.8108_MgIIGreen_131.5322m75.9913.fits
QSO_sim_z3.0564_DLABlue_140.2004m3.4948.fits
QSO_sim_z3.0564_DLABlue_140.2004m3.4948.fits
QSO_sim_z1.8575_MgIIGreen_133.4797m0.2168.fits
QSO_sim_z1.8575_MgIIGreen_133.4797m0.2168.fits
QSO_sim_z2.15_MgIIGreen_73.9085m10.9082.fits
QSO_sim_z2.15_MgIIGreen_73.9085m10.9082.fits
QSO_sim_z1.35_MgIIGreen_42.5471m43.8792.fits
QSO_sim_z1.35_MgIIGreen_42.5471m43.8792.fits
QSO_sim_z2.15_MgIIGreen_85.724m29.7103.fits
QSO_sim_z2.15_MgIIGreen_85.724m29.7103.fits
QSO_sim_z1.4_MgIIGreen_315.9231m66.2218.fits
QSO_sim_z1.4_MgIIGreen_315.9231m66.2218.fits
QSO_sim_z1.4052_MgIIGreen_52.4991m18.8332.fits
QSO_sim_z1.4052_MgIIGreen_52.4991m18.8332.fits
QSO_sim_z1.9_MgIIGreen_328.4468m47.5668.fits
QSO_sim_z1.9_MgIIGreen_328.4468m47.5668.fits
QSO_sim_z2.9353_DLABlue_9.2082m6.4397.fits
QSO_sim_z2.9353_DLABlue_9.2082m6.4397.fits
QSO_sim_z1.55_MgIIGreen_26.0866m52.6067.fits
QSO_sim_z1.55_MgIIGreen_26.0866m52.6067.fits
QSO_sim_z1.9_MgIIGreen_42.9231m42.843.fits
QSO_sim_z1.9_MgIIGreen_42.9231m42.843.fits
QSO_sim_z2.05_MgIIGreen_224.0788m26.6661.fits
QSO_sim_z2.05_MgIIGreen_224.0788m26.6661.fits
QSO_sim_z2.25_MgIIGreen_165.5852m24.8861.fits
QSO_sim_z2.25_MgIIGreen_165.5852m24.8861.fits
QSO_sim_z0.8811_MgIIBlueDeep_207.5293m0.8008.fits
QSO_sim_z0.8811_MgIIBlueDeep_207.5293m0.8008.fits
QSO_sim_z1.8_MgIIGreen_298.7532m51.4732.fits
QSO_sim_z1.8_MgIIGreen_298.7532m51.4732.fits
QSO_sim_z1.95_MgIIGreen_37.8379m17.7112.fits
QSO_sim_z1.95_MgIIGreen_37.8379m17.7112.fits
QSO_sim_z1.2246_MgIIGreen_198.9366m7.8885.fits
QSO_sim_z1.2246_MgIIGreen_198.9366m7.8885.fits
QSO_sim_z1.1618_MgIIGreen_24.3275m12.5785.fits
QSO_sim_z1.1618_MgIIGreen_24.3275m12.5785.fits
QSO_sim_z1.9199_MgIIGreen_310.9972m8.5857.fits
QSO_sim_z1.9199_MgIIGreen_310.9972m8.5857.fits
QSO_sim_z2.8329_DLABlue_6.9156m5.3947.fits
QSO_sim_z2.8329_DLABlue_6.9156m5.3947.fits
QSO_sim_z2.3881_MgIIGreen_213.0099p4.6386.fits
QSO_sim_z2.3881_MgIIGreen_213.0099p4.6386.fits
QSO_sim_z1.6887_MgIIGreen_126.5157m74.8728.fits
QSO_sim_z1.6887_MgIIGreen_126.5157m74.8728.fits
QSO_sim_z2.465_MgIIBlueDeep_193.0515m2.2847.fits
QSO_sim_z2.465_MgIIBlueDeep_193.0515m2.2847.fits
QSO_sim_z1.55_MgIIGreen_73.7437m11.3745.fits
QSO_sim_z1.55_MgIIGreen_73.7437m11.3745.fits
QSO_sim_z1.5576_MgIIGreen_213.5848p4.9201.fits
QSO_sim_z1.5576_MgIIGreen_213.5848p4.9201.fits
QSO_sim_z2.7802_DLABlue_310.7078m54.0949.fits
QSO_sim_z2.7802_DLABlue_310.7078m54.0949.fits
QSO_sim_z1.9279_MgIIGreen_28.1239m65.8905.fits
QSO_sim_z1.9279_MgIIGreen_28.1239m65.8905.fits
QSO_sim_z1.95_MgIIGreen_299.1672m53.1329.fits
QSO_sim_z1.95_MgIIGreen_299.1672m53.1329.fits
QSO_sim_z2.5822_DLABlue_42.0007m5.7036.fits
QSO_sim_z2.5822_DLABlue_42.0007m5.7036.fits
QSO_sim_z2.0108_MgIIBlueDeep_211.4224p3.2883.fits
QSO_sim_z2.0108_MgIIBlueDeep_211.4224p3.2883.fits
QSO_sim_z2.05_MgIIGreen_59.0627m66.9751.fits
QSO_sim_z2.05_MgIIGreen_59.0627m66.9751.fits
QSO_sim_z1.95_MgIIGreen_86.8217m31.728.fits
QSO_sim_z1.95_MgIIGreen_86.8217m31.728.fits
QSO_sim_z2.7575_DLABlue_136.7527m0.8982.fits
QSO_sim_z2.7575_DLABlue_136.7527m0.8982.fits
QSO_sim_z1.0614_MgIIGreen_28.862m65.1312.fits
QSO_sim_z1.0614_MgIIGreen_28.862m65.1312.fits
QSO_sim_z1.981_MgIIGreen_359.5087m72.1625.fits
QSO_sim_z1.981_MgIIGreen_359.5087m72.1625.fits
QSO_sim_z1.8_MgIIGreen_43.1926m41.6171.fits
QSO_sim_z1.8_MgIIGreen_43.1926m41.6171.fits
QSO_sim_z1.55_MgIIGreen_299.691m52.7425.fits
QSO_sim_z1.55_MgIIGreen_299.691m52.7425.fits
QSO_sim_z1.55_MgIIGreen_73.8704m13.4082.fits
QSO_sim_z1.55_MgIIGreen_73.8704m13.4082.fits
QSO_sim_z1.1_MgIIGreen_351.5833m64.7302.fits
QSO_sim_z1.1_MgIIGreen_351.5833m64.7302.fits
QSO_sim_z2.0_MgIIGreen_188.5854m19.7512.fits
QSO_sim_z2.0_MgIIGreen_188.5854m19.7512.fits
QSO_sim_z1.1207_MgIIGreen_17.5862m2.0019.fits
QSO_sim_z1.1207_MgIIGreen_17.5862m2.0019.fits
QSO_sim_z1.65_MgIIGreen_351.1621m64.0345.fits
QSO_sim_z1.65_MgIIGreen_351.1621m64.0345.fits
QSO_sim_z2.55_MgIIGreen_232.987m15.9562.fits
QSO_sim_z2.55_MgIIGreen_232.987m15.9562.fits
QSO_sim_z1.8_MgIIGreen_232.6489m17.1223.fits
QSO_sim_z1.8_MgIIGreen_232.6489m17.1223.fits
QSO_sim_z1.1137_MgIIGreen_28.7728m64.1541.fits
QSO_sim_z1.1137_MgIIGreen_28.7728m64.1541.fits
QSO_sim_z2.8476_DLABlue_44.1867m1.4711.fits
QSO_sim_z2.8476_DLABlue_44.1867m1.4711.fits
QSO_sim_z1.3592_MgIIBlueDeep_207.2334m1.1029.fits
QSO_sim_z1.3592_MgIIBlueDeep_207.2334m1.1029.fits
QSO_sim_z1.05_MgIIGreen_29.898m55.7231.fits
QSO_sim_z1.05_MgIIGreen_29.898m55.7231.fits
QSO_sim_z2.15_MgIIGreen_74.2865m19.4273.fits
QSO_sim_z2.15_MgIIGreen_74.2865m19.4273.fits
QSO_sim_z1.787_MgIIGreen_134.2167m1.9401.fits
QSO_sim_z1.787_MgIIGreen_134.2167m1.9401.fits
QSO_sim_z2.05_MgIIGreen_55.7282m69.4906.fits
QSO_sim_z2.05_MgIIGreen_55.7282m69.4906.fits
QSO_sim_z2.0329_MgIIGreen_134.753m4.9566.fits
QSO_sim_z2.0329_MgIIGreen_134.753m4.9566.fits
QSO_sim_z0.709_MgIIBlueWide_333.0156m10.709.fits
QSO_sim_z0.709_MgIIBlueWide_333.0156m10.709.fits
QSO_sim_z2.2746_MgIIGreen_218.5807m4.8021.fits
QSO_sim_z2.2746_MgIIGreen_218.5807m4.8021.fits
QSO_sim_z1.7308_MgIIGreen_17.9281m4.4018.fits
QSO_sim_z1.7308_MgIIGreen_17.9281m4.4018.fits
QSO_sim_z1.8594_MgIIGreen_17.9561m4.5558.fits
QSO_sim_z1.8594_MgIIGreen_17.9561m4.5558.fits
QSO_sim_z1.3513_MgIIGreen_129.773m71.1274.fits
QSO_sim_z1.3513_MgIIGreen_129.773m71.1274.fits
QSO_sim_z1.3623_MgIIGreen_134.1047m0.1235.fits
QSO_sim_z1.3623_MgIIGreen_134.1047m0.1235.fits
QSO_sim_z1.15_MgIIGreen_317.4092m69.6636.fits
QSO_sim_z1.15_MgIIGreen_317.4092m69.6636.fits
QSO_sim_z1.3_MgIIBlueDeep_203.3581m3.4926.fits
QSO_sim_z1.3_MgIIBlueDeep_203.3581m3.4926.fits
QSO_sim_z2.7296_DLABlue_315.7464m47.963.fits
QSO_sim_z2.7296_DLABlue_315.7464m47.963.fits
QSO_sim_z2.05_MgIIGreen_189.9279m17.2043.fits
QSO_sim_z2.05_MgIIGreen_189.9279m17.2043.fits
QSO_sim_z1.765_MgIIGreen_99.3016m76.4095.fits
QSO_sim_z1.765_MgIIGreen_99.3016m76.4095.fits
QSO_sim_z2.05_MgIIGreen_325.1202m46.3314.fits
QSO_sim_z2.05_MgIIGreen_325.1202m46.3314.fits
QSO_sim_z1.4166_MgIIGreen_195.0813m6.7137.fits
QSO_sim_z1.4166_MgIIGreen_195.0813m6.7137.fits
QSO_sim_z2.0_MgIIGreen_21.4802m16.3982.fits
QSO_sim_z2.0_MgIIGreen_21.4802m16.3982.fits
QSO_sim_z1.8768_MgIIGreen_66.4721m1.3701.fits
QSO_sim_z1.8768_MgIIGreen_66.4721m1.3701.fits
QSO_sim_z1.0552_MgIIGreen_347.9215m5.0193.fits
QSO_sim_z1.0552_MgIIGreen_347.9215m5.0193.fits
QSO_sim_z1.8108_MgIIGreen_32.9729m64.5013.fits
QSO_sim_z1.8108_MgIIGreen_32.9729m64.5013.fits
QSO_sim_z1.15_MgIIGreen_41.7548m48.3088.fits
QSO_sim_z1.15_MgIIGreen_41.7548m48.3088.fits
QSO_sim_z2.0_MgIIGreen_57.9156m41.96.fits
QSO_sim_z2.0_MgIIGreen_57.9156m41.96.fits
QSO_sim_z0.728_MgIIBlueWide_334.0467m11.2522.fits
QSO_sim_z0.728_MgIIBlueWide_334.0467m11.2522.fits
QSO_sim_z1.3431_MgIIGreen_149.3034m7.2293.fits
QSO_sim_z1.3431_MgIIGreen_149.3034m7.2293.fits
QSO_sim_z1.8_MgIIGreen_155.3951m16.3543.fits
QSO_sim_z1.8_MgIIGreen_155.3951m16.3543.fits
QSO_sim_z1.65_MgIIGreen_87.1385m30.1953.fits
QSO_sim_z1.65_MgIIGreen_87.1385m30.1953.fits
QSO_sim_z2.4069_MgIIGreen_66.6513m4.3721.fits
QSO_sim_z2.4069_MgIIGreen_66.6513m4.3721.fits
QSO_sim_z1.4639_MgIIGreen_130.9879m2.2306.fits
QSO_sim_z1.4639_MgIIGreen_130.9879m2.2306.fits
QSO_sim_z1.7_MgIIGreen_76.8621m38.0128.fits
QSO_sim_z1.7_MgIIGreen_76.8621m38.0128.fits
QSO_sim_z1.75_MgIIGreen_336.8974m12.6889.fits
QSO_sim_z1.75_MgIIGreen_336.8974m12.6889.fits
QSO_sim_z2.05_MgIIGreen_25.3782m57.1568.fits
QSO_sim_z2.05_MgIIGreen_25.3782m57.1568.fits
QSO_sim_z3.0_MgIIBlueDeep_194.5399p3.5522.fits
QSO_sim_z3.0_MgIIBlueDeep_194.5399p3.5522.fits
QSO_sim_z0.9509_MgIIBlueDeep_222.9887p3.905.fits
QSO_sim_z0.9509_MgIIBlueDeep_222.9887p3.905.fits
QSO_sim_z2.026_MgIIGreen_130.8769m2.7885.fits
QSO_sim_z2.026_MgIIGreen_130.8769m2.7885.fits
QSO_sim_z2.35_MgIIGreen_215.6741m9.3309.fits
QSO_sim_z2.35_MgIIGreen_215.6741m9.3309.fits
QSO_sim_z1.2986_MgIIGreen_18.1622m6.9171.fits
QSO_sim_z1.2986_MgIIGreen_18.1622m6.9171.fits
QSO_sim_z1.45_MgIIGreen_25.1245m57.5556.fits
QSO_sim_z1.45_MgIIGreen_25.1245m57.5556.fits
QSO_sim_z1.4477_MgIIGreen_195.7533m6.7271.fits
QSO_sim_z1.4477_MgIIGreen_195.7533m6.7271.fits
QSO_sim_z1.65_MgIIGreen_21.3757m66.964.fits
QSO_sim_z1.65_MgIIGreen_21.3757m66.964.fits
QSO_sim_z1.45_MgIIGreen_189.5996m18.932.fits
QSO_sim_z1.45_MgIIGreen_189.5996m18.932.fits
QSO_sim_z2.969_DLABlue_354.372m60.7358.fits
QSO_sim_z2.969_DLABlue_354.372m60.7358.fits
QSO_sim_z1.55_MgIIGreen_347.7366m6.921.fits
QSO_sim_z1.55_MgIIGreen_347.7366m6.921.fits
QSO_sim_z1.35_MgIIGreen_354.5594m68.1242.fits
QSO_sim_z1.35_MgIIGreen_354.5594m68.1242.fits
QSO_sim_z2.1_MgIIGreen_58.2509m71.402.fits
QSO_sim_z2.1_MgIIGreen_58.2509m71.402.fits
QSO_sim_z1.05_MgIIGreen_167.0614m23.6979.fits
QSO_sim_z1.05_MgIIGreen_167.0614m23.6979.fits
QSO_sim_z1.3_MgIIGreen_98.5969m63.2939.fits
QSO_sim_z1.3_MgIIGreen_98.5969m63.2939.fits
QSO_sim_z1.45_MgIIGreen_70.5948m19.3793.fits
QSO_sim_z1.45_MgIIGreen_70.5948m19.3793.fits
QSO_sim_z1.55_MgIIGreen_156.775m15.9586.fits
QSO_sim_z1.55_MgIIGreen_156.775m15.9586.fits
QSO_sim_z1.55_MgIIGreen_5.9699m48.3956.fits
QSO_sim_z1.55_MgIIGreen_5.9699m48.3956.fits
QSO_sim_z2.6461_DLABlue_15.5583p3.5612.fits
QSO_sim_z2.6461_DLABlue_15.5583p3.5612.fits
QSO_sim_z2.0317_MgIIGreen_67.2022m0.2743.fits
QSO_sim_z2.0317_MgIIGreen_67.2022m0.2743.fits
QSO_sim_z1.9_MgIIGreen_70.7905m16.5289.fits
QSO_sim_z1.9_MgIIGreen_70.7905m16.5289.fits
QSO_sim_z1.85_MgIIGreen_76.4336m35.3791.fits
QSO_sim_z1.85_MgIIGreen_76.4336m35.3791.fits
QSO_sim_z2.5_MgIIGreen_178.9235m23.1948.fits
QSO_sim_z2.5_MgIIGreen_178.9235m23.1948.fits
QSO_sim_z1.35_MgIIGreen_234.9896m21.0881.fits
QSO_sim_z1.35_MgIIGreen_234.9896m21.0881.fits
QSO_sim_z1.5_MgIIGreen_70.3464m18.7844.fits
QSO_sim_z1.5_MgIIGreen_70.3464m18.7844.fits
QSO_sim_z1.55_MgIIGreen_351.2843m65.2552.fits
QSO_sim_z1.55_MgIIGreen_351.2843m65.2552.fits
QSO_sim_z2.3503_MgIIBlueDeep_215.4937m3.3788.fits
QSO_sim_z2.3503_MgIIBlueDeep_215.4937m3.3788.fits
QSO_sim_z1.8_MgIIGreen_59.8112m73.0113.fits
QSO_sim_z1.8_MgIIGreen_59.8112m73.0113.fits
QSO_sim_z2.5555_MgIIGreen_311.3123m5.8462.fits
QSO_sim_z2.5555_MgIIGreen_311.3123m5.8462.fits
QSO_sim_z2.2_MgIIGreen_222.3124m32.8006.fits
QSO_sim_z2.2_MgIIGreen_222.3124m32.8006.fits
QSO_sim_z1.8211_MgIIGreen_311.3002m9.5109.fits
QSO_sim_z1.8211_MgIIGreen_311.3002m9.5109.fits
QSO_sim_z1.7_MgIIGreen_145.7431m9.3866.fits
QSO_sim_z1.7_MgIIGreen_145.7431m9.3866.fits
QSO_sim_z1.6_MgIIGreen_276.6451m68.1705.fits
QSO_sim_z1.6_MgIIGreen_276.6451m68.1705.fits
QSO_sim_z1.8_MgIIGreen_29.0806m60.4718.fits
QSO_sim_z1.8_MgIIGreen_29.0806m60.4718.fits
QSO_sim_z0.7067_MgIIBlueWide_333.6085m8.2771.fits
QSO_sim_z0.7067_MgIIBlueWide_333.6085m8.2771.fits
QSO_sim_z1.25_MgIIGreen_23.9903m65.9397.fits
QSO_sim_z1.25_MgIIGreen_23.9903m65.9397.fits
QSO_sim_z1.75_MgIIGreen_185.2722m17.0705.fits
QSO_sim_z1.75_MgIIGreen_185.2722m17.0705.fits
QSO_sim_z1.15_MgIIGreen_50.605m19.5679.fits
QSO_sim_z1.15_MgIIGreen_50.605m19.5679.fits
QSO_sim_z1.25_MgIIGreen_89.5768m31.5935.fits
QSO_sim_z1.25_MgIIGreen_89.5768m31.5935.fits
QSO_sim_z1.65_MgIIGreen_157.2795m20.3522.fits
QSO_sim_z1.65_MgIIGreen_157.2795m20.3522.fits
QSO_sim_z1.35_MgIIGreen_35.9159m19.5642.fits
QSO_sim_z1.35_MgIIGreen_35.9159m19.5642.fits
QSO_sim_z1.8426_MgIIGreen_95.3148m74.6056.fits
QSO_sim_z1.8426_MgIIGreen_95.3148m74.6056.fits
QSO_sim_z2.25_MgIIGreen_297.6918m58.6633.fits
QSO_sim_z2.25_MgIIGreen_297.6918m58.6633.fits
QSO_sim_z0.9609_MgIIBlueWide_329.2137m10.9382.fits
QSO_sim_z0.9609_MgIIBlueWide_329.2137m10.9382.fits
QSO_sim_z2.2_MgIIGreen_77.3768m35.2956.fits
QSO_sim_z2.2_MgIIGreen_77.3768m35.2956.fits
QSO_sim_z1.25_MgIIGreen_276.2934m67.4676.fits
QSO_sim_z1.25_MgIIGreen_276.2934m67.4676.fits
QSO_sim_z2.25_MgIIGreen_168.956m24.5846.fits
QSO_sim_z2.25_MgIIGreen_168.956m24.5846.fits
QSO_sim_z1.8883_MgIIBlueDeep_222.3336p3.4907.fits
QSO_sim_z1.8883_MgIIBlueDeep_222.3336p3.4907.fits
QSO_sim_z2.2_MgIIGreen_209.9602m7.9592.fits
QSO_sim_z2.2_MgIIGreen_209.9602m7.9592.fits
QSO_sim_z1.5676_MgIIGreen_131.0452m2.5221.fits
QSO_sim_z1.5676_MgIIGreen_131.0452m2.5221.fits
QSO_sim_z2.0112_MgIIGreen_317.8946p0.4176.fits
QSO_sim_z2.0112_MgIIGreen_317.8946p0.4176.fits
QSO_sim_z1.5977_MgIIGreen_348.0935m9.7853.fits
QSO_sim_z1.5977_MgIIGreen_348.0935m9.7853.fits
QSO_sim_z2.704_DLABlue_251.8702m1.0702.fits
QSO_sim_z2.704_DLABlue_251.8702m1.0702.fits
QSO_sim_z1.7_MgIIGreen_21.0167m73.9535.fits
QSO_sim_z1.7_MgIIGreen_21.0167m73.9535.fits
QSO_sim_z1.7839_MgIIGreen_348.774m9.8489.fits
QSO_sim_z1.7839_MgIIGreen_348.774m9.8489.fits
QSO_sim_z1.45_MgIIGreen_56.5591m47.6549.fits
QSO_sim_z1.45_MgIIGreen_56.5591m47.6549.fits
QSO_sim_z1.3_MgIIGreen_146.9131m9.8373.fits
QSO_sim_z1.3_MgIIGreen_146.9131m9.8373.fits
QSO_sim_z1.9_MgIIGreen_216.7964m8.1932.fits
QSO_sim_z1.9_MgIIGreen_216.7964m8.1932.fits
QSO_sim_z2.05_MgIIGreen_297.9573m56.9113.fits
QSO_sim_z2.05_MgIIGreen_297.9573m56.9113.fits
QSO_sim_z2.35_MgIIGreen_297.9935m55.0013.fits
QSO_sim_z2.35_MgIIGreen_297.9935m55.0013.fits
QSO_sim_z2.591_DLABlue_249.026p0.7779.fits
QSO_sim_z2.591_DLABlue_249.026p0.7779.fits
QSO_sim_z1.0487_MgIIGreen_102.1791m73.3379.fits
QSO_sim_z1.0487_MgIIGreen_102.1791m73.3379.fits
QSO_sim_z1.35_MgIIGreen_350.2653m74.1008.fits
QSO_sim_z1.35_MgIIGreen_350.2653m74.1008.fits
QSO_sim_z1.9_MgIIGreen_40.7183m52.1993.fits
QSO_sim_z1.9_MgIIGreen_40.7183m52.1993.fits
QSO_sim_z1.6_MgIIGreen_36.2642m19.3981.fits
QSO_sim_z1.6_MgIIGreen_36.2642m19.3981.fits
QSO_sim_z1.4246_MgIIGreen_68.2772m9.9777.fits
QSO_sim_z1.4246_MgIIGreen_68.2772m9.9777.fits
QSO_sim_z1.1_MgIIGreen_230.7366m22.1446.fits
QSO_sim_z1.1_MgIIGreen_230.7366m22.1446.fits
QSO_sim_z2.05_MgIIGreen_5.5887m51.7227.fits
QSO_sim_z2.05_MgIIGreen_5.5887m51.7227.fits
QSO_sim_z2.1_MgIIGreen_5.5404m54.4575.fits
QSO_sim_z2.1_MgIIGreen_5.5404m54.4575.fits
QSO_sim_z1.85_MgIIGreen_186.4743m17.2496.fits
QSO_sim_z1.85_MgIIGreen_186.4743m17.2496.fits
QSO_sim_z2.1_MgIIGreen_230.4211m21.6474.fits
QSO_sim_z2.1_MgIIGreen_230.4211m21.6474.fits
QSO_sim_z1.8989_MgIIGreen_312.7619m9.0767.fits
QSO_sim_z1.8989_MgIIGreen_312.7619m9.0767.fits
QSO_sim_z1.2563_MgIIGreen_349.1629m7.5449.fits
QSO_sim_z1.2563_MgIIGreen_349.1629m7.5449.fits
QSO_sim_z1.3_MgIIGreen_351.8207m62.2258.fits
QSO_sim_z1.3_MgIIGreen_351.8207m62.2258.fits
QSO_sim_z1.2774_MgIIGreen_28.5394p0.2755.fits
QSO_sim_z1.2774_MgIIGreen_28.5394p0.2755.fits
QSO_sim_z2.935_DLABlue_236.6482m4.5334.fits
QSO_sim_z2.935_DLABlue_236.6482m4.5334.fits
QSO_sim_z2.5_MgIIGreen_57.783m46.6739.fits
QSO_sim_z2.5_MgIIGreen_57.783m46.6739.fits
QSO_sim_z1.616_MgIIGreen_146.7287m5.6941.fits
QSO_sim_z1.616_MgIIGreen_146.7287m5.6941.fits
QSO_sim_z2.3_MgIIGreen_52.0199m21.1257.fits
QSO_sim_z2.3_MgIIGreen_52.0199m21.1257.fits
QSO_sim_z2.35_MgIIGreen_78.66m37.44.fits
QSO_sim_z2.35_MgIIGreen_78.66m37.44.fits
QSO_sim_z1.1_MgIIGreen_312.4157m9.1066.fits
QSO_sim_z1.1_MgIIGreen_312.4157m9.1066.fits
QSO_sim_z1.65_MgIIGreen_60.1108m54.5125.fits
QSO_sim_z1.65_MgIIGreen_60.1108m54.5125.fits
QSO_sim_z1.4_MgIIGreen_6.3801m55.0288.fits
QSO_sim_z1.4_MgIIGreen_6.3801m55.0288.fits
QSO_sim_z1.35_MgIIGreen_37.1486m24.5709.fits
QSO_sim_z1.35_MgIIGreen_37.1486m24.5709.fits
QSO_sim_z1.1_MgIIGreen_68.7295m9.0105.fits
QSO_sim_z1.1_MgIIGreen_68.7295m9.0105.fits
QSO_sim_z2.45_MgIIGreen_52.9373m24.0672.fits
QSO_sim_z2.45_MgIIGreen_52.9373m24.0672.fits
QSO_sim_z2.6082_DLABlue_246.8381p0.5443.fits
QSO_sim_z2.6082_DLABlue_246.8381p0.5443.fits
QSO_sim_z2.25_MgIIGreen_97.5603m62.1041.fits
QSO_sim_z2.25_MgIIGreen_97.5603m62.1041.fits
QSO_sim_z1.1_MgIIGreen_231.4938m20.3045.fits
QSO_sim_z1.1_MgIIGreen_231.4938m20.3045.fits
QSO_sim_z1.8039_MgIIGreen_357.475m66.8332.fits
QSO_sim_z1.8039_MgIIGreen_357.475m66.8332.fits
QSO_sim_z2.4_MgIIGreen_159.906m21.8211.fits
QSO_sim_z2.4_MgIIGreen_159.906m21.8211.fits
QSO_sim_z1.2854_MgIIGreen_15.3855m68.1605.fits
QSO_sim_z1.2854_MgIIGreen_15.3855m68.1605.fits
QSO_sim_z2.35_MgIIGreen_220.9442m32.1545.fits
QSO_sim_z2.35_MgIIGreen_220.9442m32.1545.fits
QSO_sim_z1.5_MgIIGreen_86.8757m38.16.fits
QSO_sim_z1.5_MgIIGreen_86.8757m38.16.fits
QSO_sim_z2.1699_MgIIGreen_206.7472m7.7917.fits
QSO_sim_z2.1699_MgIIGreen_206.7472m7.7917.fits
QSO_sim_z1.2_MgIIGreen_22.701m78.4341.fits
QSO_sim_z1.2_MgIIGreen_22.701m78.4341.fits
QSO_sim_z2.2317_MgIIGreen_198.772m7.5373.fits
QSO_sim_z2.2317_MgIIGreen_198.772m7.5373.fits
QSO_sim_z1.8564_MgIIGreen_111.0417m70.8592.fits
QSO_sim_z1.8564_MgIIGreen_111.0417m70.8592.fits
QSO_sim_z2.0043_MgIIGreen_353.4203p0.2914.fits
QSO_sim_z2.0043_MgIIGreen_353.4203p0.2914.fits
QSO_sim_z1.15_MgIIGreen_87.2423m37.4538.fits
QSO_sim_z1.15_MgIIGreen_87.2423m37.4538.fits
QSO_sim_z1.05_MgIIGreen_220.614m34.1977.fits
QSO_sim_z1.05_MgIIGreen_220.614m34.1977.fits
QSO_sim_z0.7184_MgIIBlueWide_331.2346m7.8186.fits
QSO_sim_z0.7184_MgIIBlueWide_331.2346m7.8186.fits
QSO_sim_z1.5796_MgIIGreen_32.1594m0.8105.fits
QSO_sim_z1.5796_MgIIGreen_32.1594m0.8105.fits
QSO_sim_z0.7815_MgIIBlueWide_333.0561m7.0353.fits
QSO_sim_z0.7815_MgIIBlueWide_333.0561m7.0353.fits
QSO_sim_z1.8632_MgIIGreen_147.7829m7.1731.fits
QSO_sim_z1.8632_MgIIGreen_147.7829m7.1731.fits
QSO_sim_z1.4_MgIIGreen_73.9945m18.6567.fits
QSO_sim_z1.4_MgIIGreen_73.9945m18.6567.fits
QSO_sim_z1.8_MgIIGreen_59.483m48.3758.fits
QSO_sim_z1.8_MgIIGreen_59.483m48.3758.fits
QSO_sim_z1.25_MgIIGreen_155.3977m20.7906.fits
QSO_sim_z1.25_MgIIGreen_155.3977m20.7906.fits
QSO_sim_z2.2_MgIIGreen_64.2666m56.4636.fits
QSO_sim_z2.2_MgIIGreen_64.2666m56.4636.fits
QSO_sim_z0.7266_MgIIBlueWide_330.219m7.7779.fits
QSO_sim_z0.7266_MgIIBlueWide_330.219m7.7779.fits
QSO_sim_z1.25_MgIIGreen_278.9873m65.5404.fits
QSO_sim_z1.25_MgIIGreen_278.9873m65.5404.fits
QSO_sim_z2.1937_MgIIGreen_32.1469m4.897.fits
QSO_sim_z2.1937_MgIIGreen_32.1469m4.897.fits
QSO_sim_z1.85_MgIIGreen_296.9232m63.5084.fits
QSO_sim_z1.85_MgIIGreen_296.9232m63.5084.fits
QSO_sim_z2.15_MgIIGreen_73.2689m15.4553.fits
QSO_sim_z2.15_MgIIGreen_73.2689m15.4553.fits
QSO_sim_z1.9639_MgIIGreen_14.7293m21.59.fits
QSO_sim_z1.9639_MgIIGreen_14.7293m21.59.fits
QSO_sim_z1.9_MgIIGreen_165.7886m26.2793.fits
QSO_sim_z1.9_MgIIGreen_165.7886m26.2793.fits
QSO_sim_z1.65_MgIIGreen_338.3395m20.4278.fits
QSO_sim_z1.65_MgIIGreen_338.3395m20.4278.fits
QSO_sim_z1.55_MgIIGreen_179.8593m29.1189.fits
QSO_sim_z1.55_MgIIGreen_179.8593m29.1189.fits
QSO_sim_z1.2_MgIIGreen_148.7412m8.283.fits
QSO_sim_z1.2_MgIIGreen_148.7412m8.283.fits
QSO_sim_z1.35_MgIIGreen_44.893m55.4026.fits
QSO_sim_z1.35_MgIIGreen_44.893m55.4026.fits
QSO_sim_z1.8_MgIIGreen_322.7229m2.4902.fits
QSO_sim_z1.8_MgIIGreen_322.7229m2.4902.fits
QSO_sim_z1.6757_MgIIGreen_69.8912m9.0246.fits
QSO_sim_z1.6757_MgIIGreen_69.8912m9.0246.fits
QSO_sim_z1.783_MgIIGreen_16.2221m9.1528.fits
QSO_sim_z1.783_MgIIGreen_16.2221m9.1528.fits
QSO_sim_z1.5_MgIIGreen_26.1936m64.973.fits
QSO_sim_z1.5_MgIIGreen_26.1936m64.973.fits
QSO_sim_z1.25_MgIIGreen_54.0828m23.7827.fits
QSO_sim_z1.25_MgIIGreen_54.0828m23.7827.fits
QSO_sim_z2.15_MgIIGreen_26.5242m64.0014.fits
QSO_sim_z2.15_MgIIGreen_26.5242m64.0014.fits
QSO_sim_z2.7436_DLABlue_235.7077p0.8441.fits
QSO_sim_z2.7436_DLABlue_235.7077p0.8441.fits
QSO_sim_z1.45_MgIIGreen_5.3838m59.4564.fits
QSO_sim_z1.45_MgIIGreen_5.3838m59.4564.fits
QSO_sim_z1.387_MgIIGreen_100.3622m70.9386.fits
QSO_sim_z1.387_MgIIGreen_100.3622m70.9386.fits
QSO_sim_z1.95_MgIIGreen_5.3834m58.7093.fits
QSO_sim_z1.95_MgIIGreen_5.3834m58.7093.fits
QSO_sim_z1.35_MgIIGreen_296.5354m64.4911.fits
QSO_sim_z1.35_MgIIGreen_296.5354m64.4911.fits
QSO_sim_z1.2207_MgIIGreen_133.0033m7.0748.fits
QSO_sim_z1.2207_MgIIGreen_133.0033m7.0748.fits
QSO_sim_z2.1_MgIIGreen_35.806m20.8257.fits
QSO_sim_z2.1_MgIIGreen_35.806m20.8257.fits
QSO_sim_z1.95_MgIIGreen_74.7821m22.8762.fits
QSO_sim_z1.95_MgIIGreen_74.7821m22.8762.fits
QSO_sim_z2.4_MgIIGreen_175.7321m31.6388.fits
QSO_sim_z2.4_MgIIGreen_175.7321m31.6388.fits
QSO_sim_z1.3_MgIIGreen_189.0002m20.738.fits
QSO_sim_z1.3_MgIIGreen_189.0002m20.738.fits
QSO_sim_z1.15_MgIIGreen_35.8378m21.3648.fits
QSO_sim_z1.15_MgIIGreen_35.8378m21.3648.fits
QSO_sim_z1.6_MgIIGreen_97.6197m65.9278.fits
QSO_sim_z1.6_MgIIGreen_97.6197m65.9278.fits
QSO_sim_z1.55_MgIIGreen_355.2199m62.2441.fits
QSO_sim_z1.55_MgIIGreen_355.2199m62.2441.fits
QSO_sim_z2.15_MgIIGreen_74.078m20.4735.fits
QSO_sim_z2.15_MgIIGreen_74.078m20.4735.fits
QSO_sim_z1.8_MgIIGreen_176.3004m31.6649.fits
QSO_sim_z1.8_MgIIGreen_176.3004m31.6649.fits
QSO_sim_z1.0993_MgIIGreen_17.1458m7.9162.fits
QSO_sim_z1.0993_MgIIGreen_17.1458m7.9162.fits
QSO_sim_z1.05_MgIIGreen_21.7979m22.7158.fits
QSO_sim_z1.05_MgIIGreen_21.7979m22.7158.fits
QSO_sim_z1.3418_MgIIGreen_106.9532m71.4222.fits
QSO_sim_z1.3418_MgIIGreen_106.9532m71.4222.fits
QSO_sim_z1.4_MgIIGreen_50.6934m21.462.fits
QSO_sim_z1.4_MgIIGreen_50.6934m21.462.fits
QSO_sim_z2.5101_MgIIGreen_108.2789m71.4086.fits
QSO_sim_z2.5101_MgIIGreen_108.2789m71.4086.fits
QSO_sim_z1.5_MgIIGreen_27.6758m63.3769.fits
QSO_sim_z1.5_MgIIGreen_27.6758m63.3769.fits
QSO_sim_z1.0684_MgIIGreen_313.8014m6.1309.fits
QSO_sim_z1.0684_MgIIGreen_313.8014m6.1309.fits
QSO_sim_z2.7823_DLABlue_24.6606m59.8302.fits
QSO_sim_z2.7823_DLABlue_24.6606m59.8302.fits
QSO_sim_z2.1_MgIIGreen_356.6473m62.9245.fits
QSO_sim_z2.1_MgIIGreen_356.6473m62.9245.fits
QSO_sim_z1.5_MgIIGreen_7.7755m60.6779.fits
QSO_sim_z1.5_MgIIGreen_7.7755m60.6779.fits
QSO_sim_z1.45_MgIIGreen_156.2618m23.9406.fits
QSO_sim_z1.45_MgIIGreen_156.2618m23.9406.fits
QSO_sim_z2.0518_MgIIGreen_133.9799m6.5888.fits
QSO_sim_z2.0518_MgIIGreen_133.9799m6.5888.fits
QSO_sim_z2.4_MgIIGreen_51.6304m25.863.fits
QSO_sim_z2.4_MgIIGreen_51.6304m25.863.fits
QSO_sim_z1.7411_MgIIBlueDeep_223.6465p2.5032.fits
QSO_sim_z1.7411_MgIIBlueDeep_223.6465p2.5032.fits
QSO_sim_z2.5933_DLABlue_28.4372m56.1955.fits
QSO_sim_z2.5933_DLABlue_28.4372m56.1955.fits
QSO_sim_z1.55_MgIIGreen_189.5455m24.8122.fits
QSO_sim_z1.55_MgIIGreen_189.5455m24.8122.fits
QSO_sim_z1.4_MgIIGreen_148.6177m8.9546.fits
QSO_sim_z1.4_MgIIGreen_148.6177m8.9546.fits
QSO_sim_z2.0885_MgIIGreen_344.2971m68.3592.fits
QSO_sim_z2.0885_MgIIGreen_344.2971m68.3592.fits
QSO_sim_z1.9343_MgIIGreen_323.3838m0.2751.fits
QSO_sim_z1.9343_MgIIGreen_323.3838m0.2751.fits
QSO_sim_z2.4277_MgIIGreen_1.7402m67.5429.fits
QSO_sim_z2.4277_MgIIGreen_1.7402m67.5429.fits
QSO_sim_z2.2_MgIIGreen_189.2382m20.4034.fits
QSO_sim_z2.2_MgIIGreen_189.2382m20.4034.fits
QSO_sim_z2.0_MgIIGreen_24.6137m24.5513.fits
QSO_sim_z2.0_MgIIGreen_24.6137m24.5513.fits
QSO_sim_z2.2_MgIIGreen_52.5159m26.4771.fits
QSO_sim_z2.2_MgIIGreen_52.5159m26.4771.fits
QSO_sim_z0.6192_MgIIBlueWide_337.0887m6.2791.fits
QSO_sim_z0.6192_MgIIBlueWide_337.0887m6.2791.fits
QSO_sim_z1.9_MgIIGreen_283.833m49.0141.fits
QSO_sim_z1.9_MgIIGreen_283.833m49.0141.fits
QSO_sim_z1.1827_MgIIGreen_20.7104m18.7065.fits
QSO_sim_z1.1827_MgIIGreen_20.7104m18.7065.fits
QSO_sim_z1.25_MgIIGreen_196.7963m14.6207.fits
QSO_sim_z1.25_MgIIGreen_196.7963m14.6207.fits
QSO_sim_z1.1_MgIIGreen_149.4621m12.5918.fits
QSO_sim_z1.1_MgIIGreen_149.4621m12.5918.fits
QSO_sim_z2.2_MgIIGreen_60.9807m64.1046.fits
QSO_sim_z2.2_MgIIGreen_60.9807m64.1046.fits
QSO_sim_z1.7822_MgIIGreen_323.4908m2.4334.fits
QSO_sim_z1.7822_MgIIGreen_323.4908m2.4334.fits
QSO_sim_z2.15_MgIIGreen_359.9355m67.2334.fits
QSO_sim_z2.15_MgIIGreen_359.9355m67.2334.fits
QSO_sim_z1.5085_MgIIGreen_345.948m66.4526.fits
QSO_sim_z1.5085_MgIIGreen_345.948m66.4526.fits
QSO_sim_z2.2732_MgIIGreen_357.8366m2.8652.fits
QSO_sim_z2.2732_MgIIGreen_357.8366m2.8652.fits
QSO_sim_z1.9_MgIIGreen_97.6734m72.7862.fits
QSO_sim_z1.9_MgIIGreen_97.6734m72.7862.fits
QSO_sim_z1.4_MgIIGreen_98.3014m71.6499.fits
QSO_sim_z1.4_MgIIGreen_98.3014m71.6499.fits
QSO_sim_z2.15_MgIIGreen_145.5176m10.0511.fits
QSO_sim_z2.15_MgIIGreen_145.5176m10.0511.fits
QSO_sim_z1.2_MgIIGreen_61.4637m61.5609.fits
QSO_sim_z1.2_MgIIGreen_61.4637m61.5609.fits
QSO_sim_z1.55_MgIIGreen_77.4814m43.751.fits
QSO_sim_z1.55_MgIIGreen_77.4814m43.751.fits
QSO_sim_z1.65_MgIIGreen_89.8012m35.7722.fits
QSO_sim_z1.65_MgIIGreen_89.8012m35.7722.fits
QSO_sim_z1.85_MgIIGreen_66.9503m7.1443.fits
QSO_sim_z1.85_MgIIGreen_66.9503m7.1443.fits
QSO_sim_z2.05_MgIIGreen_158.494m25.2173.fits
QSO_sim_z2.05_MgIIGreen_158.494m25.2173.fits
QSO_sim_z3.2895_DLABlue_46.6807m55.091.fits
QSO_sim_z3.2895_DLABlue_46.6807m55.091.fits
QSO_sim_z2.7881_DLABlue_343.1993m5.1556.fits
QSO_sim_z2.7881_DLABlue_343.1993m5.1556.fits
QSO_sim_z1.7_MgIIGreen_41.2116m63.7441.fits
QSO_sim_z1.7_MgIIGreen_41.2116m63.7441.fits
QSO_sim_z1.35_MgIIGreen_328.7603m63.6648.fits
QSO_sim_z1.35_MgIIGreen_328.7603m63.6648.fits
QSO_sim_z2.1_MgIIGreen_215.5905m12.6318.fits
QSO_sim_z2.1_MgIIGreen_215.5905m12.6318.fits
QSO_sim_z1.1_MgIIGreen_56.3634m56.1002.fits
QSO_sim_z1.1_MgIIGreen_56.3634m56.1002.fits
QSO_sim_z1.75_MgIIGreen_20.5953m36.8453.fits
QSO_sim_z1.75_MgIIGreen_20.5953m36.8453.fits
QSO_sim_z1.1437_MgIIGreen_4.3104m66.7252.fits
QSO_sim_z1.1437_MgIIGreen_4.3104m66.7252.fits
QSO_sim_z1.85_MgIIGreen_328.4217m60.5397.fits
QSO_sim_z1.85_MgIIGreen_328.4217m60.5397.fits
QSO_sim_z1.4_MgIIGreen_221.3143m37.5683.fits
QSO_sim_z1.4_MgIIGreen_221.3143m37.5683.fits
QSO_sim_z1.75_MgIIGreen_38.6357m38.867.fits
QSO_sim_z1.75_MgIIGreen_38.6357m38.867.fits
QSO_sim_z1.3_MgIIGreen_145.5351m11.364.fits
QSO_sim_z1.3_MgIIGreen_145.5351m11.364.fits
QSO_sim_z1.75_MgIIGreen_282.2708m49.305.fits
QSO_sim_z1.75_MgIIGreen_282.2708m49.305.fits
QSO_sim_z1.3051_MgIIGreen_67.4009m7.5372.fits
QSO_sim_z1.3051_MgIIGreen_67.4009m7.5372.fits
QSO_sim_z1.65_MgIIGreen_85.3396m39.5262.fits
QSO_sim_z1.65_MgIIGreen_85.3396m39.5262.fits
QSO_sim_z2.55_MgIIGreen_19.5737m14.8465.fits
QSO_sim_z2.55_MgIIGreen_19.5737m14.8465.fits
QSO_sim_z2.25_MgIIGreen_21.4478m39.7422.fits
QSO_sim_z2.25_MgIIGreen_21.4478m39.7422.fits
QSO_sim_z1.0816_MgIIGreen_7.5132m65.3338.fits
QSO_sim_z1.0816_MgIIGreen_7.5132m65.3338.fits
QSO_sim_z2.2548_MgIIGreen_349.0389m15.9576.fits
QSO_sim_z2.2548_MgIIGreen_349.0389m15.9576.fits
QSO_sim_z1.55_MgIIGreen_64.6694m68.6711.fits
QSO_sim_z1.55_MgIIGreen_64.6694m68.6711.fits
QSO_sim_z2.1054_MgIIGreen_19.0986m10.5973.fits
QSO_sim_z2.1054_MgIIGreen_19.0986m10.5973.fits
QSO_sim_z1.55_MgIIGreen_177.0057m38.9733.fits
QSO_sim_z1.55_MgIIGreen_177.0057m38.9733.fits
QSO_sim_z1.55_MgIIGreen_216.2574m12.5029.fits
QSO_sim_z1.55_MgIIGreen_216.2574m12.5029.fits
QSO_sim_z1.6_MgIIGreen_146.9373m12.2953.fits
QSO_sim_z1.6_MgIIGreen_146.9373m12.2953.fits
QSO_sim_z1.6_MgIIGreen_176.2849m35.6895.fits
QSO_sim_z1.6_MgIIGreen_176.2849m35.6895.fits
QSO_sim_z1.95_MgIIGreen_58.5134p0.3173.fits
QSO_sim_z1.95_MgIIGreen_58.5134p0.3173.fits
QSO_sim_z2.5_MgIIGreen_359.1709m74.865.fits
QSO_sim_z2.5_MgIIGreen_359.1709m74.865.fits
QSO_sim_z2.15_MgIIGreen_103.8301m58.329.fits
QSO_sim_z2.15_MgIIGreen_103.8301m58.329.fits
QSO_sim_z1.15_MgIIGreen_29.0861m73.354.fits
QSO_sim_z1.15_MgIIGreen_29.0861m73.354.fits
QSO_sim_z1.3_MgIIGreen_169.185m33.5821.fits
QSO_sim_z1.3_MgIIGreen_169.185m33.5821.fits
QSO_sim_z1.65_MgIIGreen_195.7931m15.9361.fits
QSO_sim_z1.65_MgIIGreen_195.7931m15.9361.fits
QSO_sim_z1.35_MgIIGreen_359.5821m71.3008.fits
QSO_sim_z1.35_MgIIGreen_359.5821m71.3008.fits
QSO_sim_z2.4071_MgIIGreen_358.2391m1.2441.fits
QSO_sim_z2.4071_MgIIGreen_358.2391m1.2441.fits
QSO_sim_z1.5_MgIIGreen_230.2315m25.6674.fits
QSO_sim_z1.5_MgIIGreen_230.2315m25.6674.fits
QSO_sim_z2.3506_MgIIGreen_359.5196m63.4671.fits
QSO_sim_z2.3506_MgIIGreen_359.5196m63.4671.fits
QSO_sim_z1.5_MgIIGreen_320.611m4.2397.fits
QSO_sim_z1.5_MgIIGreen_320.611m4.2397.fits
QSO_sim_z1.85_MgIIGreen_169.3234m33.3449.fits
QSO_sim_z1.85_MgIIGreen_169.3234m33.3449.fits
QSO_sim_z1.7659_MgIIGreen_352.4033m15.256.fits
QSO_sim_z1.7659_MgIIGreen_352.4033m15.256.fits
QSO_sim_z1.7_MgIIGreen_42.5525p0.7338.fits
QSO_sim_z1.7_MgIIGreen_42.5525p0.7338.fits
QSO_sim_z1.95_MgIIGreen_131.6969m8.6893.fits
QSO_sim_z1.95_MgIIGreen_131.6969m8.6893.fits
QSO_sim_z1.7525_MgIIGreen_12.492m63.6772.fits
QSO_sim_z1.7525_MgIIGreen_12.492m63.6772.fits
QSO_sim_z1.45_MgIIGreen_178.09m36.4492.fits
QSO_sim_z1.45_MgIIGreen_178.09m36.4492.fits
QSO_sim_z1.4_MgIIGreen_335.109m43.8558.fits
QSO_sim_z1.4_MgIIGreen_335.109m43.8558.fits
QSO_sim_z1.5_MgIIGreen_20.5415m43.7004.fits
QSO_sim_z1.5_MgIIGreen_20.5415m43.7004.fits
QSO_sim_z3.9619_MgIIBlueDeep_223.6817p1.6474.fits
QSO_sim_z3.9619_MgIIBlueDeep_223.6817p1.6474.fits
QSO_sim_z2.05_MgIIGreen_284.7401m53.0781.fits
QSO_sim_z2.05_MgIIGreen_284.7401m53.0781.fits
QSO_sim_z1.5831_MgIIGreen_14.4912m63.2116.fits
QSO_sim_z1.5831_MgIIGreen_14.4912m63.2116.fits
QSO_sim_z2.15_MgIIGreen_145.9347m13.1739.fits
QSO_sim_z2.15_MgIIGreen_145.9347m13.1739.fits
QSO_sim_z1.3827_MgIIGreen_10.2635m0.5777.fits
QSO_sim_z1.3827_MgIIGreen_10.2635m0.5777.fits
QSO_sim_z1.5073_MgIIGreen_10.6295m0.1764.fits
QSO_sim_z1.5073_MgIIGreen_10.6295m0.1764.fits
QSO_sim_z2.5292_MgIIGreen_354.6862m63.7195.fits
QSO_sim_z2.5292_MgIIGreen_354.6862m63.7195.fits
QSO_sim_z2.15_MgIIGreen_88.859m43.6626.fits
QSO_sim_z2.15_MgIIGreen_88.859m43.6626.fits
QSO_sim_z1.6866_MgIIGreen_320.4909m0.2467.fits
QSO_sim_z1.6866_MgIIGreen_320.4909m0.2467.fits
QSO_sim_z1.45_MgIIGreen_218.091m14.0545.fits
QSO_sim_z1.45_MgIIGreen_218.091m14.0545.fits
QSO_sim_z2.1_MgIIBlueDeep_194.1441p2.9828.fits
QSO_sim_z2.1_MgIIBlueDeep_194.1441p2.9828.fits
QSO_sim_z1.55_MgIIGreen_70.4116m27.727.fits
QSO_sim_z1.55_MgIIGreen_70.4116m27.727.fits
QSO_sim_z2.6486_DLABlue_352.2383m4.7411.fits
QSO_sim_z2.6486_DLABlue_352.2383m4.7411.fits
QSO_sim_z1.5315_MgIIGreen_10.3736m3.3488.fits
QSO_sim_z1.5315_MgIIGreen_10.3736m3.3488.fits
QSO_sim_z1.65_MgIIGreen_76.9289m46.3749.fits
QSO_sim_z1.65_MgIIGreen_76.9289m46.3749.fits
QSO_sim_z1.5259_MgIIGreen_359.7689m2.2645.fits
QSO_sim_z1.5259_MgIIGreen_359.7689m2.2645.fits
QSO_sim_z1.3_MgIIGreen_29.456m79.4375.fits
QSO_sim_z1.3_MgIIGreen_29.456m79.4375.fits
QSO_sim_z1.15_MgIIGreen_38.4119m43.2406.fits
QSO_sim_z1.15_MgIIGreen_38.4119m43.2406.fits
QSO_sim_z0.6204_MgIIBlueWide_335.3909m2.6938.fits
QSO_sim_z0.6204_MgIIBlueWide_335.3909m2.6938.fits
QSO_sim_z1.1_MgIIGreen_38.5399m44.9514.fits
QSO_sim_z1.1_MgIIGreen_38.5399m44.9514.fits
QSO_sim_z1.244_MgIIGreen_113.8653m66.1319.fits
QSO_sim_z1.244_MgIIGreen_113.8653m66.1319.fits
QSO_sim_z1.1_MgIIGreen_11.8412m1.0835.fits
QSO_sim_z1.1_MgIIGreen_11.8412m1.0835.fits
QSO_sim_z1.2434_MgIIGreen_116.4678m65.7807.fits
QSO_sim_z1.2434_MgIIGreen_116.4678m65.7807.fits
QSO_sim_z1.5_MgIIGreen_357.3746m78.4411.fits
QSO_sim_z1.5_MgIIGreen_357.3746m78.4411.fits
QSO_sim_z2.05_MgIIGreen_337.4055m40.641.fits
QSO_sim_z2.05_MgIIGreen_337.4055m40.641.fits
QSO_sim_z1.25_MgIIGreen_32.6344m9.2884.fits
QSO_sim_z1.25_MgIIGreen_32.6344m9.2884.fits
QSO_sim_z1.1_MgIIGreen_167.1556m34.805.fits
QSO_sim_z1.1_MgIIGreen_167.1556m34.805.fits
QSO_sim_z1.6_MgIIGreen_76.3794m48.4886.fits
QSO_sim_z1.6_MgIIGreen_76.3794m48.4886.fits
QSO_sim_z1.85_MgIIGreen_61.8497m74.2797.fits
QSO_sim_z1.85_MgIIGreen_61.8497m74.2797.fits
QSO_sim_z1.85_MgIIGreen_71.708m29.8639.fits
QSO_sim_z1.85_MgIIGreen_71.708m29.8639.fits
QSO_sim_z1.55_MgIIGreen_326.958p0.3955.fits
QSO_sim_z1.55_MgIIGreen_326.958p0.3955.fits
QSO_sim_z1.6_MgIIGreen_231.8957m28.6438.fits
QSO_sim_z1.6_MgIIGreen_231.8957m28.6438.fits
QSO_sim_z1.9_MgIIGreen_167.6389m32.7522.fits
QSO_sim_z1.9_MgIIGreen_167.6389m32.7522.fits
QSO_sim_z1.1_MgIIGreen_102.6291m58.5561.fits
QSO_sim_z1.1_MgIIGreen_102.6291m58.5561.fits
QSO_sim_z1.6_MgIIBlueDeep_203.3502m0.6912.fits
QSO_sim_z1.6_MgIIBlueDeep_203.3502m0.6912.fits
QSO_sim_z1.25_MgIIGreen_216.997m14.4349.fits
QSO_sim_z1.25_MgIIGreen_216.997m14.4349.fits
QSO_sim_z1.6915_MgIIGreen_227.3667m3.1226.fits
QSO_sim_z1.6915_MgIIGreen_227.3667m3.1226.fits
QSO_sim_z2.45_MgIIGreen_132.149m9.0295.fits
QSO_sim_z2.45_MgIIGreen_132.149m9.0295.fits
QSO_sim_z1.3_MgIIGreen_218.9968m10.4943.fits
QSO_sim_z1.3_MgIIGreen_218.9968m10.4943.fits
QSO_sim_z2.05_MgIIGreen_147.2767m11.7605.fits
QSO_sim_z2.05_MgIIGreen_147.2767m11.7605.fits
QSO_sim_z1.3_MgIIGreen_72.7859m27.8983.fits
QSO_sim_z1.3_MgIIGreen_72.7859m27.8983.fits
QSO_sim_z1.65_MgIIGreen_52.3674m43.0233.fits
QSO_sim_z1.65_MgIIGreen_52.3674m43.0233.fits
QSO_sim_z1.55_MgIIGreen_231.7965m29.3713.fits
QSO_sim_z1.55_MgIIGreen_231.7965m29.3713.fits
QSO_sim_z1.997_MgIIGreen_11.4955m3.7057.fits
QSO_sim_z1.997_MgIIGreen_11.4955m3.7057.fits
QSO_sim_z1.1_MgIIGreen_49.216m3.2962.fits
QSO_sim_z1.1_MgIIGreen_49.216m3.2962.fits
QSO_sim_z1.4524_MgIIGreen_63.3596m3.3296.fits
QSO_sim_z1.4524_MgIIGreen_63.3596m3.3296.fits
QSO_sim_z1.078_MgIIGreen_66.9673m79.553.fits
QSO_sim_z1.078_MgIIGreen_66.9673m79.553.fits
QSO_sim_z1.3_MgIIGreen_23.9776m44.0302.fits
QSO_sim_z1.3_MgIIGreen_23.9776m44.0302.fits
QSO_sim_z1.3523_MgIIGreen_49.4226m1.3449.fits
QSO_sim_z1.3523_MgIIGreen_49.4226m1.3449.fits
QSO_sim_z2.256_MgIIGreen_132.6696m6.2287.fits
QSO_sim_z2.256_MgIIGreen_132.6696m6.2287.fits
QSO_sim_z0.6891_MgIIBlueWide_350.503m7.3674.fits
QSO_sim_z0.6891_MgIIBlueWide_350.503m7.3674.fits
QSO_sim_z2.2549_MgIIGreen_359.5741m2.0416.fits
QSO_sim_z2.2549_MgIIGreen_359.5741m2.0416.fits
QSO_sim_z1.65_MgIIGreen_85.108m44.5065.fits
QSO_sim_z1.65_MgIIGreen_85.108m44.5065.fits
QSO_sim_z1.55_MgIIGreen_73.9121m29.1688.fits
QSO_sim_z1.55_MgIIGreen_73.9121m29.1688.fits
QSO_sim_z2.1_MgIIGreen_339.176m46.0716.fits
QSO_sim_z2.1_MgIIGreen_339.176m46.0716.fits
QSO_sim_z1.75_MgIIGreen_148.6731m13.9847.fits
QSO_sim_z1.75_MgIIGreen_148.6731m13.9847.fits
QSO_sim_z1.6_MgIIGreen_24.5414m44.5726.fits
QSO_sim_z1.6_MgIIGreen_24.5414m44.5726.fits
QSO_sim_z1.6_MgIIGreen_60.655m78.5102.fits
QSO_sim_z1.6_MgIIGreen_60.655m78.5102.fits
QSO_sim_z1.65_MgIIGreen_60.2178m77.1091.fits
QSO_sim_z1.65_MgIIGreen_60.2178m77.1091.fits
QSO_sim_z2.05_MgIIGreen_54.7928m41.0802.fits
QSO_sim_z2.05_MgIIGreen_54.7928m41.0802.fits
QSO_sim_z1.6788_MgIIGreen_66.5131m12.3453.fits
QSO_sim_z1.6788_MgIIGreen_66.5131m12.3453.fits
QSO_sim_z1.65_MgIIGreen_219.6534m11.3308.fits
QSO_sim_z1.65_MgIIGreen_219.6534m11.3308.fits
QSO_sim_z1.85_MgIIGreen_86.2401m46.6032.fits
QSO_sim_z1.85_MgIIGreen_86.2401m46.6032.fits
QSO_sim_z1.1185_MgIIGreen_12.2085m4.7691.fits
QSO_sim_z1.1185_MgIIGreen_12.2085m4.7691.fits
QSO_sim_z1.45_MgIIGreen_282.3353m51.8841.fits
QSO_sim_z1.45_MgIIGreen_282.3353m51.8841.fits
QSO_sim_z1.2799_MgIIGreen_355.9352m3.5819.fits
QSO_sim_z1.2799_MgIIGreen_355.9352m3.5819.fits
QSO_sim_z1.75_MgIIGreen_199.5829m22.7006.fits
QSO_sim_z1.75_MgIIGreen_199.5829m22.7006.fits
QSO_sim_z1.7_MgIIGreen_169.8881m30.2832.fits
QSO_sim_z1.7_MgIIGreen_169.8881m30.2832.fits
QSO_sim_z2.9402_DLABlue_354.1688p0.6312.fits
QSO_sim_z2.9402_DLABlue_354.1688p0.6312.fits
QSO_sim_z1.85_MgIIGreen_312.3647m34.0544.fits
QSO_sim_z1.85_MgIIGreen_312.3647m34.0544.fits
QSO_sim_z1.85_MgIIGreen_38.8305m49.8234.fits
QSO_sim_z1.85_MgIIGreen_38.8305m49.8234.fits
QSO_sim_z2.0882_MgIIGreen_26.1029m62.5845.fits
QSO_sim_z2.0882_MgIIGreen_26.1029m62.5845.fits
QSO_sim_z1.8_MgIIGreen_156.4851m30.5337.fits
QSO_sim_z1.8_MgIIGreen_156.4851m30.5337.fits
QSO_sim_z1.3503_MgIIGreen_13.9903m18.7535.fits
QSO_sim_z1.3503_MgIIGreen_13.9903m18.7535.fits
QSO_sim_z1.6_MgIIGreen_301.3499m16.7589.fits
QSO_sim_z1.6_MgIIGreen_301.3499m16.7589.fits
QSO_sim_z1.85_MgIIGreen_101.1225m64.6882.fits
QSO_sim_z1.85_MgIIGreen_101.1225m64.6882.fits
QSO_sim_z1.85_MgIIGreen_149.8434m17.5255.fits
QSO_sim_z1.85_MgIIGreen_149.8434m17.5255.fits
QSO_sim_z2.0414_MgIIGreen_102.2785m67.8531.fits
QSO_sim_z2.0414_MgIIGreen_102.2785m67.8531.fits
QSO_sim_z1.75_MgIIGreen_282.5476m50.7807.fits
QSO_sim_z1.75_MgIIGreen_282.5476m50.7807.fits
QSO_sim_z1.5784_MgIIGreen_15.2617m18.2632.fits
QSO_sim_z1.5784_MgIIGreen_15.2617m18.2632.fits
QSO_sim_z2.05_MgIIGreen_232.4797m26.5867.fits
QSO_sim_z2.05_MgIIGreen_232.4797m26.5867.fits
QSO_sim_z1.5_MgIIGreen_335.679m47.5314.fits
QSO_sim_z1.5_MgIIGreen_335.679m47.5314.fits
QSO_sim_z1.05_MgIIGreen_60.2425m0.3032.fits
QSO_sim_z1.05_MgIIGreen_60.2425m0.3032.fits
QSO_sim_z1.25_MgIIGreen_336.2534m48.1088.fits
QSO_sim_z1.25_MgIIGreen_336.2534m48.1088.fits
QSO_sim_z1.3_MgIIGreen_310.3379m36.8402.fits
QSO_sim_z1.3_MgIIGreen_310.3379m36.8402.fits
QSO_sim_z1.3_MgIIGreen_39.5638m49.8761.fits
QSO_sim_z1.3_MgIIGreen_39.5638m49.8761.fits
QSO_sim_z1.25_MgIIGreen_102.1684m64.9023.fits
QSO_sim_z1.25_MgIIGreen_102.1684m64.9023.fits
QSO_sim_z1.95_MgIIGreen_3.8627m1.3897.fits
QSO_sim_z1.95_MgIIGreen_3.8627m1.3897.fits
QSO_sim_z2.0109_MgIIGreen_30.8248m9.0177.fits
QSO_sim_z2.0109_MgIIGreen_30.8248m9.0177.fits
QSO_sim_z1.65_MgIIGreen_169.0603m37.69.fits
QSO_sim_z1.65_MgIIGreen_169.0603m37.69.fits
QSO_sim_z1.5_MgIIGreen_102.2869m61.6217.fits
QSO_sim_z1.5_MgIIGreen_102.2869m61.6217.fits
QSO_sim_z2.2469_MgIIGreen_104.5873m65.5266.fits
QSO_sim_z2.2469_MgIIGreen_104.5873m65.5266.fits
QSO_sim_z1.65_MgIIGreen_22.1984m46.7306.fits
QSO_sim_z1.65_MgIIGreen_22.1984m46.7306.fits
QSO_sim_z1.6_MgIIGreen_215.8121m15.7374.fits
QSO_sim_z1.6_MgIIGreen_215.8121m15.7374.fits
QSO_sim_z1.9177_MgIIGreen_13.681m18.4472.fits
QSO_sim_z1.9177_MgIIGreen_13.681m18.4472.fits
QSO_sim_z1.2636_MgIIGreen_14.7675m5.2738.fits
QSO_sim_z1.2636_MgIIGreen_14.7675m5.2738.fits
QSO_sim_z1.5_MgIIGreen_75.0964m50.2765.fits
QSO_sim_z1.5_MgIIGreen_75.0964m50.2765.fits
QSO_sim_z1.767_MgIIGreen_4.3551m1.0412.fits
QSO_sim_z1.767_MgIIGreen_4.3551m1.0412.fits
QSO_sim_z1.75_MgIIGreen_88.6816m49.6737.fits
QSO_sim_z1.75_MgIIGreen_88.6816m49.6737.fits
QSO_sim_z1.6419_MgIIBlueDeep_223.1526p0.2663.fits
QSO_sim_z1.6419_MgIIBlueDeep_223.1526p0.2663.fits
QSO_sim_z2.2_MgIIGreen_205.9724m17.8626.fits
QSO_sim_z2.2_MgIIGreen_205.9724m17.8626.fits
QSO_sim_z3.535_DLABlue_348.1145p0.8755.fits
QSO_sim_z3.535_DLABlue_348.1145p0.8755.fits
QSO_sim_z1.9_MgIIGreen_35.6205m49.7829.fits
QSO_sim_z1.9_MgIIGreen_35.6205m49.7829.fits
QSO_sim_z2.45_MgIIGreen_65.4651m59.2137.fits
QSO_sim_z2.45_MgIIGreen_65.4651m59.2137.fits
QSO_sim_z1.25_MgIIGreen_165.908m36.0154.fits
QSO_sim_z1.25_MgIIGreen_165.908m36.0154.fits
QSO_sim_z1.05_MgIIGreen_166.4793m37.2778.fits
QSO_sim_z1.05_MgIIGreen_166.4793m37.2778.fits
QSO_sim_z2.1829_MgIIGreen_30.628m6.4009.fits
QSO_sim_z2.1829_MgIIGreen_30.628m6.4009.fits
QSO_sim_z1.35_MgIIGreen_78.7227m50.0521.fits
QSO_sim_z1.35_MgIIGreen_78.7227m50.0521.fits
QSO_sim_z1.0455_MgIIGreen_13.9941m17.8453.fits
QSO_sim_z1.0455_MgIIGreen_13.9941m17.8453.fits
QSO_sim_z1.987_MgIIGreen_229.5108m1.362.fits
QSO_sim_z1.987_MgIIGreen_229.5108m1.362.fits
QSO_sim_z2.5_MgIIGreen_68.5161m16.9124.fits
QSO_sim_z2.5_MgIIGreen_68.5161m16.9124.fits
QSO_sim_z2.1_MgIIGreen_188.7723m32.9669.fits
QSO_sim_z2.1_MgIIGreen_188.7723m32.9669.fits
QSO_sim_z1.35_MgIIGreen_66.4532m55.1704.fits
QSO_sim_z1.35_MgIIGreen_66.4532m55.1704.fits
QSO_sim_z2.1_MgIIGreen_71.729m31.9801.fits
QSO_sim_z2.1_MgIIGreen_71.729m31.9801.fits
QSO_sim_z1.7_MgIIGreen_67.1198m57.7663.fits
QSO_sim_z1.7_MgIIGreen_67.1198m57.7663.fits
QSO_sim_z2.0531_MgIIGreen_159.8513p4.703.fits
QSO_sim_z2.0531_MgIIGreen_159.8513p4.703.fits
QSO_sim_z2.5046_MgIIGreen_13.9914m17.022.fits
QSO_sim_z2.5046_MgIIGreen_13.9914m17.022.fits
QSO_sim_z1.6_MgIIGreen_132.5233m10.8938.fits
QSO_sim_z1.6_MgIIGreen_132.5233m10.8938.fits
QSO_sim_z1.25_MgIIGreen_145.1603m16.2102.fits
QSO_sim_z1.25_MgIIGreen_145.1603m16.2102.fits
QSO_sim_z1.15_MgIIGreen_37.2341m54.3541.fits
QSO_sim_z1.15_MgIIGreen_37.2341m54.3541.fits
QSO_sim_z1.6317_MgIIGreen_61.398m1.9559.fits
QSO_sim_z1.6317_MgIIGreen_61.398m1.9559.fits
QSO_sim_z1.35_MgIIGreen_233.5456m26.9021.fits
QSO_sim_z1.35_MgIIGreen_233.5456m26.9021.fits
QSO_sim_z1.45_MgIIGreen_67.9652m55.9819.fits
QSO_sim_z1.45_MgIIGreen_67.9652m55.9819.fits
QSO_sim_z1.65_MgIIGreen_67.464m56.7636.fits
QSO_sim_z1.65_MgIIGreen_67.464m56.7636.fits
QSO_sim_z2.2_MgIIGreen_16.645m18.1028.fits
QSO_sim_z2.2_MgIIGreen_16.645m18.1028.fits
QSO_sim_z1.2639_MgIIGreen_0.113m1.0126.fits
QSO_sim_z1.2639_MgIIGreen_0.113m1.0126.fits
QSO_sim_z2.2_MgIIGreen_330.1414m4.6553.fits
QSO_sim_z2.2_MgIIGreen_330.1414m4.6553.fits
QSO_sim_z1.75_MgIIGreen_61.133m1.6804.fits
QSO_sim_z1.75_MgIIGreen_61.133m1.6804.fits
QSO_sim_z1.05_MgIIGreen_76.1256p0.8438.fits
QSO_sim_z1.05_MgIIGreen_76.1256p0.8438.fits
QSO_sim_z1.8_MgIIGreen_145.9924m17.3555.fits
QSO_sim_z1.8_MgIIGreen_145.9924m17.3555.fits
QSO_sim_z2.2_MgIIGreen_323.1134m5.77.fits
QSO_sim_z2.2_MgIIGreen_323.1134m5.77.fits
QSO_sim_z1.107_MgIIGreen_357.0866m9.748.fits
QSO_sim_z1.107_MgIIGreen_357.0866m9.748.fits
QSO_sim_z1.6_MgIIGreen_101.0569m65.001.fits
QSO_sim_z1.6_MgIIGreen_101.0569m65.001.fits
QSO_sim_z1.65_MgIIGreen_20.4027m53.2086.fits
QSO_sim_z1.65_MgIIGreen_20.4027m53.2086.fits
QSO_sim_z2.302_MgIIGreen_61.4999m79.147.fits
QSO_sim_z2.302_MgIIGreen_61.4999m79.147.fits
QSO_sim_z1.4_MgIIGreen_300.1877m20.496.fits
QSO_sim_z1.4_MgIIGreen_300.1877m20.496.fits
QSO_sim_z1.4_MgIIGreen_51.0647m51.494.fits
QSO_sim_z1.4_MgIIGreen_51.0647m51.494.fits
QSO_sim_z2.6443_DLABlue_335.2458p0.9881.fits
QSO_sim_z2.6443_DLABlue_335.2458p0.9881.fits
QSO_sim_z2.5_MgIIGreen_100.4395m69.9269.fits
QSO_sim_z2.5_MgIIGreen_100.4395m69.9269.fits
QSO_sim_z1.1714_MgIIGreen_99.7916m64.5652.fits
QSO_sim_z1.1714_MgIIGreen_99.7916m64.5652.fits
QSO_sim_z1.0553_MgIIGreen_225.7539m4.1706.fits
QSO_sim_z1.0553_MgIIGreen_225.7539m4.1706.fits
QSO_sim_z1.7851_MgIIGreen_225.5715m1.189.fits
QSO_sim_z1.7851_MgIIGreen_225.5715m1.189.fits
QSO_sim_z1.6837_MgIIGreen_48.1887m5.5516.fits
QSO_sim_z1.6837_MgIIGreen_48.1887m5.5516.fits
QSO_sim_z2.7697_DLABlue_328.4167p0.9507.fits
QSO_sim_z2.7697_DLABlue_328.4167p0.9507.fits
QSO_sim_z1.8324_MgIIGreen_98.3001m64.3352.fits
QSO_sim_z1.8324_MgIIGreen_98.3001m64.3352.fits
QSO_sim_z1.7_MgIIGreen_133.1681m77.426.fits
QSO_sim_z1.7_MgIIGreen_133.1681m77.426.fits
QSO_sim_z1.8381_MgIIGreen_48.6066m9.1247.fits
QSO_sim_z1.8381_MgIIGreen_48.6066m9.1247.fits
QSO_sim_z2.15_MgIIGreen_19.0872m21.8386.fits
QSO_sim_z2.15_MgIIGreen_19.0872m21.8386.fits
QSO_sim_z2.05_MgIIGreen_21.7563m53.4114.fits
QSO_sim_z2.05_MgIIGreen_21.7563m53.4114.fits
QSO_sim_z1.9219_MgIIGreen_166.8264p4.1727.fits
QSO_sim_z1.9219_MgIIGreen_166.8264p4.1727.fits
QSO_sim_z0.9266_MgIIBlueWide_347.4928m4.926.fits
QSO_sim_z0.9266_MgIIBlueWide_347.4928m4.926.fits
QSO_sim_z1.2877_MgIIGreen_163.5838m8.9041.fits
QSO_sim_z1.2877_MgIIGreen_163.5838m8.9041.fits
QSO_sim_z1.9291_MgIIGreen_330.3829m0.2621.fits
QSO_sim_z1.9291_MgIIGreen_330.3829m0.2621.fits
QSO_sim_z1.9_MgIIGreen_52.0808m50.4702.fits
QSO_sim_z1.9_MgIIGreen_52.0808m50.4702.fits
QSO_sim_z1.2065_MgIIGreen_330.1415m0.4726.fits
QSO_sim_z1.2065_MgIIGreen_330.1415m0.4726.fits
QSO_sim_z2.4077_MgIIGreen_11.6707m6.689.fits
QSO_sim_z2.4077_MgIIGreen_11.6707m6.689.fits
QSO_sim_z2.0065_MgIIGreen_65.2006m15.1726.fits
QSO_sim_z2.0065_MgIIGreen_65.2006m15.1726.fits
QSO_sim_z1.2492_MgIIGreen_331.6334m1.7134.fits
QSO_sim_z1.2492_MgIIGreen_331.6334m1.7134.fits
QSO_sim_z1.2_MgIIGreen_197.2089m22.3799.fits
QSO_sim_z1.2_MgIIGreen_197.2089m22.3799.fits
QSO_sim_z1.45_MgIIGreen_347.333m15.501.fits
QSO_sim_z1.45_MgIIGreen_347.333m15.501.fits
QSO_sim_z1.42_MgIIGreen_49.1025m8.3201.fits
QSO_sim_z1.42_MgIIGreen_49.1025m8.3201.fits
QSO_sim_z2.6949_DLABlue_325.4099p0.3814.fits
QSO_sim_z2.6949_DLABlue_325.4099p0.3814.fits
QSO_sim_z1.05_MgIIGreen_324.3907m9.2468.fits
QSO_sim_z1.05_MgIIGreen_324.3907m9.2468.fits
QSO_sim_z1.25_MgIIGreen_87.2813m52.3881.fits
QSO_sim_z1.25_MgIIGreen_87.2813m52.3881.fits
QSO_sim_z1.0677_MgIIGreen_63.0135m6.0728.fits
QSO_sim_z1.0677_MgIIGreen_63.0135m6.0728.fits
QSO_sim_z1.7009_MgIIGreen_49.3064m7.7865.fits
QSO_sim_z1.7009_MgIIGreen_49.3064m7.7865.fits
QSO_sim_z1.75_MgIIGreen_218.4796m15.0684.fits
QSO_sim_z1.75_MgIIGreen_218.4796m15.0684.fits
QSO_sim_z1.8882_MgIIGreen_18.067m17.6.fits
QSO_sim_z1.8882_MgIIGreen_18.067m17.6.fits
QSO_sim_z1.4_MgIIGreen_16.4672m20.0817.fits
QSO_sim_z1.4_MgIIGreen_16.4672m20.0817.fits
QSO_sim_z1.986_MgIIGreen_49.2178m6.843.fits
QSO_sim_z1.986_MgIIGreen_49.2178m6.843.fits
QSO_sim_z1.9565_MgIIGreen_346.8427m14.1199.fits
QSO_sim_z1.9565_MgIIGreen_346.8427m14.1199.fits
QSO_sim_z2.4897_MgIIGreen_358.5814m5.2327.fits
QSO_sim_z2.4897_MgIIGreen_358.5814m5.2327.fits
QSO_sim_z2.828_DLABlue_88.6961m38.1577.fits
QSO_sim_z2.828_DLABlue_88.6961m38.1577.fits
QSO_sim_z1.218_MgIIGreen_19.5537m16.8904.fits
QSO_sim_z1.218_MgIIGreen_19.5537m16.8904.fits
QSO_sim_z1.2_MgIIGreen_347.3464m23.1766.fits
QSO_sim_z1.2_MgIIGreen_347.3464m23.1766.fits
QSO_sim_z2.15_MgIIBlueDeep_215.1534m3.745.fits
QSO_sim_z2.15_MgIIBlueDeep_215.1534m3.745.fits
QSO_sim_z1.9159_MgIIGreen_180.9215m7.7754.fits
QSO_sim_z1.9159_MgIIGreen_180.9215m7.7754.fits
QSO_sim_z1.25_MgIIGreen_180.5327m9.8705.fits
QSO_sim_z1.25_MgIIGreen_180.5327m9.8705.fits
QSO_sim_z1.55_MgIIGreen_66.9515m18.1257.fits
QSO_sim_z1.55_MgIIGreen_66.9515m18.1257.fits
QSO_sim_z1.75_MgIIGreen_198.8546m20.9794.fits
QSO_sim_z1.75_MgIIGreen_198.8546m20.9794.fits
QSO_sim_z1.15_MgIIGreen_70.3745m36.5275.fits
QSO_sim_z1.15_MgIIGreen_70.3745m36.5275.fits
QSO_sim_z1.35_MgIIBlueDeep_194.3451p3.6571.fits
QSO_sim_z1.35_MgIIBlueDeep_194.3451p3.6571.fits
QSO_sim_z1.691_MgIIGreen_45.1338m7.5862.fits
QSO_sim_z1.691_MgIIGreen_45.1338m7.5862.fits
QSO_sim_z1.5_MgIIGreen_338.5771m58.0604.fits
QSO_sim_z1.5_MgIIGreen_338.5771m58.0604.fits
QSO_sim_z1.25_MgIIGreen_81.8353m6.8074.fits
QSO_sim_z1.25_MgIIGreen_81.8353m6.8074.fits
QSO_sim_z2.9086_MgIIBlueDeep_207.4263m2.0601.fits
QSO_sim_z2.9086_MgIIBlueDeep_207.4263m2.0601.fits
QSO_sim_z1.9_MgIIGreen_218.0485m17.2787.fits
QSO_sim_z1.9_MgIIGreen_218.0485m17.2787.fits
QSO_sim_z2.2406_MgIIGreen_2.37m7.7506.fits
QSO_sim_z2.2406_MgIIGreen_2.37m7.7506.fits
QSO_sim_z1.55_MgIIGreen_199.8117m27.4138.fits
QSO_sim_z1.55_MgIIGreen_199.8117m27.4138.fits
QSO_sim_z1.25_MgIIGreen_310.4617m41.8566.fits
QSO_sim_z1.25_MgIIGreen_310.4617m41.8566.fits
QSO_sim_z0.8107_MgIIBlueWide_347.0888m3.568.fits
QSO_sim_z0.8107_MgIIBlueWide_347.0888m3.568.fits
QSO_sim_z2.0238_MgIIGreen_45.1732m9.1017.fits
QSO_sim_z2.0238_MgIIGreen_45.1732m9.1017.fits
QSO_sim_z1.4026_MgIIGreen_345.867m14.434.fits
QSO_sim_z1.4026_MgIIGreen_345.867m14.434.fits
QSO_sim_z1.2906_MgIIGreen_171.5686m6.7077.fits
QSO_sim_z1.2906_MgIIGreen_171.5686m6.7077.fits
QSO_sim_z1.9439_MgIIGreen_345.7186m14.4299.fits
QSO_sim_z1.9439_MgIIGreen_345.7186m14.4299.fits
QSO_sim_z1.4582_MgIIGreen_45.4122m6.8875.fits
QSO_sim_z1.4582_MgIIGreen_45.4122m6.8875.fits
QSO_sim_z2.55_MgIIGreen_132.2854p0.6135.fits
QSO_sim_z2.55_MgIIGreen_132.2854p0.6135.fits
QSO_sim_z1.0155_MgIIBlueDeep_215.8163m3.1733.fits
QSO_sim_z1.0155_MgIIBlueDeep_215.8163m3.1733.fits
QSO_sim_z1.55_MgIIGreen_100.2033m70.7881.fits
QSO_sim_z1.55_MgIIGreen_100.2033m70.7881.fits
QSO_sim_z1.7033_MgIIGreen_332.2557m0.0879.fits
QSO_sim_z1.7033_MgIIGreen_332.2557m0.0879.fits
QSO_sim_z1.3357_MgIIGreen_15.2116m17.907.fits
QSO_sim_z1.3357_MgIIGreen_15.2116m17.907.fits
QSO_sim_z1.1249_MgIIGreen_15.7722m17.4058.fits
QSO_sim_z1.1249_MgIIGreen_15.7722m17.4058.fits
QSO_sim_z1.751_MgIIBlueDeep_203.6362m2.414.fits
QSO_sim_z1.751_MgIIBlueDeep_203.6362m2.414.fits
QSO_sim_z1.2621_MgIIGreen_160.842m7.1034.fits
QSO_sim_z1.2621_MgIIGreen_160.842m7.1034.fits
QSO_sim_z1.2108_MgIIGreen_60.9438m6.0206.fits
QSO_sim_z1.2108_MgIIGreen_60.9438m6.0206.fits
QSO_sim_z1.05_MgIIGreen_82.2419m13.1104.fits
QSO_sim_z1.05_MgIIGreen_82.2419m13.1104.fits
QSO_sim_z1.25_MgIIGreen_300.3596m40.9002.fits
QSO_sim_z1.25_MgIIGreen_300.3596m40.9002.fits
QSO_sim_z1.1339_MgIIGreen_21.764p0.596.fits
QSO_sim_z1.1339_MgIIGreen_21.764p0.596.fits
QSO_sim_z1.2428_MgIIGreen_13.9775m6.1983.fits
QSO_sim_z1.2428_MgIIGreen_13.9775m6.1983.fits
QSO_sim_z1.2726_MgIIGreen_171.7678m7.5705.fits
QSO_sim_z1.2726_MgIIGreen_171.7678m7.5705.fits
QSO_sim_z2.5736_MgIIGreen_15.0689m16.8137.fits
QSO_sim_z2.5736_MgIIGreen_15.0689m16.8137.fits
QSO_sim_z1.26_MgIIGreen_136.992m4.6798.fits
QSO_sim_z1.26_MgIIGreen_136.992m4.6798.fits
QSO_sim_z1.4089_MgIIGreen_31.1769m7.4268.fits
QSO_sim_z1.4089_MgIIGreen_31.1769m7.4268.fits
QSO_sim_z1.6_MgIIGreen_282.8119m56.0349.fits
QSO_sim_z1.6_MgIIGreen_282.8119m56.0349.fits
QSO_sim_z1.2_MgIIGreen_208.4239m28.5886.fits
QSO_sim_z1.2_MgIIGreen_208.4239m28.5886.fits
QSO_sim_z2.0_MgIIGreen_208.9187m28.784.fits
QSO_sim_z2.0_MgIIGreen_208.9187m28.784.fits
QSO_sim_z2.6363_DLABlue_88.0303m28.6727.fits
QSO_sim_z2.6363_DLABlue_88.0303m28.6727.fits
QSO_sim_z1.55_MgIIGreen_189.1772m35.8944.fits
QSO_sim_z1.55_MgIIGreen_189.1772m35.8944.fits
QSO_sim_z1.35_MgIIGreen_137.4816m2.7508.fits
QSO_sim_z1.35_MgIIGreen_137.4816m2.7508.fits
QSO_sim_z1.1_MgIIGreen_69.7224m74.3998.fits
QSO_sim_z1.1_MgIIGreen_69.7224m74.3998.fits
QSO_sim_z1.45_MgIIGreen_229.107m6.9869.fits
QSO_sim_z1.45_MgIIGreen_229.107m6.9869.fits
QSO_sim_z2.3_MgIIGreen_101.9807m71.0741.fits
QSO_sim_z2.3_MgIIGreen_101.9807m71.0741.fits
QSO_sim_z2.35_MgIIGreen_16.0685m36.2203.fits
QSO_sim_z2.35_MgIIGreen_16.0685m36.2203.fits
QSO_sim_z1.45_MgIIGreen_39.3729m56.2479.fits
QSO_sim_z1.45_MgIIGreen_39.3729m56.2479.fits
QSO_sim_z1.5664_MgIIGreen_320.7363m6.4588.fits
QSO_sim_z1.5664_MgIIGreen_320.7363m6.4588.fits
QSO_sim_z2.35_MgIIBlueDeep_223.6046p2.1428.fits
QSO_sim_z2.35_MgIIBlueDeep_223.6046p2.1428.fits
QSO_sim_z1.5038_MgIIGreen_231.2804p0.2537.fits
QSO_sim_z1.5038_MgIIGreen_231.2804p0.2537.fits
QSO_sim_z2.2_MgIIGreen_348.0811m36.5538.fits
QSO_sim_z2.2_MgIIGreen_348.0811m36.5538.fits
QSO_sim_z1.2696_MgIIGreen_113.8746m65.1032.fits
QSO_sim_z1.2696_MgIIGreen_113.8746m65.1032.fits
QSO_sim_z2.1_MgIIGreen_311.2874m43.1293.fits
QSO_sim_z2.1_MgIIGreen_311.2874m43.1293.fits
QSO_sim_z2.05_MgIIGreen_282.9091m58.1689.fits
QSO_sim_z2.05_MgIIGreen_282.9091m58.1689.fits
QSO_sim_z1.661_MgIIGreen_46.7792m7.5723.fits
QSO_sim_z1.661_MgIIGreen_46.7792m7.5723.fits
QSO_sim_z1.6_MgIIGreen_311.4139m40.7547.fits
QSO_sim_z1.6_MgIIGreen_311.4139m40.7547.fits
QSO_sim_z1.1_MgIIGreen_189.4021m35.3657.fits
QSO_sim_z1.1_MgIIGreen_189.4021m35.3657.fits
QSO_sim_z2.6044_MgIIBlueDeep_207.4857m1.7582.fits
QSO_sim_z2.6044_MgIIBlueDeep_207.4857m1.7582.fits
QSO_sim_z1.6133_MgIIGreen_46.3347m5.101.fits
QSO_sim_z1.6133_MgIIGreen_46.3347m5.101.fits
QSO_sim_z2.7959_DLABlue_87.7222m27.6935.fits
QSO_sim_z2.7959_DLABlue_87.7222m27.6935.fits
QSO_sim_z2.25_MgIIGreen_67.5411m15.2372.fits
QSO_sim_z2.25_MgIIGreen_67.5411m15.2372.fits
QSO_sim_z1.55_MgIIGreen_197.0024m29.0452.fits
QSO_sim_z1.55_MgIIGreen_197.0024m29.0452.fits
QSO_sim_z2.25_MgIIGreen_23.9973m55.5943.fits
QSO_sim_z2.25_MgIIGreen_23.9973m55.5943.fits
QSO_sim_z1.5079_MgIIGreen_46.548m5.9187.fits
QSO_sim_z1.5079_MgIIGreen_46.548m5.9187.fits
QSO_sim_z1.4437_MgIIGreen_320.633m5.0103.fits
QSO_sim_z1.4437_MgIIGreen_320.633m5.0103.fits
QSO_sim_z1.6416_MgIIGreen_16.5236m15.4999.fits
QSO_sim_z1.6416_MgIIGreen_16.5236m15.4999.fits
QSO_sim_z1.5449_MgIIBlueDeep_203.6783m1.5848.fits
QSO_sim_z1.5449_MgIIBlueDeep_203.6783m1.5848.fits
QSO_sim_z1.65_MgIIGreen_209.2004m26.1645.fits
QSO_sim_z1.65_MgIIGreen_209.2004m26.1645.fits
QSO_sim_z2.4121_MgIIGreen_3.8411m5.979.fits
QSO_sim_z2.4121_MgIIGreen_3.8411m5.979.fits
QSO_sim_z1.5_MgIIGreen_91.5819m24.3884.fits
QSO_sim_z1.5_MgIIGreen_91.5819m24.3884.fits
QSO_sim_z2.1_MgIIGreen_65.0453m73.3776.fits
QSO_sim_z2.1_MgIIGreen_65.0453m73.3776.fits
QSO_sim_z1.1158_MgIIGreen_3.1878m8.9365.fits
QSO_sim_z1.1158_MgIIGreen_3.1878m8.9365.fits
QSO_sim_z1.4454_MgIIGreen_233.1709p0.5201.fits
QSO_sim_z1.4454_MgIIGreen_233.1709p0.5201.fits
QSO_sim_z1.4292_MgIIGreen_233.2583p0.0929.fits
QSO_sim_z1.4292_MgIIGreen_233.2583p0.0929.fits
QSO_sim_z1.1854_MgIIBlueDeep_203.7555m2.7824.fits
QSO_sim_z1.1854_MgIIBlueDeep_203.7555m2.7824.fits
QSO_sim_z1.25_MgIIGreen_320.7518m7.4799.fits
QSO_sim_z1.25_MgIIGreen_320.7518m7.4799.fits
QSO_sim_z1.0874_MgIIBlueDeep_194.5569p0.534.fits
QSO_sim_z1.0874_MgIIBlueDeep_194.5569p0.534.fits
QSO_sim_z1.8367_MgIIGreen_15.5624m79.8827.fits
QSO_sim_z1.8367_MgIIGreen_15.5624m79.8827.fits
QSO_sim_z1.5_MgIIGreen_103.2257m75.2136.fits
QSO_sim_z1.5_MgIIGreen_103.2257m75.2136.fits
QSO_sim_z1.9457_MgIIGreen_334.2984m9.7722.fits
QSO_sim_z1.9457_MgIIGreen_334.2984m9.7722.fits
QSO_sim_z0.8235_MgIIBlueWide_346.8825m2.676.fits
QSO_sim_z0.8235_MgIIBlueWide_346.8825m2.676.fits
QSO_sim_z0.7778_MgIIBlueWide_347.6578m1.8265.fits
QSO_sim_z0.7778_MgIIBlueWide_347.6578m1.8265.fits
QSO_sim_z2.4523_MgIIBlueDeep_215.7094m0.1007.fits
QSO_sim_z2.4523_MgIIBlueDeep_215.7094m0.1007.fits
QSO_sim_z1.8_MgIIGreen_345.2102m38.3276.fits
QSO_sim_z1.8_MgIIGreen_345.2102m38.3276.fits
QSO_sim_z2.05_MgIIGreen_72.871m35.3378.fits
QSO_sim_z2.05_MgIIGreen_72.871m35.3378.fits
QSO_sim_z1.9531_MgIIGreen_114.4683m63.1322.fits
QSO_sim_z1.9531_MgIIGreen_114.4683m63.1322.fits
QSO_sim_z2.0316_MgIIGreen_47.5599m6.9623.fits
QSO_sim_z2.0316_MgIIGreen_47.5599m6.9623.fits
QSO_sim_z2.05_MgIIGreen_217.057m21.7384.fits
QSO_sim_z2.05_MgIIGreen_217.057m21.7384.fits
QSO_sim_z1.5_MgIIGreen_104.0356m76.8719.fits
QSO_sim_z1.5_MgIIGreen_104.0356m76.8719.fits
QSO_sim_z1.55_MgIIGreen_186.9401m39.0746.fits
QSO_sim_z1.55_MgIIGreen_186.9401m39.0746.fits
QSO_sim_z1.4_MgIIGreen_15.7587m44.2387.fits
QSO_sim_z1.4_MgIIGreen_15.7587m44.2387.fits
QSO_sim_z1.9_MgIIGreen_80.7929m14.2893.fits
QSO_sim_z1.9_MgIIGreen_80.7929m14.2893.fits
QSO_sim_z1.4641_MgIIGreen_346.1272m12.7508.fits
QSO_sim_z1.4641_MgIIGreen_346.1272m12.7508.fits
QSO_sim_z2.15_MgIIGreen_338.338m64.0116.fits
QSO_sim_z2.15_MgIIGreen_338.338m64.0116.fits
QSO_sim_z1.8245_MgIIGreen_110.2329m63.2291.fits
QSO_sim_z1.8245_MgIIGreen_110.2329m63.2291.fits
QSO_sim_z1.75_MgIIGreen_100.5199m76.3666.fits
QSO_sim_z1.75_MgIIGreen_100.5199m76.3666.fits
QSO_sim_z1.45_MgIIGreen_65.3059m23.3339.fits
QSO_sim_z1.45_MgIIGreen_65.3059m23.3339.fits
QSO_sim_z1.4726_MgIIGreen_26.1265m9.9294.fits
QSO_sim_z1.4726_MgIIGreen_26.1265m9.9294.fits
QSO_sim_z2.3868_MgIIGreen_30.7856m13.8948.fits
QSO_sim_z2.3868_MgIIGreen_30.7856m13.8948.fits
QSO_sim_z1.492_MgIIGreen_30.0508m12.9031.fits
QSO_sim_z1.492_MgIIGreen_30.0508m12.9031.fits
QSO_sim_z2.35_MgIIGreen_65.9495m20.0649.fits
QSO_sim_z2.35_MgIIGreen_65.9495m20.0649.fits
QSO_sim_z1.5171_MgIIGreen_4.0344m7.9164.fits
QSO_sim_z1.5171_MgIIGreen_4.0344m7.9164.fits
QSO_sim_z1.0757_MgIIGreen_52.7872p0.4409.fits
QSO_sim_z1.0757_MgIIGreen_52.7872p0.4409.fits
QSO_sim_z1.35_MgIIGreen_68.7263m77.4262.fits
QSO_sim_z1.35_MgIIGreen_68.7263m77.4262.fits
QSO_sim_z1.9_MgIIGreen_4.8511m8.493.fits
QSO_sim_z1.9_MgIIGreen_4.8511m8.493.fits
QSO_sim_z1.45_MgIIGreen_226.5609m14.5173.fits
QSO_sim_z1.45_MgIIGreen_226.5609m14.5173.fits
QSO_sim_z2.2103_MgIIGreen_322.0154m5.5518.fits
QSO_sim_z2.2103_MgIIGreen_322.0154m5.5518.fits
QSO_sim_z1.85_MgIIGreen_91.1747m26.1034.fits
QSO_sim_z1.85_MgIIGreen_91.1747m26.1034.fits
QSO_sim_z1.4492_MgIIGreen_48.1565m14.4018.fits
QSO_sim_z1.4492_MgIIGreen_48.1565m14.4018.fits
QSO_sim_z1.2_MgIIGreen_16.5869m42.7546.fits
QSO_sim_z1.2_MgIIGreen_16.5869m42.7546.fits
QSO_sim_z2.2_MgIIGreen_52.8749p0.7128.fits
QSO_sim_z2.2_MgIIGreen_52.8749p0.7128.fits
QSO_sim_z1.6_MgIIGreen_74.5366m41.352.fits
QSO_sim_z1.6_MgIIGreen_74.5366m41.352.fits
QSO_sim_z1.959_MgIIGreen_48.4883m13.6166.fits
QSO_sim_z1.959_MgIIGreen_48.4883m13.6166.fits
QSO_sim_z1.35_MgIIGreen_227.5128m12.8821.fits
QSO_sim_z1.35_MgIIGreen_227.5128m12.8821.fits
QSO_sim_z2.0217_MgIIGreen_236.1154m0.744.fits
QSO_sim_z2.0217_MgIIGreen_236.1154m0.744.fits
QSO_sim_z1.8172_MgIIGreen_31.7137m14.3877.fits
QSO_sim_z1.8172_MgIIGreen_31.7137m14.3877.fits
QSO_sim_z1.1493_MgIIGreen_4.7216m21.2446.fits
QSO_sim_z1.1493_MgIIGreen_4.7216m21.2446.fits
QSO_sim_z2.2_MgIIGreen_146.7409m24.1724.fits
QSO_sim_z2.2_MgIIGreen_146.7409m24.1724.fits
QSO_sim_z1.4_MgIIGreen_357.6115m13.5638.fits
QSO_sim_z1.4_MgIIGreen_357.6115m13.5638.fits
QSO_sim_z2.15_MgIIGreen_74.7474m44.6236.fits
QSO_sim_z2.15_MgIIGreen_74.7474m44.6236.fits
QSO_sim_z1.5781_MgIIGreen_108.3294m60.6918.fits
QSO_sim_z1.5781_MgIIGreen_108.3294m60.6918.fits
QSO_sim_z2.15_MgIIGreen_283.3594m60.8896.fits
QSO_sim_z2.15_MgIIGreen_283.3594m60.8896.fits
QSO_sim_z1.25_MgIIGreen_102.5669m79.0728.fits
QSO_sim_z1.25_MgIIGreen_102.5669m79.0728.fits
QSO_sim_z1.15_MgIIGreen_348.0438m42.5874.fits
QSO_sim_z1.15_MgIIGreen_348.0438m42.5874.fits
QSO_sim_z2.4_MgIIGreen_236.7839m1.2472.fits
QSO_sim_z2.4_MgIIGreen_236.7839m1.2472.fits
QSO_sim_z2.1702_MgIIGreen_5.5998m21.4299.fits
QSO_sim_z2.1702_MgIIGreen_5.5998m21.4299.fits
QSO_sim_z1.334_MgIIGreen_20.7647p2.3476.fits
QSO_sim_z1.334_MgIIGreen_20.7647p2.3476.fits
QSO_sim_z2.2711_MgIIGreen_31.5089m14.887.fits
QSO_sim_z2.2711_MgIIGreen_31.5089m14.887.fits
QSO_sim_z1.5_MgIIGreen_92.367m28.4752.fits
QSO_sim_z1.5_MgIIGreen_92.367m28.4752.fits
QSO_sim_z2.3_MgIIGreen_195.5884m33.0979.fits
QSO_sim_z2.3_MgIIGreen_195.5884m33.0979.fits
QSO_sim_z1.9_MgIIGreen_147.7667m23.0201.fits
QSO_sim_z1.9_MgIIGreen_147.7667m23.0201.fits
QSO_sim_z2.1387_MgIIGreen_347.2556m4.5468.fits
QSO_sim_z2.1387_MgIIGreen_347.2556m4.5468.fits
QSO_sim_z1.8836_MgIIGreen_348.6888m12.1389.fits
QSO_sim_z1.8836_MgIIGreen_348.6888m12.1389.fits
QSO_sim_z1.4_MgIIGreen_284.2231m62.8042.fits
QSO_sim_z1.4_MgIIGreen_284.2231m62.8042.fits
QSO_sim_z2.4_MgIIGreen_160.2832m11.7928.fits
QSO_sim_z2.4_MgIIGreen_160.2832m11.7928.fits
QSO_sim_z1.8_MgIIGreen_39.0517m65.6287.fits
QSO_sim_z1.8_MgIIGreen_39.0517m65.6287.fits
QSO_sim_z1.55_MgIIGreen_284.3564m61.0473.fits
QSO_sim_z1.55_MgIIGreen_284.3564m61.0473.fits
QSO_sim_z1.1126_MgIIGreen_20.06p0.4558.fits
QSO_sim_z1.1126_MgIIGreen_20.06p0.4558.fits
QSO_sim_z2.1989_MgIIGreen_30.9947m14.3869.fits
QSO_sim_z2.1989_MgIIGreen_30.9947m14.3869.fits
QSO_sim_z1.86_MgIIGreen_49.3569m10.6446.fits
QSO_sim_z1.86_MgIIGreen_49.3569m10.6446.fits
QSO_sim_z1.55_MgIIGreen_20.3567p3.6447.fits
QSO_sim_z1.55_MgIIGreen_20.3567p3.6447.fits
QSO_sim_z2.35_MgIIGreen_187.8001p4.72.fits
QSO_sim_z2.35_MgIIGreen_187.8001p4.72.fits
QSO_sim_z2.0168_MgIIGreen_37.5241p0.0843.fits
QSO_sim_z2.0168_MgIIGreen_37.5241p0.0843.fits
QSO_sim_z1.2211_MgIIGreen_26.5471m77.6959.fits
QSO_sim_z1.2211_MgIIGreen_26.5471m77.6959.fits
QSO_sim_z1.713_MgIIGreen_187.0434p4.5783.fits
QSO_sim_z1.713_MgIIGreen_187.0434p4.5783.fits
QSO_sim_z0.8767_MgIIBlueWide_352.4366m2.9496.fits
QSO_sim_z0.8767_MgIIBlueWide_352.4366m2.9496.fits
QSO_sim_z1.9409_MgIIGreen_12.7335m13.1591.fits
QSO_sim_z1.9409_MgIIGreen_12.7335m13.1591.fits
QSO_sim_z1.3_MgIIGreen_32.9149m19.3498.fits
QSO_sim_z1.3_MgIIGreen_32.9149m19.3498.fits
QSO_sim_z1.4889_MgIIGreen_20.2169p0.3266.fits
QSO_sim_z1.4889_MgIIGreen_20.2169p0.3266.fits
QSO_sim_z1.6918_MgIIGreen_345.0816m5.2672.fits
QSO_sim_z1.6918_MgIIGreen_345.0816m5.2672.fits
QSO_sim_z2.086_MgIIGreen_24.1198m9.0377.fits
QSO_sim_z2.086_MgIIGreen_24.1198m9.0377.fits
QSO_sim_z1.7386_MgIIGreen_20.3741p3.5353.fits
QSO_sim_z1.7386_MgIIGreen_20.3741p3.5353.fits
QSO_sim_z1.05_MgIIGreen_219.9299m20.4849.fits
QSO_sim_z1.05_MgIIGreen_219.9299m20.4849.fits
QSO_sim_z2.0_MgIIGreen_207.7247m25.4549.fits
QSO_sim_z2.0_MgIIGreen_207.7247m25.4549.fits
QSO_sim_z1.7139_MgIIGreen_12.8879m11.0767.fits
QSO_sim_z1.7139_MgIIGreen_12.8879m11.0767.fits
QSO_sim_z2.05_MgIIGreen_12.4665m14.3584.fits
QSO_sim_z2.05_MgIIGreen_12.4665m14.3584.fits
QSO_sim_z1.248_MgIIGreen_63.1028m13.9282.fits
QSO_sim_z1.248_MgIIGreen_63.1028m13.9282.fits
QSO_sim_z2.55_MgIIGreen_70.9693m41.2434.fits
QSO_sim_z2.55_MgIIGreen_70.9693m41.2434.fits
QSO_sim_z1.5047_MgIIGreen_91.738m63.3183.fits
QSO_sim_z1.5047_MgIIGreen_91.738m63.3183.fits
QSO_sim_z2.2762_MgIIGreen_237.9634m0.7955.fits
QSO_sim_z2.2762_MgIIGreen_237.9634m0.7955.fits
QSO_sim_z1.7_MgIIGreen_68.3758m26.9369.fits
QSO_sim_z1.7_MgIIGreen_68.3758m26.9369.fits
QSO_sim_z2.15_MgIIGreen_147.5027m21.5149.fits
QSO_sim_z2.15_MgIIGreen_147.5027m21.5149.fits
QSO_sim_z1.5_MgIIGreen_68.4693m28.3006.fits
QSO_sim_z1.5_MgIIGreen_68.4693m28.3006.fits
QSO_sim_z2.05_MgIIGreen_94.4532m31.5637.fits
QSO_sim_z2.05_MgIIGreen_94.4532m31.5637.fits
QSO_sim_z1.6843_MgIIGreen_2.0042m6.1718.fits
QSO_sim_z1.6843_MgIIGreen_2.0042m6.1718.fits
QSO_sim_z1.25_MgIIGreen_280.5316m64.6351.fits
QSO_sim_z1.25_MgIIGreen_280.5316m64.6351.fits
QSO_sim_z2.2_MgIIGreen_148.2609m23.0298.fits
QSO_sim_z2.2_MgIIGreen_148.2609m23.0298.fits
QSO_sim_z2.1_MgIIGreen_338.8904m66.2699.fits
QSO_sim_z2.1_MgIIGreen_338.8904m66.2699.fits
QSO_sim_z1.5_MgIIGreen_172.7888m12.3303.fits
QSO_sim_z1.5_MgIIGreen_172.7888m12.3303.fits
QSO_sim_z1.9_MgIIGreen_345.2744m41.7629.fits
QSO_sim_z1.9_MgIIGreen_345.2744m41.7629.fits
QSO_sim_z1.7907_MgIIGreen_13.7451m12.2406.fits
QSO_sim_z1.7907_MgIIGreen_13.7451m12.2406.fits
QSO_sim_z1.1_MgIIGreen_302.2825m47.2333.fits
QSO_sim_z1.1_MgIIGreen_302.2825m47.2333.fits
QSO_sim_z1.95_MgIIGreen_172.4109m12.4386.fits
QSO_sim_z1.95_MgIIGreen_172.4109m12.4386.fits
QSO_sim_z1.1573_MgIIGreen_25.6623m8.3022.fits
QSO_sim_z1.1573_MgIIGreen_25.6623m8.3022.fits
QSO_sim_z1.6936_MgIIGreen_346.9145m12.7567.fits
QSO_sim_z1.6936_MgIIGreen_346.9145m12.7567.fits
QSO_sim_z1.55_MgIIGreen_90.1531m32.2314.fits
QSO_sim_z1.55_MgIIGreen_90.1531m32.2314.fits
QSO_sim_z1.0817_MgIIGreen_63.1084m10.0364.fits
QSO_sim_z1.0817_MgIIGreen_63.1084m10.0364.fits
QSO_sim_z1.85_MgIIGreen_181.9328m13.2477.fits
QSO_sim_z1.85_MgIIGreen_181.9328m13.2477.fits
QSO_sim_z1.0719_MgIIGreen_14.4324m0.1997.fits
QSO_sim_z1.0719_MgIIGreen_14.4324m0.1997.fits
QSO_sim_z1.616_MgIIGreen_136.4403m1.5384.fits
QSO_sim_z1.616_MgIIGreen_136.4403m1.5384.fits
QSO_sim_z1.2761_MgIIGreen_97.5391m61.183.fits
QSO_sim_z1.2761_MgIIGreen_97.5391m61.183.fits
QSO_sim_z2.05_MgIIGreen_72.2802m40.4554.fits
QSO_sim_z2.05_MgIIGreen_72.2802m40.4554.fits
QSO_sim_z1.3_MgIIGreen_105.1694m55.3535.fits
QSO_sim_z1.3_MgIIGreen_105.1694m55.3535.fits
QSO_sim_z0.9926_MgIIBlueWide_358.3409m1.2578.fits
QSO_sim_z0.9926_MgIIBlueWide_358.3409m1.2578.fits
QSO_sim_z2.3047_MgIIGreen_15.5363p0.3174.fits
QSO_sim_z2.3047_MgIIGreen_15.5363p0.3174.fits
QSO_sim_z1.4615_MgIIGreen_35.817m76.2202.fits
QSO_sim_z1.4615_MgIIGreen_35.817m76.2202.fits
QSO_sim_z1.3611_MgIIGreen_1.8727m8.4797.fits
QSO_sim_z1.3611_MgIIGreen_1.8727m8.4797.fits
QSO_sim_z1.05_MgIIGreen_172.1927m14.404.fits
QSO_sim_z1.05_MgIIGreen_172.1927m14.404.fits
QSO_sim_z1.75_MgIIGreen_69.3962m26.7811.fits
QSO_sim_z1.75_MgIIGreen_69.3962m26.7811.fits
QSO_sim_z1.6693_MgIIGreen_21.2795p2.1177.fits
QSO_sim_z1.6693_MgIIGreen_21.2795p2.1177.fits
QSO_sim_z2.2257_MgIIGreen_137.6017m8.3256.fits
QSO_sim_z2.2257_MgIIGreen_137.6017m8.3256.fits
QSO_sim_z1.55_MgIIGreen_149.2573m28.1179.fits
QSO_sim_z1.55_MgIIGreen_149.2573m28.1179.fits
QSO_sim_z1.1_MgIIGreen_336.0667m66.34.fits
QSO_sim_z1.1_MgIIGreen_336.0667m66.34.fits
QSO_sim_z1.55_MgIIGreen_238.9229m6.4702.fits
QSO_sim_z1.55_MgIIGreen_238.9229m6.4702.fits
QSO_sim_z1.6_MgIIGreen_91.2569m31.4739.fits
QSO_sim_z1.6_MgIIGreen_91.2569m31.4739.fits
QSO_sim_z2.1_MgIIGreen_72.6335m44.7221.fits
QSO_sim_z2.1_MgIIGreen_72.6335m44.7221.fits
QSO_sim_z1.3341_MgIIGreen_64.7983m5.2093.fits
QSO_sim_z1.3341_MgIIGreen_64.7983m5.2093.fits
QSO_sim_z2.1_MgIIGreen_149.3052m26.7734.fits
QSO_sim_z2.1_MgIIGreen_149.3052m26.7734.fits
QSO_sim_z1.1858_MgIIGreen_137.1542m6.6597.fits
QSO_sim_z1.1858_MgIIGreen_137.1542m6.6597.fits
QSO_sim_z1.9912_MgIIGreen_346.1896m11.8633.fits
QSO_sim_z1.9912_MgIIGreen_346.1896m11.8633.fits
QSO_sim_z1.1461_MgIIBlueDeep_190.0105p0.0666.fits
QSO_sim_z1.1461_MgIIBlueDeep_190.0105p0.0666.fits
QSO_sim_z2.2_MgIIGreen_33.1624m19.7573.fits
QSO_sim_z2.2_MgIIGreen_33.1624m19.7573.fits
QSO_sim_z2.05_MgIIGreen_198.7448m34.6747.fits
QSO_sim_z2.05_MgIIGreen_198.7448m34.6747.fits
QSO_sim_z1.4672_MgIIGreen_44.1349m0.3537.fits
QSO_sim_z1.4672_MgIIGreen_44.1349m0.3537.fits
QSO_sim_z2.0639_MgIIGreen_66.414m5.1736.fits
QSO_sim_z2.0639_MgIIGreen_66.414m5.1736.fits
QSO_sim_z2.25_MgIIGreen_312.0674m48.3877.fits
QSO_sim_z2.25_MgIIGreen_312.0674m48.3877.fits
QSO_sim_z1.75_MgIIGreen_70.9732m59.6254.fits
QSO_sim_z1.75_MgIIGreen_70.9732m59.6254.fits
QSO_sim_z1.15_MgIIGreen_182.1793m12.0373.fits
QSO_sim_z1.15_MgIIGreen_182.1793m12.0373.fits
QSO_sim_z1.9_MgIIGreen_84.7225m16.8987.fits
QSO_sim_z1.9_MgIIGreen_84.7225m16.8987.fits
QSO_sim_z1.25_MgIIGreen_33.2718m16.7872.fits
QSO_sim_z1.25_MgIIGreen_33.2718m16.7872.fits
QSO_sim_z1.4676_MgIIGreen_137.9456m6.7222.fits
QSO_sim_z1.4676_MgIIGreen_137.9456m6.7222.fits
QSO_sim_z2.35_MgIIGreen_14.1962m17.7517.fits
QSO_sim_z2.35_MgIIGreen_14.1962m17.7517.fits
QSO_sim_z1.45_MgIIGreen_145.1955m25.0976.fits
QSO_sim_z1.45_MgIIGreen_145.1955m25.0976.fits
QSO_sim_z2.0458_MgIIGreen_45.9704m12.9871.fits
QSO_sim_z2.0458_MgIIGreen_45.9704m12.9871.fits
QSO_sim_z1.3769_MgIIGreen_65.4906m5.2181.fits
QSO_sim_z1.3769_MgIIGreen_65.4906m5.2181.fits
QSO_sim_z1.528_MgIIGreen_60.8375m11.543.fits
QSO_sim_z1.528_MgIIGreen_60.8375m11.543.fits
QSO_sim_z1.9574_MgIIGreen_46.8475m14.7809.fits
QSO_sim_z1.9574_MgIIGreen_46.8475m14.7809.fits
QSO_sim_z2.05_MgIIGreen_194.5804m8.3596.fits
QSO_sim_z2.05_MgIIGreen_194.5804m8.3596.fits
QSO_sim_z1.1_MgIIGreen_218.6957m29.9822.fits
QSO_sim_z1.1_MgIIGreen_218.6957m29.9822.fits
QSO_sim_z1.7728_MgIIGreen_33.005m15.3879.fits
QSO_sim_z1.7728_MgIIGreen_33.005m15.3879.fits
QSO_sim_z1.55_MgIIGreen_84.7139m17.4673.fits
QSO_sim_z1.55_MgIIGreen_84.7139m17.4673.fits
QSO_sim_z1.15_MgIIGreen_205.465m33.6442.fits
QSO_sim_z1.15_MgIIGreen_205.465m33.6442.fits
QSO_sim_z1.4009_MgIIGreen_21.4891p2.2301.fits
QSO_sim_z1.4009_MgIIGreen_21.4891p2.2301.fits
QSO_sim_z1.9_MgIIGreen_174.4574m13.7996.fits
QSO_sim_z1.9_MgIIGreen_174.4574m13.7996.fits
QSO_sim_z1.65_MgIIGreen_71.3138m59.5064.fits
QSO_sim_z1.65_MgIIGreen_71.3138m59.5064.fits
QSO_sim_z2.15_MgIIGreen_74.1159m46.6436.fits
QSO_sim_z2.15_MgIIGreen_74.1159m46.6436.fits
QSO_sim_z1.7_MgIIGreen_92.8615m34.8411.fits
QSO_sim_z1.7_MgIIGreen_92.8615m34.8411.fits
QSO_sim_z2.15_MgIIGreen_146.6779m26.9285.fits
QSO_sim_z2.15_MgIIGreen_146.6779m26.9285.fits
QSO_sim_z1.85_MgIIGreen_10.7639m18.089.fits
QSO_sim_z1.85_MgIIGreen_10.7639m18.089.fits
QSO_sim_z1.55_MgIIGreen_313.3144m47.9631.fits
QSO_sim_z1.55_MgIIGreen_313.3144m47.9631.fits
QSO_sim_z1.5616_MgIIGreen_11.9974p0.264.fits
QSO_sim_z1.5616_MgIIGreen_11.9974p0.264.fits
QSO_sim_z2.4_MgIIGreen_74.431m46.2236.fits
QSO_sim_z2.4_MgIIGreen_74.431m46.2236.fits
QSO_sim_z1.7387_MgIIGreen_338.0983p0.3718.fits
QSO_sim_z1.7387_MgIIGreen_338.0983p0.3718.fits
QSO_sim_z2.2_MgIIGreen_205.8447m32.8056.fits
QSO_sim_z2.2_MgIIGreen_205.8447m32.8056.fits
QSO_sim_z1.55_MgIIGreen_174.4134m10.7712.fits
QSO_sim_z1.55_MgIIGreen_174.4134m10.7712.fits
QSO_sim_z2.519_MgIIGreen_3.4594m12.3875.fits
QSO_sim_z2.519_MgIIGreen_3.4594m12.3875.fits
QSO_sim_z1.2127_MgIIGreen_8.7345m19.0618.fits
QSO_sim_z1.2127_MgIIGreen_8.7345m19.0618.fits
QSO_sim_z1.1_MgIIGreen_174.9964m13.5948.fits
QSO_sim_z1.1_MgIIGreen_174.9964m13.5948.fits
QSO_sim_z1.05_MgIIGreen_72.5351m57.7965.fits
QSO_sim_z1.05_MgIIGreen_72.5351m57.7965.fits
QSO_sim_z1.649_MgIIGreen_34.7279m16.6875.fits
QSO_sim_z1.649_MgIIGreen_34.7279m16.6875.fits
QSO_sim_z1.8411_MgIIGreen_10.7977m16.0179.fits
QSO_sim_z1.8411_MgIIGreen_10.7977m16.0179.fits
QSO_sim_z1.15_MgIIGreen_138.2757m8.3271.fits
QSO_sim_z1.15_MgIIGreen_138.2757m8.3271.fits
QSO_sim_z2.2083_MgIIGreen_190.8447m7.2305.fits
QSO_sim_z2.2083_MgIIGreen_190.8447m7.2305.fits
QSO_sim_z2.2_MgIIGreen_138.279m9.2394.fits
QSO_sim_z2.2_MgIIGreen_138.279m9.2394.fits
QSO_sim_z1.35_MgIIGreen_80.7043m17.5799.fits
QSO_sim_z1.35_MgIIGreen_80.7043m17.5799.fits
QSO_sim_z1.45_MgIIGreen_300.4412m54.3964.fits
QSO_sim_z1.45_MgIIGreen_300.4412m54.3964.fits
QSO_sim_z2.3_MgIIGreen_324.7953m10.3496.fits
QSO_sim_z2.3_MgIIGreen_324.7953m10.3496.fits
QSO_sim_z2.0824_MgIIGreen_0.4099m18.8407.fits
QSO_sim_z2.0824_MgIIGreen_0.4099m18.8407.fits
QSO_sim_z1.7_MgIIGreen_313.5772m46.8246.fits
QSO_sim_z1.7_MgIIGreen_313.5772m46.8246.fits
QSO_sim_z2.0656_MgIIGreen_324.754m12.2794.fits
QSO_sim_z2.0656_MgIIGreen_324.754m12.2794.fits
QSO_sim_z1.5_MgIIGreen_219.8657m28.0917.fits
QSO_sim_z1.5_MgIIGreen_219.8657m28.0917.fits
QSO_sim_z2.15_MgIIGreen_138.9872m9.4413.fits
QSO_sim_z2.15_MgIIGreen_138.9872m9.4413.fits
QSO_sim_z2.15_MgIIGreen_183.7484m15.5307.fits
QSO_sim_z2.15_MgIIGreen_183.7484m15.5307.fits
QSO_sim_z2.3_MgIIGreen_219.5359m29.3495.fits
QSO_sim_z2.3_MgIIGreen_219.5359m29.3495.fits
QSO_sim_z2.15_MgIIGreen_333.9355m12.5388.fits
QSO_sim_z2.15_MgIIGreen_333.9355m12.5388.fits
QSO_sim_z1.85_MgIIGreen_164.2412m15.7334.fits
QSO_sim_z1.85_MgIIGreen_164.2412m15.7334.fits
QSO_sim_z2.05_MgIIGreen_148.5145m25.8383.fits
QSO_sim_z2.05_MgIIGreen_148.5145m25.8383.fits
QSO_sim_z1.95_MgIIGreen_334.1742m10.6001.fits
QSO_sim_z1.95_MgIIGreen_334.1742m10.6001.fits
QSO_sim_z1.3953_MgIIGreen_23.5069p0.22.fits
QSO_sim_z1.3953_MgIIGreen_23.5069p0.22.fits
QSO_sim_z0.7_MgIIBlueDeep_223.303p3.9209.fits
QSO_sim_z0.7_MgIIBlueDeep_223.303p3.9209.fits
QSO_sim_z2.05_MgIIGreen_235.2721m9.9614.fits
QSO_sim_z2.05_MgIIGreen_235.2721m9.9614.fits
QSO_sim_z1.45_MgIIGreen_74.3146m64.8101.fits
QSO_sim_z1.45_MgIIGreen_74.3146m64.8101.fits
QSO_sim_z1.2_MgIIGreen_94.9797m35.0831.fits
QSO_sim_z1.2_MgIIGreen_94.9797m35.0831.fits
QSO_sim_z1.35_MgIIGreen_71.0173m46.1155.fits
QSO_sim_z1.35_MgIIGreen_71.0173m46.1155.fits
QSO_sim_z1.4793_MgIIGreen_81.0812m8.4472.fits
QSO_sim_z1.4793_MgIIGreen_81.0812m8.4472.fits
QSO_sim_z1.75_MgIIGreen_69.4231m31.9634.fits
QSO_sim_z1.75_MgIIGreen_69.4231m31.9634.fits
QSO_sim_z2.0_MgIIGreen_139.1811m5.2108.fits
QSO_sim_z2.0_MgIIGreen_139.1811m5.2108.fits
QSO_sim_z1.8_MgIIGreen_196.2414m38.811.fits
QSO_sim_z1.8_MgIIGreen_196.2414m38.811.fits
QSO_sim_z1.6742_MgIIGreen_41.3518m4.5456.fits
QSO_sim_z1.6742_MgIIGreen_41.3518m4.5456.fits
QSO_sim_z1.85_MgIIGreen_236.3232m9.5034.fits
QSO_sim_z1.85_MgIIGreen_236.3232m9.5034.fits
QSO_sim_z1.85_MgIIGreen_310.1112m52.6883.fits
QSO_sim_z1.85_MgIIGreen_310.1112m52.6883.fits
QSO_sim_z1.2045_MgIIGreen_30.585m18.0574.fits
QSO_sim_z1.2045_MgIIGreen_30.585m18.0574.fits
QSO_sim_z1.1_MgIIGreen_226.5619m17.3846.fits
QSO_sim_z1.1_MgIIGreen_226.5619m17.3846.fits
QSO_sim_z1.7_MgIIGreen_311.0014m50.6355.fits
QSO_sim_z1.7_MgIIGreen_311.0014m50.6355.fits
QSO_sim_z1.6836_MgIIGreen_13.5374p1.8666.fits
QSO_sim_z1.6836_MgIIGreen_13.5374p1.8666.fits
QSO_sim_z1.3921_MgIIGreen_2.8849m21.1123.fits
QSO_sim_z1.3921_MgIIGreen_2.8849m21.1123.fits
QSO_sim_z2.5613_MgIIGreen_179.8971m28.4363.fits
QSO_sim_z2.5613_MgIIGreen_179.8971m28.4363.fits
QSO_sim_z2.45_MgIIGreen_184.6897m19.2801.fits
QSO_sim_z2.45_MgIIGreen_184.6897m19.2801.fits
QSO_sim_z1.55_MgIIGreen_301.7501m50.5547.fits
QSO_sim_z1.55_MgIIGreen_301.7501m50.5547.fits
QSO_sim_z1.7_MgIIGreen_69.8379m32.9768.fits
QSO_sim_z1.7_MgIIGreen_69.8379m32.9768.fits
QSO_sim_z1.05_MgIIGreen_283.5158m65.1792.fits
QSO_sim_z1.05_MgIIGreen_283.5158m65.1792.fits
QSO_sim_z1.5557_MgIIGreen_91.6231m28.2882.fits
QSO_sim_z1.5557_MgIIGreen_91.6231m28.2882.fits
QSO_sim_z1.55_MgIIGreen_71.6783m60.0166.fits
QSO_sim_z1.55_MgIIGreen_71.6783m60.0166.fits
QSO_sim_z1.7_MgIIGreen_69.8854m30.1468.fits
QSO_sim_z1.7_MgIIGreen_69.8854m30.1468.fits
QSO_sim_z1.85_MgIIGreen_90.5457m38.3152.fits
QSO_sim_z1.85_MgIIGreen_90.5457m38.3152.fits
QSO_sim_z2.2581_MgIIBlueDeep_189.5122m2.499.fits
QSO_sim_z2.2581_MgIIBlueDeep_189.5122m2.499.fits
QSO_sim_z1.7_MgIIGreen_228.0642m19.2425.fits
QSO_sim_z1.7_MgIIGreen_228.0642m19.2425.fits
QSO_sim_z1.7543_MgIIGreen_181.1009m27.2637.fits
QSO_sim_z1.7543_MgIIGreen_181.1009m27.2637.fits
QSO_sim_z1.8445_MgIIGreen_27.0043m3.4628.fits
QSO_sim_z1.8445_MgIIGreen_27.0043m3.4628.fits
QSO_sim_z2.0_MgIIGreen_216.3549m31.9923.fits
QSO_sim_z2.0_MgIIGreen_216.3549m31.9923.fits
QSO_sim_z1.6392_MgIIGreen_2.6014m20.6928.fits
QSO_sim_z1.6392_MgIIGreen_2.6014m20.6928.fits
QSO_sim_z1.9_MgIIGreen_302.7556m54.47.fits
QSO_sim_z1.9_MgIIGreen_302.7556m54.47.fits
QSO_sim_z1.5_MgIIGreen_94.9935m37.6711.fits
QSO_sim_z1.5_MgIIGreen_94.9935m37.6711.fits
QSO_sim_z2.05_MgIIGreen_302.2854m54.1295.fits
QSO_sim_z2.05_MgIIGreen_302.2854m54.1295.fits
QSO_sim_z1.7154_MgIIGreen_62.9809m15.8.fits
QSO_sim_z1.7154_MgIIGreen_62.9809m15.8.fits
QSO_sim_z2.1_MgIIGreen_65.1954m30.9542.fits
QSO_sim_z2.1_MgIIGreen_65.1954m30.9542.fits
QSO_sim_z1.8503_MgIIGreen_172.764m17.0838.fits
QSO_sim_z1.8503_MgIIGreen_172.764m17.0838.fits
QSO_sim_z2.35_MgIIGreen_1.5832m13.8383.fits
QSO_sim_z2.35_MgIIGreen_1.5832m13.8383.fits
QSO_sim_z1.2185_MgIIGreen_26.2134m3.6434.fits
QSO_sim_z1.2185_MgIIGreen_26.2134m3.6434.fits
QSO_sim_z1.3_MgIIGreen_197.4822m37.1574.fits
QSO_sim_z1.3_MgIIGreen_197.4822m37.1574.fits
QSO_sim_z1.283_MgIIGreen_192.8081m6.1711.fits
QSO_sim_z1.283_MgIIGreen_192.8081m6.1711.fits
QSO_sim_z2.2_MgIIGreen_208.2349m36.8424.fits
QSO_sim_z2.2_MgIIGreen_208.2349m36.8424.fits
QSO_sim_z1.55_MgIIGreen_180.5216m15.8156.fits
QSO_sim_z1.55_MgIIGreen_180.5216m15.8156.fits
QSO_sim_z2.5112_MgIIGreen_21.1321m76.4457.fits
QSO_sim_z2.5112_MgIIGreen_21.1321m76.4457.fits
QSO_sim_z1.4863_MgIIGreen_68.4111m3.4897.fits
QSO_sim_z1.4863_MgIIGreen_68.4111m3.4897.fits
QSO_sim_z1.35_MgIIGreen_227.5152m16.2841.fits
QSO_sim_z1.35_MgIIGreen_227.5152m16.2841.fits
QSO_sim_z2.016_MgIIGreen_165.9723m8.9926.fits
QSO_sim_z2.016_MgIIGreen_165.9723m8.9926.fits
QSO_sim_z1.65_MgIIGreen_66.139m34.9825.fits
QSO_sim_z1.65_MgIIGreen_66.139m34.9825.fits
QSO_sim_z2.2_MgIIGreen_355.8604m16.2692.fits
QSO_sim_z2.2_MgIIGreen_355.8604m16.2692.fits
QSO_sim_z1.5354_MgIIGreen_27.9927m0.4982.fits
QSO_sim_z1.5354_MgIIGreen_27.9927m0.4982.fits
QSO_sim_z1.45_MgIIGreen_83.1465m20.0597.fits
QSO_sim_z1.45_MgIIGreen_83.1465m20.0597.fits
QSO_sim_z1.9369_MgIIGreen_23.4976m75.6855.fits
QSO_sim_z1.9369_MgIIGreen_23.4976m75.6855.fits
QSO_sim_z2.31_MgIIGreen_4.5005m19.1296.fits
QSO_sim_z2.31_MgIIGreen_4.5005m19.1296.fits
QSO_sim_z1.1396_MgIIGreen_27.7046m0.6952.fits
QSO_sim_z1.1396_MgIIGreen_27.7046m0.6952.fits
QSO_sim_z2.0_MgIIGreen_172.1258m19.4053.fits
QSO_sim_z2.0_MgIIGreen_172.1258m19.4053.fits
QSO_sim_z1.6_MgIIGreen_67.612m34.2106.fits
QSO_sim_z1.6_MgIIGreen_67.612m34.2106.fits
QSO_sim_z1.2922_MgIIGreen_27.9584m3.3271.fits
QSO_sim_z1.2922_MgIIGreen_27.9584m3.3271.fits
QSO_sim_z1.9644_MgIIGreen_200.1625m13.1979.fits
QSO_sim_z1.9644_MgIIGreen_200.1625m13.1979.fits
QSO_sim_z1.35_MgIIGreen_198.9764m37.0179.fits
QSO_sim_z1.35_MgIIGreen_198.9764m37.0179.fits
QSO_sim_z1.55_MgIIGreen_227.9892m17.6502.fits
QSO_sim_z1.55_MgIIGreen_227.9892m17.6502.fits
QSO_sim_z1.75_MgIIGreen_209.1891m37.6728.fits
QSO_sim_z1.75_MgIIGreen_209.1891m37.6728.fits
QSO_sim_z1.9_MgIIGreen_357.6433m39.876.fits
QSO_sim_z1.9_MgIIGreen_357.6433m39.876.fits
QSO_sim_z1.25_MgIIGreen_160.0807m19.3336.fits
QSO_sim_z1.25_MgIIGreen_160.0807m19.3336.fits
QSO_sim_z1.0793_MgIIGreen_30.3999m72.7733.fits
QSO_sim_z1.0793_MgIIGreen_30.3999m72.7733.fits
QSO_sim_z1.5_MgIIGreen_281.3802m68.1078.fits
QSO_sim_z1.5_MgIIGreen_281.3802m68.1078.fits
QSO_sim_z0.5547_MgIIBlueDeep_207.2547m0.8393.fits
QSO_sim_z0.5547_MgIIBlueDeep_207.2547m0.8393.fits
QSO_sim_z1.7555_MgIIGreen_19.3702p2.5528.fits
QSO_sim_z1.7555_MgIIGreen_19.3702p2.5528.fits
QSO_sim_z1.9_MgIIGreen_92.7702m38.1874.fits
QSO_sim_z1.9_MgIIGreen_92.7702m38.1874.fits
QSO_sim_z1.5_MgIIGreen_74.241p0.5047.fits
QSO_sim_z1.5_MgIIGreen_74.241p0.5047.fits
QSO_sim_z1.55_MgIIGreen_228.4361m19.0789.fits
QSO_sim_z1.55_MgIIGreen_228.4361m19.0789.fits
QSO_sim_z1.4_MgIIGreen_172.5811m18.2622.fits
QSO_sim_z1.4_MgIIGreen_172.5811m18.2622.fits
QSO_sim_z2.35_MgIIGreen_33.5952m23.0031.fits
QSO_sim_z2.35_MgIIGreen_33.5952m23.0031.fits
QSO_sim_z1.1_MgIIGreen_45.9254m19.4895.fits
QSO_sim_z1.1_MgIIGreen_45.9254m19.4895.fits
QSO_sim_z2.1_MgIIGreen_218.9731m32.4119.fits
QSO_sim_z2.1_MgIIGreen_218.9731m32.4119.fits
QSO_sim_z1.1_MgIIGreen_173.7645m16.3281.fits
QSO_sim_z1.1_MgIIGreen_173.7645m16.3281.fits
QSO_sim_z1.25_MgIIGreen_199.8436m40.632.fits
QSO_sim_z1.25_MgIIGreen_199.8436m40.632.fits
QSO_sim_z1.05_MgIIGreen_205.243m36.6935.fits
QSO_sim_z1.05_MgIIGreen_205.243m36.6935.fits
QSO_sim_z1.8852_MgIIGreen_41.9863m76.8854.fits
QSO_sim_z1.8852_MgIIGreen_41.9863m76.8854.fits
QSO_sim_z2.1_MgIIBlueDeep_207.7793m0.5864.fits
QSO_sim_z2.1_MgIIBlueDeep_207.7793m0.5864.fits
QSO_sim_z1.497_MgIIGreen_342.9618m2.5676.fits
QSO_sim_z1.497_MgIIGreen_342.9618m2.5676.fits
QSO_sim_z2.3046_MgIIGreen_331.4154m10.9371.fits
QSO_sim_z2.3046_MgIIGreen_331.4154m10.9371.fits
QSO_sim_z2.1291_MgIIGreen_42.2469m76.6749.fits
QSO_sim_z2.1291_MgIIGreen_42.2469m76.6749.fits
QSO_sim_z1.7151_MgIIBlueDeep_207.9509m0.5213.fits
QSO_sim_z1.7151_MgIIBlueDeep_207.9509m0.5213.fits
QSO_sim_z1.9763_MgIIGreen_136.8894m8.4689.fits
QSO_sim_z1.9763_MgIIGreen_136.8894m8.4689.fits
QSO_sim_z1.3362_MgIIGreen_347.0202m2.2928.fits
QSO_sim_z1.3362_MgIIGreen_347.0202m2.2928.fits
QSO_sim_z1.85_MgIIGreen_219.1921m33.7555.fits
QSO_sim_z1.85_MgIIGreen_219.1921m33.7555.fits
QSO_sim_z2.35_MgIIGreen_359.8509m38.6652.fits
QSO_sim_z2.35_MgIIGreen_359.8509m38.6652.fits
QSO_sim_z1.85_MgIIGreen_45.7138m19.6291.fits
QSO_sim_z1.85_MgIIGreen_45.7138m19.6291.fits
QSO_sim_z1.45_MgIIGreen_310.8079m59.8496.fits
QSO_sim_z1.45_MgIIGreen_310.8079m59.8496.fits
QSO_sim_z1.45_MgIIGreen_64.3351m18.6981.fits
QSO_sim_z1.45_MgIIGreen_64.3351m18.6981.fits
QSO_sim_z1.9_MgIIGreen_219.7066m34.5503.fits
QSO_sim_z1.9_MgIIGreen_219.7066m34.5503.fits
QSO_sim_z1.25_MgIIGreen_93.7315m39.9394.fits
QSO_sim_z1.25_MgIIGreen_93.7315m39.9394.fits
QSO_sim_z1.5259_MgIIGreen_66.009m2.3893.fits
QSO_sim_z1.5259_MgIIGreen_66.009m2.3893.fits
QSO_sim_z1.0443_MgIIGreen_151.3835m7.1571.fits
QSO_sim_z1.0443_MgIIGreen_151.3835m7.1571.fits
QSO_sim_z1.65_MgIIGreen_69.4614m35.9996.fits
QSO_sim_z1.65_MgIIGreen_69.4614m35.9996.fits
QSO_sim_z2.15_MgIIBlueDeep_204.4559m1.3238.fits
QSO_sim_z2.15_MgIIBlueDeep_204.4559m1.3238.fits
QSO_sim_z1.1_MgIIGreen_72.361p0.6718.fits
QSO_sim_z1.1_MgIIGreen_72.361p0.6718.fits
QSO_sim_z2.15_MgIIGreen_94.6346m43.9981.fits
QSO_sim_z2.15_MgIIGreen_94.6346m43.9981.fits
QSO_sim_z1.6454_MgIIGreen_15.8p2.0707.fits
QSO_sim_z1.6454_MgIIGreen_15.8p2.0707.fits
QSO_sim_z2.1827_MgIIGreen_28.1076m1.8414.fits
QSO_sim_z2.1827_MgIIGreen_28.1076m1.8414.fits
QSO_sim_z1.7_MgIIGreen_196.8439m40.3974.fits
QSO_sim_z1.7_MgIIGreen_196.8439m40.3974.fits
QSO_sim_z1.65_MgIIGreen_109.1251m66.1939.fits
QSO_sim_z1.65_MgIIGreen_109.1251m66.1939.fits
QSO_sim_z1.8078_MgIIGreen_347.285m1.6415.fits
QSO_sim_z1.8078_MgIIGreen_347.285m1.6415.fits
QSO_sim_z1.3_MgIIGreen_72.8972p0.7324.fits
QSO_sim_z1.3_MgIIGreen_72.8972p0.7324.fits
QSO_sim_z1.2_MgIIGreen_239.0093m11.6472.fits
QSO_sim_z1.2_MgIIGreen_239.0093m11.6472.fits
QSO_sim_z1.55_MgIIGreen_81.1338m21.2232.fits
QSO_sim_z1.55_MgIIGreen_81.1338m21.2232.fits
QSO_sim_z1.25_MgIIGreen_311.0811m55.7734.fits
QSO_sim_z1.25_MgIIGreen_311.0811m55.7734.fits
QSO_sim_z2.2_MgIIGreen_31.5928m22.1849.fits
QSO_sim_z2.2_MgIIGreen_31.5928m22.1849.fits
QSO_sim_z2.2995_MgIIGreen_60.9864m16.641.fits
QSO_sim_z2.2995_MgIIGreen_60.9864m16.641.fits
QSO_sim_z1.234_MgIIGreen_2.4968m15.6269.fits
QSO_sim_z1.234_MgIIGreen_2.4968m15.6269.fits
QSO_sim_z2.4221_MgIIGreen_161.2735m22.5632.fits
QSO_sim_z2.4221_MgIIGreen_161.2735m22.5632.fits
QSO_sim_z1.1059_MgIIGreen_17.1522m13.5695.fits
QSO_sim_z1.1059_MgIIGreen_17.1522m13.5695.fits
QSO_sim_z2.0_MgIIGreen_109.3276m66.7248.fits
QSO_sim_z2.0_MgIIGreen_109.3276m66.7248.fits
QSO_sim_z1.2763_MgIIGreen_17.655m13.7765.fits
QSO_sim_z1.2763_MgIIGreen_17.655m13.7765.fits
QSO_sim_z1.7_MgIIGreen_345.2054m51.1673.fits
QSO_sim_z1.7_MgIIGreen_345.2054m51.1673.fits
QSO_sim_z1.4_MgIIGreen_300.08m57.0362.fits
QSO_sim_z1.4_MgIIGreen_300.08m57.0362.fits
QSO_sim_z2.15_MgIIGreen_289.2188m38.6764.fits
QSO_sim_z2.15_MgIIGreen_289.2188m38.6764.fits
QSO_sim_z1.351_MgIIGreen_5.1105m17.8438.fits
QSO_sim_z1.351_MgIIGreen_5.1105m17.8438.fits
QSO_sim_z1.65_MgIIGreen_105.057m65.6134.fits
QSO_sim_z1.65_MgIIGreen_105.057m65.6134.fits
QSO_sim_z1.1593_MgIIGreen_343.143m3.5001.fits
QSO_sim_z1.1593_MgIIGreen_343.143m3.5001.fits
QSO_sim_z1.7807_MgIIGreen_60.1111m15.5178.fits
QSO_sim_z1.7807_MgIIGreen_60.1111m15.5178.fits
QSO_sim_z1.85_MgIIGreen_225.4406m16.2628.fits
QSO_sim_z1.85_MgIIGreen_225.4406m16.2628.fits
QSO_sim_z1.1277_MgIIGreen_29.0685m0.4774.fits
QSO_sim_z1.1277_MgIIGreen_29.0685m0.4774.fits
QSO_sim_z1.35_MgIIGreen_322.4001m44.4001.fits
QSO_sim_z1.35_MgIIGreen_322.4001m44.4001.fits
QSO_sim_z1.05_MgIIGreen_34.4795m25.7177.fits
QSO_sim_z1.05_MgIIGreen_34.4795m25.7177.fits
QSO_sim_z2.1_MgIIGreen_303.773m61.7613.fits
QSO_sim_z2.1_MgIIGreen_303.773m61.7613.fits
QSO_sim_z1.167_MgIIGreen_29.6337m4.2268.fits
QSO_sim_z1.167_MgIIGreen_29.6337m4.2268.fits
QSO_sim_z1.2676_MgIIGreen_5.2003m14.8159.fits
QSO_sim_z1.2676_MgIIGreen_5.2003m14.8159.fits
QSO_sim_z1.2838_MgIIGreen_47.5126m17.4512.fits
QSO_sim_z1.2838_MgIIGreen_47.5126m17.4512.fits
QSO_sim_z1.5_MgIIGreen_207.7638m36.9586.fits
QSO_sim_z1.5_MgIIGreen_207.7638m36.9586.fits
QSO_sim_z1.4_MgIIGreen_47.8661m16.1224.fits
QSO_sim_z1.4_MgIIGreen_47.8661m16.1224.fits
QSO_sim_z1.15_MgIIGreen_323.4486m43.573.fits
QSO_sim_z1.15_MgIIGreen_323.4486m43.573.fits
QSO_sim_z2.0834_MgIIGreen_158.5288m10.1027.fits
QSO_sim_z2.0834_MgIIGreen_158.5288m10.1027.fits
QSO_sim_z1.2_MgIIGreen_82.4889m28.0247.fits
QSO_sim_z1.2_MgIIGreen_82.4889m28.0247.fits
QSO_sim_z1.6_MgIIGreen_163.7034m21.4472.fits
QSO_sim_z1.6_MgIIGreen_163.7034m21.4472.fits
QSO_sim_z1.25_MgIIGreen_47.5105m18.843.fits
QSO_sim_z1.25_MgIIGreen_47.5105m18.843.fits
QSO_sim_z1.3314_MgIIGreen_42.7484m74.6842.fits
QSO_sim_z1.3314_MgIIGreen_42.7484m74.6842.fits
QSO_sim_z1.25_MgIIGreen_314.1156m59.8416.fits
QSO_sim_z1.25_MgIIGreen_314.1156m59.8416.fits
QSO_sim_z1.5894_MgIIGreen_343.1812m3.0118.fits
QSO_sim_z1.5894_MgIIGreen_343.1812m3.0118.fits
QSO_sim_z2.0_MgIIGreen_47.4038m19.622.fits
QSO_sim_z2.0_MgIIGreen_47.4038m19.622.fits
QSO_sim_z1.7_MgIIGreen_323.5591m43.3628.fits
QSO_sim_z1.7_MgIIGreen_323.5591m43.3628.fits
QSO_sim_z1.6_MgIIGreen_190.7627m14.6126.fits
QSO_sim_z1.6_MgIIGreen_190.7627m14.6126.fits
QSO_sim_z1.5888_MgIIGreen_19.1276m11.9704.fits
QSO_sim_z1.5888_MgIIGreen_19.1276m11.9704.fits
QSO_sim_z1.1_MgIIGreen_47.5663m16.4134.fits
QSO_sim_z1.1_MgIIGreen_47.5663m16.4134.fits
QSO_sim_z1.1107_MgIIGreen_43.0417m60.8678.fits
QSO_sim_z1.1107_MgIIGreen_43.0417m60.8678.fits
QSO_sim_z1.45_MgIIGreen_2.818m37.5182.fits
QSO_sim_z1.45_MgIIGreen_2.818m37.5182.fits
QSO_sim_z1.6_MgIIGreen_208.5118m40.9946.fits
QSO_sim_z1.6_MgIIGreen_208.5118m40.9946.fits
QSO_sim_z1.5523_MgIIGreen_43.9775m61.0193.fits
QSO_sim_z1.5523_MgIIGreen_43.9775m61.0193.fits
QSO_sim_z1.15_MgIIGreen_198.0282m41.3264.fits
QSO_sim_z1.15_MgIIGreen_198.0282m41.3264.fits
QSO_sim_z1.8902_MgIIGreen_25.03m2.6116.fits
QSO_sim_z1.8902_MgIIGreen_25.03m2.6116.fits
QSO_sim_z1.5275_MgIIBlueDeep_223.0664p3.834.fits
QSO_sim_z1.5275_MgIIBlueDeep_223.0664p3.834.fits
QSO_sim_z1.5_MgIIGreen_190.359m12.997.fits
QSO_sim_z1.5_MgIIGreen_190.359m12.997.fits
QSO_sim_z1.8111_MgIIGreen_18.5112m11.8192.fits
QSO_sim_z1.8111_MgIIGreen_18.5112m11.8192.fits
QSO_sim_z1.3013_MgIIGreen_354.3821m3.5996.fits
QSO_sim_z1.3013_MgIIGreen_354.3821m3.5996.fits
QSO_sim_z1.4319_MgIIGreen_39.5345m74.3585.fits
QSO_sim_z1.4319_MgIIGreen_39.5345m74.3585.fits
QSO_sim_z1.6941_MgIIGreen_17.7141m11.45.fits
QSO_sim_z1.6941_MgIIGreen_17.7141m11.45.fits
QSO_sim_z1.55_MgIIGreen_170.7417m15.527.fits
QSO_sim_z1.55_MgIIGreen_170.7417m15.527.fits
QSO_sim_z1.95_MgIIGreen_218.6128m38.363.fits
QSO_sim_z1.95_MgIIGreen_218.6128m38.363.fits
QSO_sim_z2.177_MgIIGreen_354.9096m3.6341.fits
QSO_sim_z2.177_MgIIGreen_354.9096m3.6341.fits
QSO_sim_z2.0_MgIIGreen_92.2998m44.4982.fits
QSO_sim_z2.0_MgIIGreen_92.2998m44.4982.fits
QSO_sim_z1.8_MgIIGreen_92.2423m40.5154.fits
QSO_sim_z1.8_MgIIGreen_92.2423m40.5154.fits
QSO_sim_z0.8211_MgIIBlueDeep_216.3166m0.1021.fits
QSO_sim_z0.8211_MgIIBlueDeep_216.3166m0.1021.fits
QSO_sim_z1.5536_MgIIGreen_154.7199m7.2501.fits
QSO_sim_z1.5536_MgIIGreen_154.7199m7.2501.fits
QSO_sim_z1.0607_MgIIGreen_15.6486m12.4986.fits
QSO_sim_z1.0607_MgIIGreen_15.6486m12.4986.fits
QSO_sim_z1.95_MgIIGreen_359.0773m44.5686.fits
QSO_sim_z1.95_MgIIGreen_359.0773m44.5686.fits
QSO_sim_z1.75_MgIIGreen_324.7851m41.0717.fits
QSO_sim_z1.75_MgIIGreen_324.7851m41.0717.fits
QSO_sim_z1.7771_MgIIGreen_154.5779m8.2725.fits
QSO_sim_z1.7771_MgIIGreen_154.5779m8.2725.fits
QSO_sim_z1.35_MgIIGreen_348.545m56.918.fits
QSO_sim_z1.35_MgIIGreen_348.545m56.918.fits
QSO_sim_z2.05_MgIIGreen_184.2531m22.2785.fits
QSO_sim_z2.05_MgIIGreen_184.2531m22.2785.fits
QSO_sim_z2.25_MgIIGreen_348.6022m58.5901.fits
QSO_sim_z2.25_MgIIGreen_348.6022m58.5901.fits
QSO_sim_z1.4485_MgIIGreen_0.5928m14.1407.fits
QSO_sim_z1.4485_MgIIGreen_0.5928m14.1407.fits
QSO_sim_z1.8215_MgIIGreen_179.5588m24.5682.fits
QSO_sim_z1.8215_MgIIGreen_179.5588m24.5682.fits
QSO_sim_z2.2273_MgIIGreen_25.3665m1.5859.fits
QSO_sim_z2.2273_MgIIGreen_25.3665m1.5859.fits
QSO_sim_z1.8768_MgIIBlueDeep_199.5042m2.4014.fits
QSO_sim_z1.8768_MgIIBlueDeep_199.5042m2.4014.fits
QSO_sim_z2.5237_MgIIGreen_16.871p3.748.fits
QSO_sim_z2.5237_MgIIGreen_16.871p3.748.fits
QSO_sim_z2.2727_MgIIGreen_1.9493m13.764.fits
QSO_sim_z2.2727_MgIIGreen_1.9493m13.764.fits
QSO_sim_z2.2_MgIIGreen_139.7178m14.1076.fits
QSO_sim_z2.2_MgIIGreen_139.7178m14.1076.fits
QSO_sim_z2.5354_MgIIGreen_166.9944m20.3644.fits
QSO_sim_z2.5354_MgIIGreen_166.9944m20.3644.fits
QSO_sim_z2.35_MgIIGreen_93.185m44.0303.fits
QSO_sim_z2.35_MgIIGreen_93.185m44.0303.fits
QSO_sim_z1.05_MgIIGreen_83.125m26.9494.fits
QSO_sim_z1.05_MgIIGreen_83.125m26.9494.fits
QSO_sim_z2.0479_MgIIGreen_301.2528m11.3033.fits
QSO_sim_z2.0479_MgIIGreen_301.2528m11.3033.fits
QSO_sim_z1.25_MgIIGreen_139.3153m10.7194.fits
QSO_sim_z1.25_MgIIGreen_139.3153m10.7194.fits
QSO_sim_z1.3452_MgIIGreen_14.6363m12.1876.fits
QSO_sim_z1.3452_MgIIGreen_14.6363m12.1876.fits
QSO_sim_z0.9021_MgIIBlueDeep_223.1634p1.5804.fits
QSO_sim_z0.9021_MgIIBlueDeep_223.1634p1.5804.fits
QSO_sim_z1.3579_MgIIGreen_178.2163m23.9708.fits
QSO_sim_z1.3579_MgIIGreen_178.2163m23.9708.fits
QSO_sim_z1.2375_MgIIGreen_3.0877m14.1649.fits
QSO_sim_z1.2375_MgIIGreen_3.0877m14.1649.fits
QSO_sim_z1.8_MgIIGreen_227.2132m24.1703.fits
QSO_sim_z1.8_MgIIGreen_227.2132m24.1703.fits
QSO_sim_z1.35_MgIIGreen_93.2641m41.1919.fits
QSO_sim_z1.35_MgIIGreen_93.2641m41.1919.fits
QSO_sim_z1.7285_MgIIGreen_85.1302m43.927.fits
QSO_sim_z1.7285_MgIIGreen_85.1302m43.927.fits
QSO_sim_z1.95_MgIIGreen_330.6824m38.2347.fits
QSO_sim_z1.95_MgIIGreen_330.6824m38.2347.fits
QSO_sim_z1.1446_MgIIGreen_38.6471m60.1791.fits
QSO_sim_z1.1446_MgIIGreen_38.6471m60.1791.fits
QSO_sim_z1.2637_MgIIGreen_2.8648m13.925.fits
QSO_sim_z1.2637_MgIIGreen_2.8648m13.925.fits
QSO_sim_z1.6011_MgIIGreen_44.1695m73.4881.fits
QSO_sim_z1.6011_MgIIGreen_44.1695m73.4881.fits
QSO_sim_z1.45_MgIIGreen_170.8108m18.4579.fits
QSO_sim_z1.45_MgIIGreen_170.8108m18.4579.fits
QSO_sim_z1.1404_MgIIGreen_85.0164m43.7069.fits
QSO_sim_z1.1404_MgIIGreen_85.0164m43.7069.fits
QSO_sim_z1.7916_MgIIGreen_4.9432m16.9415.fits
QSO_sim_z1.7916_MgIIGreen_4.9432m16.9415.fits
QSO_sim_z2.05_MgIIGreen_3.9499m39.2707.fits
QSO_sim_z2.05_MgIIGreen_3.9499m39.2707.fits
QSO_sim_z1.3443_MgIIGreen_162.6602m7.6848.fits
QSO_sim_z1.3443_MgIIGreen_162.6602m7.6848.fits
QSO_sim_z2.273_MgIIGreen_2.6851m13.7414.fits
QSO_sim_z2.273_MgIIGreen_2.6851m13.7414.fits
QSO_sim_z1.1052_MgIIGreen_300.2099m10.5416.fits
QSO_sim_z1.1052_MgIIGreen_300.2099m10.5416.fits
QSO_sim_z1.6924_MgIIGreen_196.0633p4.4542.fits
QSO_sim_z1.6924_MgIIGreen_196.0633p4.4542.fits
QSO_sim_z2.15_MgIIGreen_321.7616m44.8922.fits
QSO_sim_z2.15_MgIIGreen_321.7616m44.8922.fits
QSO_sim_z1.4_MgIIGreen_227.8299m21.3469.fits
QSO_sim_z1.4_MgIIGreen_227.8299m21.3469.fits
QSO_sim_z1.7877_MgIIGreen_167.5549m19.1224.fits
QSO_sim_z1.7877_MgIIGreen_167.5549m19.1224.fits
QSO_sim_z2.3541_MgIIGreen_111.3209m2.4854.fits
QSO_sim_z2.3541_MgIIGreen_111.3209m2.4854.fits
QSO_sim_z1.9403_MgIIGreen_3.4459m17.1586.fits
QSO_sim_z1.9403_MgIIGreen_3.4459m17.1586.fits
QSO_sim_z2.2_MgIIGreen_207.1663m41.0019.fits
QSO_sim_z2.2_MgIIGreen_207.1663m41.0019.fits
QSO_sim_z1.55_MgIIGreen_311.8596m62.2592.fits
QSO_sim_z1.55_MgIIGreen_311.8596m62.2592.fits
QSO_sim_z1.5349_MgIIGreen_163.1443m7.2962.fits
QSO_sim_z1.5349_MgIIGreen_163.1443m7.2962.fits
QSO_sim_z1.7224_MgIIGreen_208.5347m10.6092.fits
QSO_sim_z1.7224_MgIIGreen_208.5347m10.6092.fits
QSO_sim_z1.35_MgIIGreen_77.2596m0.7742.fits
QSO_sim_z1.35_MgIIGreen_77.2596m0.7742.fits
QSO_sim_z2.1_MgIIGreen_310.9997m61.2296.fits
QSO_sim_z2.1_MgIIGreen_310.9997m61.2296.fits
QSO_sim_z1.817_MgIIGreen_26.2647m5.9048.fits
QSO_sim_z1.817_MgIIGreen_26.2647m5.9048.fits
QSO_sim_z2.3435_MgIIBlueDeep_204.1989m3.8773.fits
QSO_sim_z2.3435_MgIIBlueDeep_204.1989m3.8773.fits
QSO_sim_z1.6254_MgIIGreen_80.1527m4.3891.fits
QSO_sim_z1.6254_MgIIGreen_80.1527m4.3891.fits
QSO_sim_z1.5_MgIIGreen_181.9009m23.5011.fits
QSO_sim_z1.5_MgIIGreen_181.9009m23.5011.fits
QSO_sim_z1.7_MgIIGreen_109.1199m73.9202.fits
QSO_sim_z1.7_MgIIGreen_109.1199m73.9202.fits
QSO_sim_z1.35_MgIIGreen_321.3903m44.2138.fits
QSO_sim_z1.35_MgIIGreen_321.3903m44.2138.fits
QSO_sim_z1.6446_MgIIBlueDeep_195.4199m2.8231.fits
QSO_sim_z1.6446_MgIIBlueDeep_195.4199m2.8231.fits
QSO_sim_z1.1903_MgIIBlueDeep_191.8716p0.6791.fits
QSO_sim_z1.1903_MgIIBlueDeep_191.8716p0.6791.fits
QSO_sim_z2.25_MgIIGreen_94.4874m46.6456.fits
QSO_sim_z2.25_MgIIGreen_94.4874m46.6456.fits
QSO_sim_z1.75_MgIIGreen_333.7331m38.7788.fits
QSO_sim_z1.75_MgIIGreen_333.7331m38.7788.fits
QSO_sim_z2.2345_MgIIGreen_209.6765m10.8464.fits
QSO_sim_z2.2345_MgIIGreen_209.6765m10.8464.fits
QSO_sim_z1.9635_MgIIGreen_340.6935m9.7126.fits
QSO_sim_z1.9635_MgIIGreen_340.6935m9.7126.fits
QSO_sim_z0.9985_MgIIBlueDeep_224.0595p3.6128.fits
QSO_sim_z0.9985_MgIIBlueDeep_224.0595p3.6128.fits
QSO_sim_z2.0_MgIIGreen_151.6637m12.0383.fits
QSO_sim_z2.0_MgIIGreen_151.6637m12.0383.fits
QSO_sim_z3.6116_MgIIBlueDeep_196.737m2.3104.fits
QSO_sim_z3.6116_MgIIBlueDeep_196.737m2.3104.fits
QSO_sim_z1.75_MgIIGreen_322.8518m49.3582.fits
QSO_sim_z1.75_MgIIGreen_322.8518m49.3582.fits
QSO_sim_z1.95_MgIIGreen_313.7933m62.2176.fits
QSO_sim_z1.95_MgIIGreen_313.7933m62.2176.fits
QSO_sim_z1.6376_MgIIGreen_46.4641m58.9266.fits
QSO_sim_z1.6376_MgIIGreen_46.4641m58.9266.fits
QSO_sim_z2.05_MgIIGreen_78.1614m4.1207.fits
QSO_sim_z2.05_MgIIGreen_78.1614m4.1207.fits
QSO_sim_z2.0002_MgIIGreen_205.7499p4.1852.fits
QSO_sim_z2.0002_MgIIGreen_205.7499p4.1852.fits
QSO_sim_z1.4776_MgIIGreen_7.1315m3.0808.fits
QSO_sim_z1.4776_MgIIGreen_7.1315m3.0808.fits
QSO_sim_z1.45_MgIIGreen_228.9895m20.6425.fits
QSO_sim_z1.45_MgIIGreen_228.9895m20.6425.fits
QSO_sim_z1.5_MgIIGreen_314.4177m65.6514.fits
QSO_sim_z1.5_MgIIGreen_314.4177m65.6514.fits
QSO_sim_z2.1251_MgIIGreen_180.9552m23.5004.fits
QSO_sim_z2.1251_MgIIGreen_180.9552m23.5004.fits
QSO_sim_z1.8064_MgIIGreen_358.7347m14.7457.fits
QSO_sim_z1.8064_MgIIGreen_358.7347m14.7457.fits
QSO_sim_z2.2971_MgIIGreen_88.0876m41.8326.fits
QSO_sim_z2.2971_MgIIGreen_88.0876m41.8326.fits
QSO_sim_z1.6341_MgIIGreen_205.2287p4.6782.fits
QSO_sim_z1.6341_MgIIGreen_205.2287p4.6782.fits
QSO_sim_z1.6515_MgIIGreen_59.1837m37.9781.fits
QSO_sim_z1.6515_MgIIGreen_59.1837m37.9781.fits
QSO_sim_z1.6471_MgIIGreen_46.638m58.1788.fits
QSO_sim_z1.6471_MgIIGreen_46.638m58.1788.fits
QSO_sim_z1.65_MgIIGreen_349.8062m61.7442.fits
QSO_sim_z1.65_MgIIGreen_349.8062m61.7442.fits
QSO_sim_z1.9636_MgIIGreen_17.3689m10.2764.fits
QSO_sim_z1.9636_MgIIGreen_17.3689m10.2764.fits
QSO_sim_z0.6181_MgIIBlueDeep_216.0681m1.0974.fits
QSO_sim_z0.6181_MgIIBlueDeep_216.0681m1.0974.fits
QSO_sim_z1.4132_MgIIBlueDeep_204.3343m0.0889.fits
QSO_sim_z1.4132_MgIIBlueDeep_204.3343m0.0889.fits
QSO_sim_z1.1_MgIIGreen_106.8132m74.7811.fits
QSO_sim_z1.1_MgIIGreen_106.8132m74.7811.fits
QSO_sim_z2.1_MgIIGreen_229.0815m20.3223.fits
QSO_sim_z2.1_MgIIGreen_229.0815m20.3223.fits
QSO_sim_z1.2533_MgIIGreen_7.6381m2.5208.fits
QSO_sim_z1.2533_MgIIGreen_7.6381m2.5208.fits
QSO_sim_z1.75_MgIIGreen_238.4183m17.9375.fits
QSO_sim_z1.75_MgIIGreen_238.4183m17.9375.fits
QSO_sim_z1.15_MgIIGreen_107.081m71.476.fits
QSO_sim_z1.15_MgIIGreen_107.081m71.476.fits
QSO_sim_z2.072_MgIIGreen_75.5746m5.3957.fits
QSO_sim_z2.072_MgIIGreen_75.5746m5.3957.fits
QSO_sim_z2.55_MgIIGreen_137.057m11.9291.fits
QSO_sim_z2.55_MgIIGreen_137.057m11.9291.fits
QSO_sim_z2.25_MgIIGreen_106.1852m73.0821.fits
QSO_sim_z2.25_MgIIGreen_106.1852m73.0821.fits
QSO_sim_z2.1_MgIIGreen_220.7912m4.5149.fits
QSO_sim_z2.1_MgIIGreen_220.7912m4.5149.fits
QSO_sim_z1.4826_MgIIGreen_77.7156m5.5449.fits
QSO_sim_z1.4826_MgIIGreen_77.7156m5.5449.fits
QSO_sim_z1.85_MgIIGreen_287.8568m44.0722.fits
QSO_sim_z1.85_MgIIGreen_287.8568m44.0722.fits
QSO_sim_z1.7_MgIIGreen_136.9307m15.8761.fits
QSO_sim_z1.7_MgIIGreen_136.9307m15.8761.fits
QSO_sim_z1.55_MgIIGreen_238.1894m18.6108.fits
QSO_sim_z1.55_MgIIGreen_238.1894m18.6108.fits
QSO_sim_z2.25_MgIIGreen_82.4675m32.6364.fits
QSO_sim_z2.25_MgIIGreen_82.4675m32.6364.fits
QSO_sim_z1.0403_MgIIGreen_223.0537m5.3193.fits
QSO_sim_z1.0403_MgIIGreen_223.0537m5.3193.fits
QSO_sim_z1.4903_MgIIGreen_203.2083m9.849.fits
QSO_sim_z1.4903_MgIIGreen_203.2083m9.849.fits
QSO_sim_z2.15_MgIIGreen_222.4123m6.2317.fits
QSO_sim_z2.15_MgIIGreen_222.4123m6.2317.fits
QSO_sim_z1.2865_MgIIGreen_84.6873m41.834.fits
QSO_sim_z1.2865_MgIIGreen_84.6873m41.834.fits
QSO_sim_z1.65_MgIIGreen_320.2285m45.6224.fits
QSO_sim_z1.65_MgIIGreen_320.2285m45.6224.fits
QSO_sim_z1.25_MgIIGreen_331.636m42.1653.fits
QSO_sim_z1.25_MgIIGreen_331.636m42.1653.fits
QSO_sim_z2.4177_MgIIGreen_298.1494m7.7916.fits
QSO_sim_z2.4177_MgIIGreen_298.1494m7.7916.fits
QSO_sim_z1.65_MgIIGreen_92.7259m49.7079.fits
QSO_sim_z1.65_MgIIGreen_92.7259m49.7079.fits
QSO_sim_z2.3_MgIIGreen_347.5933p0.5517.fits
QSO_sim_z2.3_MgIIGreen_347.5933p0.5517.fits
QSO_sim_z1.4869_MgIIGreen_163.9307m6.1811.fits
QSO_sim_z1.4869_MgIIGreen_163.9307m6.1811.fits
QSO_sim_z2.15_MgIIGreen_311.3959m67.0258.fits
QSO_sim_z2.15_MgIIGreen_311.3959m67.0258.fits
QSO_sim_z1.262_MgIIGreen_354.9909m1.282.fits
QSO_sim_z1.262_MgIIGreen_354.9909m1.282.fits
QSO_sim_z1.4607_MgIIGreen_89.6369m22.7726.fits
QSO_sim_z1.4607_MgIIGreen_89.6369m22.7726.fits
QSO_sim_z2.0943_MgIIGreen_222.5728m7.1157.fits
QSO_sim_z2.0943_MgIIGreen_222.5728m7.1157.fits
QSO_sim_z2.25_MgIIGreen_47.2971m23.7694.fits
QSO_sim_z2.25_MgIIGreen_47.2971m23.7694.fits
QSO_sim_z1.7544_MgIIGreen_4.5139m2.9405.fits
QSO_sim_z1.7544_MgIIGreen_4.5139m2.9405.fits
QSO_sim_z1.6_MgIIGreen_174.4213m21.934.fits
QSO_sim_z1.6_MgIIGreen_174.4213m21.934.fits
QSO_sim_z2.087_MgIIGreen_342.1918m8.8569.fits
QSO_sim_z2.087_MgIIGreen_342.1918m8.8569.fits
QSO_sim_z1.5146_MgIIGreen_208.7427m9.7766.fits
QSO_sim_z1.5146_MgIIGreen_208.7427m9.7766.fits
QSO_sim_z2.3554_MgIIGreen_178.0139m21.5583.fits
QSO_sim_z2.3554_MgIIGreen_178.0139m21.5583.fits
QSO_sim_z1.3_MgIIGreen_46.9926m21.3815.fits
QSO_sim_z1.3_MgIIGreen_46.9926m21.3815.fits
QSO_sim_z1.75_MgIIGreen_222.2511m5.7669.fits
QSO_sim_z1.75_MgIIGreen_222.2511m5.7669.fits
QSO_sim_z1.4_MgIIGreen_152.9456m11.2846.fits
QSO_sim_z1.4_MgIIGreen_152.9456m11.2846.fits
QSO_sim_z1.796_MgIIGreen_356.1388m14.5103.fits
QSO_sim_z1.796_MgIIGreen_356.1388m14.5103.fits
QSO_sim_z1.6_MgIIGreen_174.5242m24.0138.fits
QSO_sim_z1.6_MgIIGreen_174.5242m24.0138.fits
QSO_sim_z1.55_MgIIGreen_190.9385m18.0243.fits
QSO_sim_z1.55_MgIIGreen_190.9385m18.0243.fits
QSO_sim_z1.6756_MgIIGreen_204.6917m8.9248.fits
QSO_sim_z1.6756_MgIIGreen_204.6917m8.9248.fits
QSO_sim_z1.55_MgIIGreen_152.6742m10.405.fits
QSO_sim_z1.55_MgIIGreen_152.6742m10.405.fits
QSO_sim_z1.4961_MgIIGreen_214.5565m6.9031.fits
QSO_sim_z1.4961_MgIIGreen_214.5565m6.9031.fits
QSO_sim_z1.85_MgIIGreen_312.7602m68.1728.fits
QSO_sim_z1.85_MgIIGreen_312.7602m68.1728.fits
QSO_sim_z2.299_MgIIGreen_42.7896m57.0926.fits
QSO_sim_z2.299_MgIIGreen_42.7896m57.0926.fits
QSO_sim_z1.783_MgIIGreen_298.3058m5.269.fits
QSO_sim_z1.783_MgIIGreen_298.3058m5.269.fits
QSO_sim_z1.042_MgIIGreen_58.696m34.5809.fits
QSO_sim_z1.042_MgIIGreen_58.696m34.5809.fits
QSO_sim_z1.6353_MgIIBlueDeep_204.1471m0.2474.fits
QSO_sim_z1.6353_MgIIBlueDeep_204.1471m0.2474.fits
QSO_sim_z1.3271_MgIIGreen_5.0606m1.9978.fits
QSO_sim_z1.3271_MgIIGreen_5.0606m1.9978.fits
QSO_sim_z1.45_MgIIGreen_214.1114m9.7407.fits
QSO_sim_z1.45_MgIIGreen_214.1114m9.7407.fits
QSO_sim_z1.75_MgIIGreen_108.8118m75.4891.fits
QSO_sim_z1.75_MgIIGreen_108.8118m75.4891.fits
QSO_sim_z1.85_MgIIGreen_289.7548m48.0192.fits
QSO_sim_z1.85_MgIIGreen_289.7548m48.0192.fits
QSO_sim_z1.2585_MgIIGreen_128.2338m4.8014.fits
QSO_sim_z1.2585_MgIIGreen_128.2338m4.8014.fits
QSO_sim_z1.9_MgIIGreen_312.7794m66.7559.fits
QSO_sim_z1.9_MgIIGreen_312.7794m66.7559.fits
QSO_sim_z2.2457_MgIIGreen_87.9927m21.3305.fits
QSO_sim_z2.2457_MgIIGreen_87.9927m21.3305.fits
QSO_sim_z1.55_MgIIGreen_48.1186m25.1486.fits
QSO_sim_z1.55_MgIIGreen_48.1186m25.1486.fits
QSO_sim_z1.15_MgIIGreen_181.3468m26.4415.fits
QSO_sim_z1.15_MgIIGreen_181.3468m26.4415.fits
QSO_sim_z2.1241_MgIIGreen_191.3998m29.7063.fits
QSO_sim_z2.1241_MgIIGreen_191.3998m29.7063.fits
QSO_sim_z1.5391_MgIIGreen_46.429m56.1591.fits
QSO_sim_z1.5391_MgIIGreen_46.429m56.1591.fits
QSO_sim_z1.85_MgIIGreen_355.8072m49.9085.fits
QSO_sim_z1.85_MgIIGreen_355.8072m49.9085.fits
QSO_sim_z2.048_MgIIGreen_76.9057m3.622.fits
QSO_sim_z2.048_MgIIGreen_76.9057m3.622.fits
QSO_sim_z1.2746_MgIIGreen_128.6863m4.449.fits
QSO_sim_z1.2746_MgIIGreen_128.6863m4.449.fits
QSO_sim_z1.4788_MgIIGreen_343.7589m5.2625.fits
QSO_sim_z1.4788_MgIIGreen_343.7589m5.2625.fits
QSO_sim_z1.0553_MgIIGreen_191.5742m29.2392.fits
QSO_sim_z1.0553_MgIIGreen_191.5742m29.2392.fits
QSO_sim_z1.05_MgIIGreen_236.9823m19.2962.fits
QSO_sim_z1.05_MgIIGreen_236.9823m19.2962.fits
QSO_sim_z1.6_MgIIGreen_164.2377m27.0355.fits
QSO_sim_z1.6_MgIIGreen_164.2377m27.0355.fits
QSO_sim_z1.8766_MgIIGreen_191.3807m29.1648.fits
QSO_sim_z1.8766_MgIIGreen_191.3807m29.1648.fits
QSO_sim_z2.05_MgIIGreen_313.7761m68.4983.fits
QSO_sim_z2.05_MgIIGreen_313.7761m68.4983.fits
QSO_sim_z1.3411_MgIIGreen_5.3906m2.1077.fits
QSO_sim_z1.3411_MgIIGreen_5.3906m2.1077.fits
QSO_sim_z1.5688_MgIIBlueDeep_216.8409m2.1234.fits
QSO_sim_z1.5688_MgIIBlueDeep_216.8409m2.1234.fits
QSO_sim_z1.6093_MgIIBlueDeep_196.1913m1.7559.fits
QSO_sim_z1.6093_MgIIBlueDeep_196.1913m1.7559.fits
QSO_sim_z1.25_MgIIGreen_84.3843m31.0009.fits
QSO_sim_z1.25_MgIIGreen_84.3843m31.0009.fits
QSO_sim_z1.5_MgIIGreen_182.2014m25.4995.fits
QSO_sim_z1.5_MgIIGreen_182.2014m25.4995.fits
QSO_sim_z1.95_MgIIGreen_171.5002m26.9612.fits
QSO_sim_z1.95_MgIIGreen_171.5002m26.9612.fits
QSO_sim_z2.2093_MgIIGreen_158.759m20.1929.fits
QSO_sim_z2.2093_MgIIGreen_158.759m20.1929.fits
QSO_sim_z1.5102_MgIIGreen_6.408m50.7742.fits
QSO_sim_z1.5102_MgIIGreen_6.408m50.7742.fits
QSO_sim_z2.3904_MgIIGreen_191.2385m28.6159.fits
QSO_sim_z2.3904_MgIIGreen_191.2385m28.6159.fits
QSO_sim_z2.1621_MgIIGreen_22.1414m53.1694.fits
QSO_sim_z2.1621_MgIIGreen_22.1414m53.1694.fits
QSO_sim_z1.2_MgIIGreen_229.1398m27.7813.fits
QSO_sim_z1.2_MgIIGreen_229.1398m27.7813.fits
QSO_sim_z1.126_MgIIGreen_19.3468m9.5688.fits
QSO_sim_z1.126_MgIIGreen_19.3468m9.5688.fits
QSO_sim_z1.2425_MgIIGreen_303.5664m8.2036.fits
QSO_sim_z1.2425_MgIIGreen_303.5664m8.2036.fits
QSO_sim_z1.4354_MgIIGreen_159.7163m19.5796.fits
QSO_sim_z1.4354_MgIIGreen_159.7163m19.5796.fits
QSO_sim_z1.85_MgIIGreen_171.3634m28.5748.fits
QSO_sim_z1.85_MgIIGreen_171.3634m28.5748.fits
QSO_sim_z2.3317_MgIIGreen_82.9413m42.5627.fits
QSO_sim_z2.3317_MgIIGreen_82.9413m42.5627.fits
QSO_sim_z1.7729_MgIIGreen_125.2593m4.6542.fits
QSO_sim_z1.7729_MgIIGreen_125.2593m4.6542.fits
QSO_sim_z2.25_MgIIGreen_210.1537m8.4501.fits
QSO_sim_z2.25_MgIIGreen_210.1537m8.4501.fits
QSO_sim_z2.5375_MgIIGreen_356.1451m13.2171.fits
QSO_sim_z2.5375_MgIIGreen_356.1451m13.2171.fits
QSO_sim_z1.5114_MgIIGreen_56.2541m33.1554.fits
QSO_sim_z1.5114_MgIIGreen_56.2541m33.1554.fits
QSO_sim_z1.4037_MgIIBlueDeep_224.9984p0.7964.fits
QSO_sim_z1.4037_MgIIBlueDeep_224.9984p0.7964.fits
QSO_sim_z1.6529_MgIIGreen_6.5234m0.7962.fits
QSO_sim_z1.6529_MgIIGreen_6.5234m0.7962.fits
QSO_sim_z1.35_MgIIGreen_323.3242m50.5372.fits
QSO_sim_z1.35_MgIIGreen_323.3242m50.5372.fits
QSO_sim_z1.3238_MgIIGreen_125.2937m3.8127.fits
QSO_sim_z1.3238_MgIIGreen_125.2937m3.8127.fits
QSO_sim_z2.2034_MgIIGreen_357.2708m0.4342.fits
QSO_sim_z2.2034_MgIIGreen_357.2708m0.4342.fits
QSO_sim_z1.7_MgIIGreen_356.395m45.4286.fits
QSO_sim_z1.7_MgIIGreen_356.395m45.4286.fits
QSO_sim_z1.3_MgIIGreen_236.4979m19.4619.fits
QSO_sim_z1.3_MgIIGreen_236.4979m19.4619.fits
QSO_sim_z1.35_MgIIGreen_229.9613m29.2244.fits
QSO_sim_z1.35_MgIIGreen_229.9613m29.2244.fits
QSO_sim_z2.9_MgIIBlueDeep_204.4434m3.2385.fits
QSO_sim_z2.9_MgIIBlueDeep_204.4434m3.2385.fits
QSO_sim_z1.2475_MgIIGreen_211.7838m8.243.fits
QSO_sim_z1.2475_MgIIGreen_211.7838m8.243.fits
QSO_sim_z1.314_MgIIGreen_204.9314m7.5489.fits
QSO_sim_z1.314_MgIIGreen_204.9314m7.5489.fits
QSO_sim_z1.7013_MgIIGreen_36.9246m74.4037.fits
QSO_sim_z1.7013_MgIIGreen_36.9246m74.4037.fits
QSO_sim_z1.5488_MgIIBlueDeep_208.6231p1.281.fits
QSO_sim_z1.5488_MgIIBlueDeep_208.6231p1.281.fits
QSO_sim_z1.05_MgIIGreen_286.6821m46.3361.fits
QSO_sim_z1.05_MgIIGreen_286.6821m46.3361.fits
QSO_sim_z2.05_MgIIGreen_330.7264m46.3768.fits
QSO_sim_z2.05_MgIIGreen_330.7264m46.3768.fits
QSO_sim_z1.2014_MgIIBlueDeep_196.9642m0.216.fits
QSO_sim_z1.2014_MgIIBlueDeep_196.9642m0.216.fits
QSO_sim_z1.9492_MgIIGreen_1.0331m13.3991.fits
QSO_sim_z1.9492_MgIIGreen_1.0331m13.3991.fits
QSO_sim_z1.4431_MgIIGreen_5.6486m0.0418.fits
QSO_sim_z1.4431_MgIIGreen_5.6486m0.0418.fits
QSO_sim_z1.5_MgIIGreen_136.7004m15.2921.fits
QSO_sim_z1.5_MgIIGreen_136.7004m15.2921.fits
QSO_sim_z1.3683_MgIIGreen_150.3131m12.8164.fits
QSO_sim_z1.3683_MgIIGreen_150.3131m12.8164.fits
QSO_sim_z1.95_MgIIGreen_136.8154m15.4249.fits
QSO_sim_z1.95_MgIIGreen_136.8154m15.4249.fits
QSO_sim_z1.6_MgIIGreen_92.7612m50.1008.fits
QSO_sim_z1.6_MgIIGreen_92.7612m50.1008.fits
QSO_sim_z0.776_MgIIBlueDeep_216.998m1.2754.fits
QSO_sim_z0.776_MgIIBlueDeep_216.998m1.2754.fits
QSO_sim_z1.25_MgIIGreen_225.2979m29.508.fits
QSO_sim_z1.25_MgIIGreen_225.2979m29.508.fits
QSO_sim_z1.6_MgIIGreen_80.3731m30.1736.fits
QSO_sim_z1.6_MgIIGreen_80.3731m30.1736.fits
QSO_sim_z1.5_MgIIGreen_183.8966m33.5656.fits
QSO_sim_z1.5_MgIIGreen_183.8966m33.5656.fits
QSO_sim_z2.35_MgIIGreen_136.457m15.1934.fits
QSO_sim_z2.35_MgIIGreen_136.457m15.1934.fits
QSO_sim_z1.5_MgIIGreen_161.6137m28.1225.fits
QSO_sim_z1.5_MgIIGreen_161.6137m28.1225.fits
QSO_sim_z1.5_MgIIGreen_287.0965m48.8645.fits
QSO_sim_z1.5_MgIIGreen_287.0965m48.8645.fits
QSO_sim_z2.55_MgIIGreen_237.136m16.7123.fits
QSO_sim_z2.55_MgIIGreen_237.136m16.7123.fits
QSO_sim_z1.5193_MgIIGreen_18.0611m8.5989.fits
QSO_sim_z1.5193_MgIIGreen_18.0611m8.5989.fits
QSO_sim_z0.8363_MgIIBlueDeep_208.5433p0.233.fits
QSO_sim_z0.8363_MgIIBlueDeep_208.5433p0.233.fits
QSO_sim_z2.0278_MgIIGreen_4.571m49.1624.fits
QSO_sim_z2.0278_MgIIGreen_4.571m49.1624.fits
QSO_sim_z1.9611_MgIIGreen_53.77m32.835.fits
QSO_sim_z1.9611_MgIIGreen_53.77m32.835.fits
QSO_sim_z1.925_MgIIGreen_52.8087m55.0543.fits
QSO_sim_z1.925_MgIIGreen_52.8087m55.0543.fits
QSO_sim_z1.3_MgIIGreen_358.8163m53.7697.fits
QSO_sim_z1.3_MgIIGreen_358.8163m53.7697.fits
QSO_sim_z1.8291_MgIIBlueDeep_204.4889m0.7548.fits
QSO_sim_z1.8291_MgIIBlueDeep_204.4889m0.7548.fits
QSO_sim_z3.25_MgIIBlueDeep_224.5976p3.8068.fits
QSO_sim_z3.25_MgIIBlueDeep_224.5976p3.8068.fits
QSO_sim_z0.8_MgIIBlueDeep_204.8163m2.1688.fits
QSO_sim_z0.8_MgIIBlueDeep_204.8163m2.1688.fits
QSO_sim_z1.6_MgIIGreen_226.6833m34.8528.fits
QSO_sim_z1.6_MgIIGreen_226.6833m34.8528.fits
QSO_sim_z1.7218_MgIIGreen_7.3332m1.1905.fits
QSO_sim_z1.7218_MgIIGreen_7.3332m1.1905.fits
QSO_sim_z2.05_MgIIGreen_358.0871m50.531.fits
QSO_sim_z2.05_MgIIGreen_358.0871m50.531.fits
QSO_sim_z2.1_MgIIGreen_110.321m62.3862.fits
QSO_sim_z2.1_MgIIGreen_110.321m62.3862.fits
QSO_sim_z1.047_MgIIGreen_2.1949m11.875.fits
QSO_sim_z1.047_MgIIGreen_2.1949m11.875.fits
QSO_sim_z1.65_MgIIGreen_194.2849m24.2024.fits
QSO_sim_z1.65_MgIIGreen_194.2849m24.2024.fits
QSO_sim_z1.35_MgIIGreen_212.3286m9.7913.fits
QSO_sim_z1.35_MgIIGreen_212.3286m9.7913.fits
QSO_sim_z1.2_MgIIGreen_139.0051m79.7367.fits
QSO_sim_z1.2_MgIIGreen_139.0051m79.7367.fits
QSO_sim_z1.9_MgIIGreen_194.3633m24.0024.fits
QSO_sim_z1.9_MgIIGreen_194.3633m24.0024.fits
QSO_sim_z1.25_MgIIGreen_150.6332m13.8897.fits
QSO_sim_z1.25_MgIIGreen_150.6332m13.8897.fits
QSO_sim_z3.9803_MgIIBlueDeep_204.0318m1.93.fits
QSO_sim_z3.9803_MgIIBlueDeep_204.0318m1.93.fits
QSO_sim_z2.3561_MgIIGreen_56.9474m55.6179.fits
QSO_sim_z2.3561_MgIIGreen_56.9474m55.6179.fits
QSO_sim_z2.0946_MgIIGreen_59.1005m55.3038.fits
QSO_sim_z2.0946_MgIIGreen_59.1005m55.3038.fits
QSO_sim_z1.55_MgIIGreen_135.0702m79.2816.fits
QSO_sim_z1.55_MgIIGreen_135.0702m79.2816.fits
QSO_sim_z1.1784_MgIIGreen_57.6508m55.0853.fits
QSO_sim_z1.1784_MgIIGreen_57.6508m55.0853.fits
QSO_sim_z2.5_MgIIGreen_162.5956m25.1171.fits
QSO_sim_z2.5_MgIIGreen_162.5956m25.1171.fits
QSO_sim_z1.05_MgIIGreen_194.4231m20.9336.fits
QSO_sim_z1.05_MgIIGreen_194.4231m20.9336.fits
QSO_sim_z1.8589_MgIIGreen_120.8616m4.0805.fits
QSO_sim_z1.8589_MgIIGreen_120.8616m4.0805.fits
QSO_sim_z2.15_MgIIGreen_194.7587m21.9281.fits
QSO_sim_z2.15_MgIIGreen_194.7587m21.9281.fits
QSO_sim_z2.5_MgIIGreen_356.0611m53.8976.fits
QSO_sim_z2.5_MgIIGreen_356.0611m53.8976.fits
QSO_sim_z1.3171_MgIIBlueDeep_204.8896m0.9297.fits
QSO_sim_z1.3171_MgIIBlueDeep_204.8896m0.9297.fits
QSO_sim_z1.4374_MgIIGreen_212.0759m7.919.fits
QSO_sim_z1.4374_MgIIGreen_212.0759m7.919.fits
QSO_sim_z2.25_MgIIGreen_227.8545m31.6419.fits
QSO_sim_z2.25_MgIIGreen_227.8545m31.6419.fits
QSO_sim_z2.1464_MgIIGreen_11.6284m14.877.fits
QSO_sim_z2.1464_MgIIGreen_11.6284m14.877.fits
QSO_sim_z2.0135_MgIIGreen_353.6871m3.7195.fits
QSO_sim_z2.0135_MgIIGreen_353.6871m3.7195.fits
QSO_sim_z1.15_MgIIGreen_173.2276m25.5072.fits
QSO_sim_z1.15_MgIIGreen_173.2276m25.5072.fits
QSO_sim_z2.05_MgIIGreen_173.4892m28.5013.fits
QSO_sim_z2.05_MgIIGreen_173.4892m28.5013.fits
QSO_sim_z1.9784_MgIIGreen_157.0822m41.1534.fits
QSO_sim_z1.9784_MgIIGreen_157.0822m41.1534.fits
QSO_sim_z2.3516_MgIIGreen_25.4254m49.6715.fits
QSO_sim_z2.3516_MgIIGreen_25.4254m49.6715.fits
QSO_sim_z1.4_MgIIGreen_238.6432m24.6449.fits
QSO_sim_z1.4_MgIIGreen_238.6432m24.6449.fits
QSO_sim_z2.122_MgIIGreen_355.4143m0.4708.fits
QSO_sim_z2.122_MgIIGreen_355.4143m0.4708.fits
QSO_sim_z1.2_MgIIGreen_238.5383m23.4463.fits
QSO_sim_z1.2_MgIIGreen_238.5383m23.4463.fits
QSO_sim_z1.3076_MgIIGreen_353.5666m1.1807.fits
QSO_sim_z1.3076_MgIIGreen_353.5666m1.1807.fits
QSO_sim_z1.3222_MgIIGreen_305.3901m6.125.fits
QSO_sim_z1.3222_MgIIGreen_305.3901m6.125.fits
QSO_sim_z1.629_MgIIGreen_355.5289m54.5773.fits
QSO_sim_z1.629_MgIIGreen_355.5289m54.5773.fits
QSO_sim_z1.6241_MgIIGreen_37.7833m72.4674.fits
QSO_sim_z1.6241_MgIIGreen_37.7833m72.4674.fits
QSO_sim_z1.6999_MgIIGreen_212.3779m7.4414.fits
QSO_sim_z1.6999_MgIIGreen_212.3779m7.4414.fits
QSO_sim_z1.75_MgIIGreen_316.1612m2.8014.fits
QSO_sim_z1.75_MgIIGreen_316.1612m2.8014.fits
QSO_sim_z1.65_MgIIGreen_81.95m36.4267.fits
QSO_sim_z1.65_MgIIGreen_81.95m36.4267.fits
QSO_sim_z1.4364_MgIIGreen_39.9983m20.7839.fits
QSO_sim_z1.4364_MgIIGreen_39.9983m20.7839.fits
QSO_sim_z1.95_MgIIGreen_306.9728m3.4169.fits
QSO_sim_z1.95_MgIIGreen_306.9728m3.4169.fits
QSO_sim_z1.8292_MgIIGreen_316.9532m0.0022.fits
QSO_sim_z1.8292_MgIIGreen_316.9532m0.0022.fits
QSO_sim_z2.3751_MgIIGreen_193.8745m25.6227.fits
QSO_sim_z2.3751_MgIIGreen_193.8745m25.6227.fits
QSO_sim_z1.357_MgIIGreen_138.568p0.2923.fits
QSO_sim_z1.357_MgIIGreen_138.568p0.2923.fits
QSO_sim_z1.9439_MgIIGreen_50.1319m24.9911.fits
QSO_sim_z1.9439_MgIIGreen_50.1319m24.9911.fits
QSO_sim_z1.5_MgIIGreen_174.4754m28.887.fits
QSO_sim_z1.5_MgIIGreen_174.4754m28.887.fits
QSO_sim_z1.55_MgIIGreen_191.6103m24.8396.fits
QSO_sim_z1.55_MgIIGreen_191.6103m24.8396.fits
QSO_sim_z2.0907_MgIIGreen_354.1577m0.4566.fits
QSO_sim_z2.0907_MgIIGreen_354.1577m0.4566.fits
QSO_sim_z1.3696_MgIIGreen_68.3033m39.3482.fits
QSO_sim_z1.3696_MgIIGreen_68.3033m39.3482.fits
QSO_sim_z1.6244_MgIIGreen_7.0449m49.1752.fits
QSO_sim_z1.6244_MgIIGreen_7.0449m49.1752.fits
QSO_sim_z1.1035_MgIIGreen_39.5755m19.793.fits
QSO_sim_z1.1035_MgIIGreen_39.5755m19.793.fits
QSO_sim_z1.95_MgIIGreen_289.3425m51.7873.fits
QSO_sim_z1.95_MgIIGreen_289.3425m51.7873.fits
QSO_sim_z1.1748_MgIIGreen_204.3379m8.7341.fits
QSO_sim_z1.1748_MgIIGreen_204.3379m8.7341.fits
QSO_sim_z1.499_MgIIGreen_156.9225m37.611.fits
QSO_sim_z1.499_MgIIGreen_156.9225m37.611.fits
QSO_sim_z2.4187_MgIIGreen_0.5597m11.5131.fits
QSO_sim_z2.4187_MgIIGreen_0.5597m11.5131.fits
QSO_sim_z1.4321_MgIIGreen_13.4015m16.0988.fits
QSO_sim_z1.4321_MgIIGreen_13.4015m16.0988.fits
QSO_sim_z1.55_MgIIGreen_151.892m16.645.fits
QSO_sim_z1.55_MgIIGreen_151.892m16.645.fits
QSO_sim_z2.1049_MgIIGreen_7.5452m0.5727.fits
QSO_sim_z2.1049_MgIIGreen_7.5452m0.5727.fits
QSO_sim_z1.2061_MgIIGreen_195.9223m24.5598.fits
QSO_sim_z1.2061_MgIIGreen_195.9223m24.5598.fits
QSO_sim_z2.0466_MgIIGreen_33.5959m72.5316.fits
QSO_sim_z2.0466_MgIIGreen_33.5959m72.5316.fits
QSO_sim_z1.0702_MgIIGreen_359.454m11.3858.fits
QSO_sim_z1.0702_MgIIGreen_359.454m11.3858.fits
QSO_sim_z1.473_MgIIGreen_156.7728m36.5269.fits
QSO_sim_z1.473_MgIIGreen_156.7728m36.5269.fits
QSO_sim_z1.1_MgIIGreen_174.8525m29.1241.fits
QSO_sim_z1.1_MgIIGreen_174.8525m29.1241.fits
QSO_sim_z1.6561_MgIIGreen_308.0324m4.4147.fits
QSO_sim_z1.6561_MgIIGreen_308.0324m4.4147.fits
QSO_sim_z2.071_MgIIGreen_154.2655m11.005.fits
QSO_sim_z2.071_MgIIGreen_154.2655m11.005.fits
QSO_sim_z1.9866_MgIIGreen_84.2025m41.5358.fits
QSO_sim_z1.9866_MgIIGreen_84.2025m41.5358.fits
QSO_sim_z1.188_MgIIGreen_355.689p0.796.fits
QSO_sim_z1.188_MgIIGreen_355.689p0.796.fits
QSO_sim_z2.4327_MgIIGreen_307.9298m4.0203.fits
QSO_sim_z2.4327_MgIIGreen_307.9298m4.0203.fits
QSO_sim_z1.8589_MgIIGreen_164.657m17.3619.fits
QSO_sim_z1.8589_MgIIGreen_164.657m17.3619.fits
QSO_sim_z1.6_MgIIGreen_341.9822m10.0485.fits
QSO_sim_z1.6_MgIIGreen_341.9822m10.0485.fits
QSO_sim_z1.4846_MgIIGreen_207.9322m9.183.fits
QSO_sim_z1.4846_MgIIGreen_207.9322m9.183.fits
QSO_sim_z1.5678_MgIIGreen_47.269m2.5057.fits
QSO_sim_z1.5678_MgIIGreen_47.269m2.5057.fits
QSO_sim_z1.4171_MgIIGreen_68.7755m38.7335.fits
QSO_sim_z1.4171_MgIIGreen_68.7755m38.7335.fits
QSO_sim_z2.05_MgIIGreen_170.6146m27.6434.fits
QSO_sim_z2.05_MgIIGreen_170.6146m27.6434.fits
QSO_sim_z2.1994_MgIIGreen_305.3368m5.0146.fits
QSO_sim_z2.1994_MgIIGreen_305.3368m5.0146.fits
QSO_sim_z1.7613_MgIIGreen_50.4466m55.7129.fits
QSO_sim_z1.7613_MgIIGreen_50.4466m55.7129.fits
QSO_sim_z2.4191_MgIIGreen_208.2867m9.1024.fits
QSO_sim_z2.4191_MgIIGreen_208.2867m9.1024.fits
QSO_sim_z1.8892_MgIIGreen_163.6292m17.2589.fits
QSO_sim_z1.8892_MgIIGreen_163.6292m17.2589.fits
QSO_sim_z1.1194_MgIIGreen_14.652m15.182.fits
QSO_sim_z1.1194_MgIIGreen_14.652m15.182.fits
QSO_sim_z1.1394_MgIIGreen_148.8799m15.139.fits
QSO_sim_z1.1394_MgIIGreen_148.8799m15.139.fits
QSO_sim_z1.1142_MgIIGreen_14.3317m9.959.fits
QSO_sim_z1.1142_MgIIGreen_14.3317m9.959.fits
QSO_sim_z1.5664_MgIIGreen_26.8855m21.6504.fits
QSO_sim_z1.5664_MgIIGreen_26.8855m21.6504.fits
QSO_sim_z1.5642_MgIIGreen_202.0707m9.2103.fits
QSO_sim_z1.5642_MgIIGreen_202.0707m9.2103.fits
QSO_sim_z2.3666_MgIIGreen_48.0457m55.7117.fits
QSO_sim_z2.3666_MgIIGreen_48.0457m55.7117.fits
QSO_sim_z1.4432_MgIIGreen_357.8667p0.7548.fits
QSO_sim_z1.4432_MgIIGreen_357.8667p0.7548.fits
QSO_sim_z1.95_MgIIGreen_239.4943m20.5834.fits
QSO_sim_z1.95_MgIIGreen_239.4943m20.5834.fits
QSO_sim_z1.5_MgIIGreen_357.6511m58.2196.fits
QSO_sim_z1.5_MgIIGreen_357.6511m58.2196.fits
QSO_sim_z1.4277_MgIIGreen_47.7496m55.4534.fits
QSO_sim_z1.4277_MgIIGreen_47.7496m55.4534.fits
QSO_sim_z1.05_MgIIGreen_350.4522m0.9036.fits
QSO_sim_z1.05_MgIIGreen_350.4522m0.9036.fits
QSO_sim_z1.9_MgIIGreen_286.5972m54.4042.fits
QSO_sim_z1.9_MgIIGreen_286.5972m54.4042.fits
QSO_sim_z1.8015_MgIIGreen_150.4868m14.6763.fits
QSO_sim_z1.8015_MgIIGreen_150.4868m14.6763.fits
QSO_sim_z1.342_MgIIGreen_136.2855p0.7103.fits
QSO_sim_z1.342_MgIIGreen_136.2855p0.7103.fits
QSO_sim_z2.3005_MgIIGreen_47.9021m55.0875.fits
QSO_sim_z2.3005_MgIIGreen_47.9021m55.0875.fits
QSO_sim_z1.4_MgIIGreen_114.4821m67.8574.fits
QSO_sim_z1.4_MgIIGreen_114.4821m67.8574.fits
QSO_sim_z2.0867_MgIIGreen_317.1195m3.3706.fits
QSO_sim_z2.0867_MgIIGreen_317.1195m3.3706.fits
QSO_sim_z1.25_MgIIGreen_224.6556m14.9508.fits
QSO_sim_z1.25_MgIIGreen_224.6556m14.9508.fits
QSO_sim_z1.5_MgIIGreen_170.8904m27.0995.fits
QSO_sim_z1.5_MgIIGreen_170.8904m27.0995.fits
QSO_sim_z1.65_MgIIGreen_331.7078m52.0473.fits
QSO_sim_z1.65_MgIIGreen_331.7078m52.0473.fits
QSO_sim_z2.4867_MgIIBlueDeep_200.7705m0.5643.fits
QSO_sim_z2.4867_MgIIBlueDeep_200.7705m0.5643.fits
QSO_sim_z1.2574_MgIIGreen_16.1526m14.5421.fits
QSO_sim_z1.2574_MgIIGreen_16.1526m14.5421.fits
QSO_sim_z1.2_MgIIGreen_308.7836m0.6285.fits
QSO_sim_z1.2_MgIIGreen_308.7836m0.6285.fits
QSO_sim_z1.15_MgIIGreen_341.7021m10.9084.fits
QSO_sim_z1.15_MgIIGreen_341.7021m10.9084.fits
QSO_sim_z1.45_MgIIGreen_286.5905m53.43.fits
QSO_sim_z1.45_MgIIGreen_286.5905m53.43.fits
QSO_sim_z2.18_MgIIGreen_66.5853m39.4669.fits
QSO_sim_z2.18_MgIIGreen_66.5853m39.4669.fits
QSO_sim_z1.3_MgIIGreen_317.688m4.6565.fits
QSO_sim_z1.3_MgIIGreen_317.688m4.6565.fits
QSO_sim_z1.9772_MgIIGreen_136.0372p0.8561.fits
QSO_sim_z1.9772_MgIIGreen_136.0372p0.8561.fits
QSO_sim_z1.067_MgIIGreen_5.7512m13.2534.fits
QSO_sim_z1.067_MgIIGreen_5.7512m13.2534.fits
QSO_sim_z1.6_MgIIGreen_323.6409m59.2627.fits
QSO_sim_z1.6_MgIIGreen_323.6409m59.2627.fits
QSO_sim_z1.4606_MgIIGreen_7.6386p0.9183.fits
QSO_sim_z1.4606_MgIIGreen_7.6386p0.9183.fits
QSO_sim_z1.9722_MgIIGreen_16.1114m14.2826.fits
QSO_sim_z1.9722_MgIIGreen_16.1114m14.2826.fits
QSO_sim_z1.9789_MgIIBlueDeep_209.273p0.4473.fits
QSO_sim_z1.9789_MgIIBlueDeep_209.273p0.4473.fits
QSO_sim_z1.144_MgIIGreen_85.2489m38.404.fits
QSO_sim_z1.144_MgIIGreen_85.2489m38.404.fits
QSO_sim_z1.1_MgIIGreen_110.7623m65.5834.fits
QSO_sim_z1.1_MgIIGreen_110.7623m65.5834.fits
QSO_sim_z1.4922_MgIIGreen_159.4412m35.6504.fits
QSO_sim_z1.4922_MgIIGreen_159.4412m35.6504.fits
QSO_sim_z1.65_MgIIGreen_171.9103m34.7772.fits
QSO_sim_z1.65_MgIIGreen_171.9103m34.7772.fits
QSO_sim_z2.0662_MgIIGreen_3.1892m57.5059.fits
QSO_sim_z2.0662_MgIIGreen_3.1892m57.5059.fits
QSO_sim_z1.7_MgIIGreen_170.9956m31.8027.fits
QSO_sim_z1.7_MgIIGreen_170.9956m31.8027.fits
QSO_sim_z1.6086_MgIIGreen_153.6599m10.2236.fits
QSO_sim_z1.6086_MgIIGreen_153.6599m10.2236.fits
QSO_sim_z1.462_MgIIGreen_140.3164m4.6833.fits
QSO_sim_z1.462_MgIIGreen_140.3164m4.6833.fits
QSO_sim_z1.5987_MgIIGreen_160.4694m35.0521.fits
QSO_sim_z1.5987_MgIIGreen_160.4694m35.0521.fits
QSO_sim_z2.45_MgIIGreen_153.8664m18.4385.fits
QSO_sim_z2.45_MgIIGreen_153.8664m18.4385.fits
QSO_sim_z1.8577_MgIIGreen_227.2144p0.7116.fits
QSO_sim_z1.8577_MgIIGreen_227.2144p0.7116.fits
QSO_sim_z1.15_MgIIBlueDeep_200.9185m2.6163.fits
QSO_sim_z1.15_MgIIBlueDeep_200.9185m2.6163.fits
QSO_sim_z1.1_MgIIGreen_171.0749m33.2193.fits
QSO_sim_z1.1_MgIIGreen_171.0749m33.2193.fits
QSO_sim_z1.6_MgIIGreen_236.3739m20.7856.fits
QSO_sim_z1.6_MgIIGreen_236.3739m20.7856.fits
QSO_sim_z1.1_MgIIGreen_332.5064m51.6242.fits
QSO_sim_z1.1_MgIIGreen_332.5064m51.6242.fits
QSO_sim_z2.3864_MgIIGreen_14.5794m9.1605.fits
QSO_sim_z2.3864_MgIIGreen_14.5794m9.1605.fits
QSO_sim_z2.507_MgIIGreen_129.1362m4.3281.fits
QSO_sim_z2.507_MgIIGreen_129.1362m4.3281.fits
QSO_sim_z1.46_MgIIGreen_43.2005m2.2979.fits
QSO_sim_z1.46_MgIIGreen_43.2005m2.2979.fits
QSO_sim_z2.5_MgIIGreen_171.4377m30.6048.fits
QSO_sim_z2.5_MgIIGreen_171.4377m30.6048.fits
QSO_sim_z1.6_MgIIGreen_333.1616m52.8029.fits
QSO_sim_z1.6_MgIIGreen_333.1616m52.8029.fits
QSO_sim_z3.3185_MgIIBlueDeep_216.8559m1.5207.fits
QSO_sim_z3.3185_MgIIBlueDeep_216.8559m1.5207.fits
QSO_sim_z1.4473_MgIIGreen_228.2049p0.9052.fits
QSO_sim_z1.4473_MgIIGreen_228.2049p0.9052.fits
QSO_sim_z1.2567_MgIIGreen_302.1344m5.575.fits
QSO_sim_z1.2567_MgIIGreen_302.1344m5.575.fits
QSO_sim_z1.5_MgIIGreen_342.6091m13.2255.fits
QSO_sim_z1.5_MgIIGreen_342.6091m13.2255.fits
QSO_sim_z1.1752_MgIIGreen_15.4992m9.2376.fits
QSO_sim_z1.1752_MgIIGreen_15.4992m9.2376.fits
QSO_sim_z1.5_MgIIGreen_309.0603m8.3591.fits
QSO_sim_z1.5_MgIIGreen_309.0603m8.3591.fits
QSO_sim_z1.2_MgIIGreen_342.1534m12.6207.fits
QSO_sim_z1.2_MgIIGreen_342.1534m12.6207.fits
QSO_sim_z1.8_MgIIGreen_154.912m19.5264.fits
QSO_sim_z1.8_MgIIGreen_154.912m19.5264.fits
QSO_sim_z2.0796_MgIIGreen_152.8206m9.3672.fits
QSO_sim_z2.0796_MgIIGreen_152.8206m9.3672.fits
QSO_sim_z1.5513_MgIIGreen_317.7013m1.7242.fits
QSO_sim_z1.5513_MgIIGreen_317.7013m1.7242.fits
QSO_sim_z1.8989_MgIIGreen_7.6131m12.635.fits
QSO_sim_z1.8989_MgIIGreen_7.6131m12.635.fits
QSO_sim_z2.2225_MgIIGreen_351.6048m1.3824.fits
QSO_sim_z2.2225_MgIIGreen_351.6048m1.3824.fits
QSO_sim_z1.5452_MgIIGreen_46.3973m53.6405.fits
QSO_sim_z1.5452_MgIIGreen_46.3973m53.6405.fits
QSO_sim_z1.05_MgIIGreen_334.1133m59.5598.fits
QSO_sim_z1.05_MgIIGreen_334.1133m59.5598.fits
QSO_sim_z2.3183_MgIIGreen_40.8049m25.3522.fits
QSO_sim_z2.3183_MgIIGreen_40.8049m25.3522.fits
QSO_sim_z1.3_MgIIGreen_237.2613m24.4929.fits
QSO_sim_z1.3_MgIIGreen_237.2613m24.4929.fits
QSO_sim_z1.6675_MgIIGreen_141.0233m0.0523.fits
QSO_sim_z1.6675_MgIIGreen_141.0233m0.0523.fits
QSO_sim_z1.0_MgIIBlueDeep_200.7848m0.3068.fits
QSO_sim_z1.0_MgIIBlueDeep_200.7848m0.3068.fits
QSO_sim_z1.3744_MgIIGreen_318.1321m3.6126.fits
QSO_sim_z1.3744_MgIIGreen_318.1321m3.6126.fits
QSO_sim_z2.55_MgIIGreen_288.5012m56.4834.fits
QSO_sim_z2.55_MgIIGreen_288.5012m56.4834.fits
QSO_sim_z1.5994_MgIIGreen_40.679m24.557.fits
QSO_sim_z1.5994_MgIIGreen_40.679m24.557.fits
QSO_sim_z1.2358_MgIIGreen_3.5751m48.1684.fits
QSO_sim_z1.2358_MgIIGreen_3.5751m48.1684.fits
QSO_sim_z1.0638_MgIIGreen_76.0434m2.0583.fits
QSO_sim_z1.0638_MgIIGreen_76.0434m2.0583.fits
QSO_sim_z2.3_MgIIGreen_306.9375m7.9884.fits
QSO_sim_z2.3_MgIIGreen_306.9375m7.9884.fits
QSO_sim_z1.2079_MgIIGreen_13.0003m14.1044.fits
QSO_sim_z1.2079_MgIIGreen_13.0003m14.1044.fits
QSO_sim_z1.9072_MgIIBlueDeep_216.6979m2.4689.fits
QSO_sim_z1.9072_MgIIBlueDeep_216.6979m2.4689.fits
QSO_sim_z2.0922_MgIIGreen_302.91m2.704.fits
QSO_sim_z2.0922_MgIIGreen_302.91m2.704.fits
QSO_sim_z1.4617_MgIIGreen_71.0092m37.3088.fits
QSO_sim_z1.4617_MgIIGreen_71.0092m37.3088.fits
QSO_sim_z1.7361_MgIIGreen_0.2044m49.1608.fits
QSO_sim_z1.7361_MgIIGreen_0.2044m49.1608.fits
QSO_sim_z1.4_MgIIGreen_357.123p0.2239.fits
QSO_sim_z1.4_MgIIGreen_357.123p0.2239.fits
QSO_sim_z2.0339_MgIIGreen_41.3279m23.5859.fits
QSO_sim_z2.0339_MgIIGreen_41.3279m23.5859.fits
QSO_sim_z1.5085_MgIIGreen_344.6231m10.8489.fits
QSO_sim_z1.75_MgIIGreen_212.0717m12.6314.fits
QSO_sim_z1.5085_MgIIGreen_344.6231m10.8489.fits
QSO_sim_z1.75_MgIIGreen_212.0717m12.6314.fits
QSO_sim_z2.1247_MgIIGreen_208.7278m6.272.fits
QSO_sim_z2.1247_MgIIGreen_208.7278m6.272.fits
QSO_sim_z1.75_MgIIGreen_173.1277m32.9442.fits
QSO_sim_z1.75_MgIIGreen_173.1277m32.9442.fits
QSO_sim_z1.5886_MgIIGreen_303.8842m1.7423.fits
QSO_sim_z1.5886_MgIIGreen_303.8842m1.7423.fits
QSO_sim_z1.9_MgIIGreen_202.4559m11.031.fits
QSO_sim_z1.9_MgIIGreen_202.4559m11.031.fits
QSO_sim_z1.8_MgIIGreen_203.1789m16.5214.fits
QSO_sim_z1.8_MgIIGreen_203.1789m16.5214.fits
QSO_sim_z2.5745_MgIIGreen_14.1158m8.6029.fits
QSO_sim_z2.5745_MgIIGreen_14.1158m8.6029.fits
QSO_sim_z1.9_MgIIGreen_238.5261m27.0488.fits
QSO_sim_z1.9_MgIIGreen_238.5261m27.0488.fits
QSO_sim_z1.1664_MgIIGreen_53.7681m51.7509.fits
QSO_sim_z1.1664_MgIIGreen_53.7681m51.7509.fits
QSO_sim_z1.4_MgIIGreen_212.4588m11.684.fits
QSO_sim_z1.4_MgIIGreen_212.4588m11.684.fits
QSO_sim_z1.5423_MgIIGreen_104.8184m38.3475.fits
QSO_sim_z1.5423_MgIIGreen_104.8184m38.3475.fits
QSO_sim_z1.8876_MgIIGreen_140.9715m4.41.fits
QSO_sim_z1.8876_MgIIGreen_140.9715m4.41.fits
QSO_sim_z1.35_MgIIGreen_203.968m17.6905.fits
QSO_sim_z1.35_MgIIGreen_203.968m17.6905.fits
QSO_sim_z1.75_MgIIGreen_332.5113m57.2047.fits
QSO_sim_z1.75_MgIIGreen_332.5113m57.2047.fits
QSO_sim_z2.25_MgIIGreen_222.0693m19.3219.fits
QSO_sim_z2.25_MgIIGreen_222.0693m19.3219.fits
QSO_sim_z1.0832_MgIIGreen_69.5071m36.9778.fits
QSO_sim_z1.0832_MgIIGreen_69.5071m36.9778.fits
QSO_sim_z1.2752_MgIIGreen_31.008m18.4476.fits
QSO_sim_z1.2752_MgIIGreen_31.008m18.4476.fits
QSO_sim_z2.5351_MgIIGreen_319.4566m4.7761.fits
QSO_sim_z2.5351_MgIIGreen_319.4566m4.7761.fits
QSO_sim_z1.9965_MgIIGreen_148.8242m12.3945.fits
QSO_sim_z1.9965_MgIIGreen_148.8242m12.3945.fits
QSO_sim_z1.0552_MgIIGreen_156.7948m33.2533.fits
QSO_sim_z1.0552_MgIIGreen_156.7948m33.2533.fits
QSO_sim_z1.518_MgIIGreen_128.1278m3.1702.fits
QSO_sim_z1.518_MgIIGreen_128.1278m3.1702.fits
QSO_sim_z1.1511_MgIIGreen_141.8622m0.4824.fits
QSO_sim_z1.1511_MgIIGreen_141.8622m0.4824.fits
QSO_sim_z1.8482_MgIIGreen_53.2428m50.1146.fits
QSO_sim_z1.8482_MgIIGreen_53.2428m50.1146.fits
QSO_sim_z1.3177_MgIIGreen_76.4715m0.3261.fits
QSO_sim_z1.3177_MgIIGreen_76.4715m0.3261.fits
QSO_sim_z1.9685_MgIIGreen_308.9119m3.7789.fits
QSO_sim_z1.9685_MgIIGreen_308.9119m3.7789.fits
QSO_sim_z2.5747_MgIIGreen_133.9959m79.1103.fits
QSO_sim_z2.5747_MgIIGreen_133.9959m79.1103.fits
QSO_sim_z1.4658_MgIIGreen_128.4223m2.8796.fits
QSO_sim_z1.4658_MgIIGreen_128.4223m2.8796.fits
QSO_sim_z1.2791_MgIIGreen_91.4573m45.9347.fits
QSO_sim_z1.2791_MgIIGreen_91.4573m45.9347.fits
QSO_sim_z1.69_MgIIGreen_127.6957m2.9496.fits
QSO_sim_z1.69_MgIIGreen_127.6957m2.9496.fits
QSO_sim_z1.1348_MgIIGreen_76.6614p0.0923.fits
QSO_sim_z1.1348_MgIIGreen_76.6614p0.0923.fits
QSO_sim_z1.1754_MgIIGreen_230.1138m1.5173.fits
QSO_sim_z1.1754_MgIIGreen_230.1138m1.5173.fits
QSO_sim_z1.7923_MgIIGreen_1.18m56.0835.fits
QSO_sim_z1.7923_MgIIGreen_1.18m56.0835.fits
QSO_sim_z1.2477_MgIIGreen_171.2796m17.0394.fits
QSO_sim_z1.2477_MgIIGreen_171.2796m17.0394.fits
QSO_sim_z1.35_MgIIGreen_344.1005m13.6702.fits
QSO_sim_z1.35_MgIIGreen_344.1005m13.6702.fits
QSO_sim_z2.25_MgIIGreen_238.9458m25.5491.fits
QSO_sim_z2.25_MgIIGreen_238.9458m25.5491.fits
QSO_sim_z1.184_MgIIGreen_190.4115m22.8521.fits
QSO_sim_z1.184_MgIIGreen_190.4115m22.8521.fits
QSO_sim_z1.9936_MgIIGreen_308.3699m7.3896.fits
QSO_sim_z1.9936_MgIIGreen_308.3699m7.3896.fits
QSO_sim_z2.05_MgIIGreen_333.7318m59.0898.fits
QSO_sim_z2.05_MgIIGreen_333.7318m59.0898.fits
QSO_sim_z2.175_MgIIGreen_6.7219m53.8913.fits
QSO_sim_z2.175_MgIIGreen_6.7219m53.8913.fits
QSO_sim_z1.1053_MgIIGreen_8.5774m46.7093.fits
QSO_sim_z1.1053_MgIIGreen_8.5774m46.7093.fits
QSO_sim_z2.3372_MgIIGreen_352.1288m7.0086.fits
QSO_sim_z2.3372_MgIIGreen_352.1288m7.0086.fits
QSO_sim_z1.8181_MgIIGreen_144.5377m15.3562.fits
QSO_sim_z1.8181_MgIIGreen_144.5377m15.3562.fits
QSO_sim_z2.0474_MgIIGreen_17.1058m8.5106.fits
QSO_sim_z2.0474_MgIIGreen_17.1058m8.5106.fits
QSO_sim_z1.7695_MgIIBlueDeep_198.5787p1.1162.fits
QSO_sim_z1.7695_MgIIBlueDeep_198.5787p1.1162.fits
QSO_sim_z1.9906_MgIIGreen_142.4488m1.9926.fits
QSO_sim_z1.9906_MgIIGreen_142.4488m1.9926.fits
QSO_sim_z1.2158_MgIIGreen_43.1713m68.1228.fits
QSO_sim_z1.2158_MgIIGreen_43.1713m68.1228.fits
QSO_sim_z2.2985_MgIIGreen_319.3654m0.8191.fits
QSO_sim_z2.2985_MgIIGreen_319.3654m0.8191.fits
QSO_sim_z1.85_MgIIGreen_214.8528m17.5648.fits
QSO_sim_z1.85_MgIIGreen_214.8528m17.5648.fits
QSO_sim_z1.4589_MgIIGreen_73.8126m45.3212.fits
QSO_sim_z1.4589_MgIIGreen_73.8126m45.3212.fits
QSO_sim_z2.2_MgIIGreen_343.5341m16.9239.fits
QSO_sim_z2.2_MgIIGreen_343.5341m16.9239.fits
QSO_sim_z1.7132_MgIIGreen_162.9985m34.0011.fits
QSO_sim_z1.7132_MgIIGreen_162.9985m34.0011.fits
QSO_sim_z1.65_MgIIGreen_154.5147m21.2816.fits
QSO_sim_z1.65_MgIIGreen_154.5147m21.2816.fits
QSO_sim_z1.85_MgIIGreen_321.1694m63.5523.fits
QSO_sim_z1.85_MgIIGreen_321.1694m63.5523.fits
QSO_sim_z1.3413_MgIIGreen_142.0721m3.222.fits
QSO_sim_z1.3413_MgIIGreen_142.0721m3.222.fits
QSO_sim_z1.7984_MgIIGreen_94.3768m43.6905.fits
QSO_sim_z1.7984_MgIIGreen_94.3768m43.6905.fits
QSO_sim_z1.848_MgIIGreen_37.163m58.1745.fits
QSO_sim_z1.848_MgIIGreen_37.163m58.1745.fits
QSO_sim_z1.1708_MgIIGreen_309.7358m1.6378.fits
QSO_sim_z1.1708_MgIIGreen_309.7358m1.6378.fits
QSO_sim_z1.55_MgIIGreen_236.7307m28.2489.fits
QSO_sim_z1.55_MgIIGreen_236.7307m28.2489.fits
QSO_sim_z1.633_MgIIGreen_38.3885m17.9301.fits
QSO_sim_z1.633_MgIIGreen_38.3885m17.9301.fits
QSO_sim_z1.6165_MgIIGreen_353.8569p0.5367.fits
QSO_sim_z1.6165_MgIIGreen_353.8569p0.5367.fits
QSO_sim_z1.6_MgIIGreen_210.8293m16.9167.fits
QSO_sim_z1.6_MgIIGreen_210.8293m16.9167.fits
QSO_sim_z1.235_MgIIGreen_68.739m34.9704.fits
QSO_sim_z1.235_MgIIGreen_68.739m34.9704.fits
QSO_sim_z1.1039_MgIIGreen_10.4177m14.9956.fits
QSO_sim_z1.1039_MgIIGreen_10.4177m14.9956.fits
QSO_sim_z2.0323_MgIIGreen_353.6023m5.3045.fits
QSO_sim_z2.0323_MgIIGreen_353.6023m5.3045.fits
QSO_sim_z1.3419_MgIIGreen_39.3688m18.0444.fits
QSO_sim_z1.3419_MgIIGreen_39.3688m18.0444.fits
QSO_sim_z2.1_MgIIGreen_340.5952m44.0548.fits
QSO_sim_z2.1_MgIIGreen_340.5952m44.0548.fits
QSO_sim_z1.2841_MgIIGreen_82.027m75.7651.fits
QSO_sim_z1.2841_MgIIGreen_82.027m75.7651.fits
QSO_sim_z1.2194_MgIIGreen_3.9414m53.0503.fits
QSO_sim_z1.2194_MgIIGreen_3.9414m53.0503.fits
QSO_sim_z1.5653_MgIIGreen_139.6488m77.041.fits
QSO_sim_z1.5653_MgIIGreen_139.6488m77.041.fits
QSO_sim_z1.8801_MgIIGreen_167.0951m15.9799.fits
QSO_sim_z1.8801_MgIIGreen_167.0951m15.9799.fits
QSO_sim_z1.6019_MgIIGreen_142.4116m15.2323.fits
QSO_sim_z1.6019_MgIIGreen_142.4116m15.2323.fits
QSO_sim_z2.0891_MgIIGreen_225.9718p0.9772.fits
QSO_sim_z2.0891_MgIIGreen_225.9718p0.9772.fits
QSO_sim_z2.119_MgIIGreen_87.8236m75.6523.fits
QSO_sim_z2.119_MgIIGreen_87.8236m75.6523.fits
QSO_sim_z1.1586_MgIIGreen_144.5883m77.071.fits
QSO_sim_z1.1586_MgIIGreen_144.5883m77.071.fits
QSO_sim_z2.3928_MgIIGreen_40.8444m17.8579.fits
QSO_sim_z2.3928_MgIIGreen_40.8444m17.8579.fits
QSO_sim_z2.1_MgIIGreen_332.931m62.524.fits
QSO_sim_z2.1_MgIIGreen_332.931m62.524.fits
QSO_sim_z1.9305_MgIIGreen_70.1154m1.9068.fits
QSO_sim_z1.9305_MgIIGreen_70.1154m1.9068.fits
QSO_sim_z1.3452_MgIIGreen_75.488m75.9573.fits
QSO_sim_z1.3452_MgIIGreen_75.488m75.9573.fits
QSO_sim_z1.5_MgIIGreen_307.9876m33.2489.fits
QSO_sim_z1.5_MgIIGreen_307.9876m33.2489.fits
QSO_sim_z1.064_MgIIGreen_143.0638m0.4864.fits
QSO_sim_z1.064_MgIIGreen_143.0638m0.4864.fits
QSO_sim_z2.0041_MgIIGreen_231.0741m1.4849.fits
QSO_sim_z2.0041_MgIIGreen_231.0741m1.4849.fits
QSO_sim_z1.56_MgIIGreen_223.4193p4.3557.fits
QSO_sim_z1.56_MgIIGreen_223.4193p4.3557.fits
QSO_sim_z1.145_MgIIGreen_161.7789m32.1614.fits
QSO_sim_z1.145_MgIIGreen_161.7789m32.1614.fits
QSO_sim_z1.1395_MgIIGreen_147.2239m75.115.fits
QSO_sim_z1.1395_MgIIGreen_147.2239m75.115.fits
QSO_sim_z1.1_MgIIGreen_203.8522m22.3574.fits
QSO_sim_z1.1_MgIIGreen_203.8522m22.3574.fits
QSO_sim_z1.2733_MgIIGreen_197.4275m11.0347.fits
QSO_sim_z1.2733_MgIIGreen_197.4275m11.0347.fits
QSO_sim_z1.45_MgIIGreen_324.346m69.7344.fits
QSO_sim_z1.45_MgIIGreen_324.346m69.7344.fits
QSO_sim_z1.173_MgIIGreen_56.5773m27.831.fits
QSO_sim_z1.173_MgIIGreen_56.5773m27.831.fits
QSO_sim_z2.3_MgIIGreen_316.3796m8.3678.fits
QSO_sim_z2.3_MgIIGreen_316.3796m8.3678.fits
QSO_sim_z1.7346_MgIIGreen_150.0046m8.0674.fits
QSO_sim_z1.7346_MgIIGreen_150.0046m8.0674.fits
QSO_sim_z1.8095_MgIIGreen_353.1702m8.8026.fits
QSO_sim_z1.8095_MgIIGreen_353.1702m8.8026.fits
QSO_sim_z1.9_MgIIGreen_211.2494m18.1867.fits
QSO_sim_z1.9_MgIIGreen_211.2494m18.1867.fits
QSO_sim_z2.4798_MgIIGreen_70.6201m33.1599.fits
QSO_sim_z2.4798_MgIIGreen_70.6201m33.1599.fits
QSO_sim_z2.1526_MgIIGreen_64.9854m38.0366.fits
QSO_sim_z2.1526_MgIIGreen_64.9854m38.0366.fits
QSO_sim_z1.15_MgIIGreen_143.6482m2.5082.fits
QSO_sim_z1.15_MgIIGreen_143.6482m2.5082.fits
QSO_sim_z1.75_MgIIGreen_150.9514m27.0242.fits
QSO_sim_z1.75_MgIIGreen_150.9514m27.0242.fits
QSO_sim_z1.25_MgIIGreen_237.8687m25.9942.fits
QSO_sim_z1.25_MgIIGreen_237.8687m25.9942.fits
QSO_sim_z1.7582_MgIIGreen_143.0325m4.5521.fits
QSO_sim_z1.7582_MgIIGreen_143.0325m4.5521.fits
QSO_sim_z1.052_MgIIGreen_232.9372m0.5421.fits
QSO_sim_z1.052_MgIIGreen_232.9372m0.5421.fits
QSO_sim_z1.0886_MgIIGreen_15.4541m7.2758.fits
QSO_sim_z1.0886_MgIIGreen_15.4541m7.2758.fits
QSO_sim_z1.505_MgIIGreen_79.8379m27.8549.fits
QSO_sim_z1.505_MgIIGreen_79.8379m27.8549.fits
QSO_sim_z2.4412_MgIIGreen_12.4735p2.0454.fits
QSO_sim_z2.4412_MgIIGreen_12.4735p2.0454.fits
QSO_sim_z1.1491_MgIIGreen_132.8536m77.4455.fits
QSO_sim_z1.1491_MgIIGreen_132.8536m77.4455.fits
QSO_sim_z1.4313_MgIIGreen_14.1631m45.9793.fits
QSO_sim_z1.4313_MgIIGreen_14.1631m45.9793.fits
QSO_sim_z1.8773_MgIIGreen_38.4246m55.4556.fits
QSO_sim_z1.8773_MgIIGreen_38.4246m55.4556.fits
QSO_sim_z1.6235_MgIIGreen_199.4384m11.2036.fits
QSO_sim_z1.6235_MgIIGreen_199.4384m11.2036.fits
QSO_sim_z2.16_MgIIGreen_67.733m74.3738.fits
QSO_sim_z2.16_MgIIGreen_67.733m74.3738.fits
QSO_sim_z2.5011_MgIIGreen_220.5169p4.434.fits
QSO_sim_z2.5011_MgIIGreen_220.5169p4.434.fits
QSO_sim_z2.1411_MgIIGreen_200.281m11.0869.fits
QSO_sim_z2.1411_MgIIGreen_200.281m11.0869.fits
QSO_sim_z2.4_MgIIGreen_237.8343m25.7384.fits
QSO_sim_z2.4_MgIIGreen_237.8343m25.7384.fits
QSO_sim_z1.6597_MgIIGreen_11.4386p2.4248.fits
QSO_sim_z1.6597_MgIIGreen_11.4386p2.4248.fits
QSO_sim_z1.55_MgIIGreen_151.7534m27.2728.fits
QSO_sim_z1.55_MgIIGreen_151.7534m27.2728.fits
QSO_sim_z2.3836_MgIIGreen_322.4167p0.556.fits
QSO_sim_z2.3836_MgIIGreen_322.4167p0.556.fits
QSO_sim_z2.2_MgIIGreen_332.204m69.4589.fits
QSO_sim_z2.2_MgIIGreen_332.204m69.4589.fits
QSO_sim_z1.477_MgIIGreen_217.4448m17.0825.fits
QSO_sim_z1.477_MgIIGreen_217.4448m17.0825.fits
QSO_sim_z1.1981_MgIIGreen_226.0087m72.5121.fits
QSO_sim_z1.1981_MgIIGreen_226.0087m72.5121.fits
QSO_sim_z2.2828_MgIIGreen_55.7339m27.1169.fits
QSO_sim_z2.2828_MgIIGreen_55.7339m27.1169.fits
QSO_sim_z1.5303_MgIIGreen_38.6288m16.303.fits
QSO_sim_z1.5303_MgIIGreen_38.6288m16.303.fits
QSO_sim_z1.8_MgIIGreen_309.4579m44.7569.fits
QSO_sim_z1.8_MgIIGreen_309.4579m44.7569.fits
QSO_sim_z1.4665_MgIIGreen_76.5702m27.3362.fits
QSO_sim_z1.4665_MgIIGreen_76.5702m27.3362.fits
QSO_sim_z2.25_MgIIGreen_212.3506m17.1748.fits
QSO_sim_z2.25_MgIIGreen_212.3506m17.1748.fits
QSO_sim_z2.1_MgIIGreen_332.572m66.7331.fits
QSO_sim_z2.1_MgIIGreen_332.572m66.7331.fits
QSO_sim_z2.1976_MgIIGreen_317.2913m6.1835.fits
QSO_sim_z2.1976_MgIIGreen_317.2913m6.1835.fits
QSO_sim_z2.0997_MgIIGreen_66.9143m35.1974.fits
QSO_sim_z2.0997_MgIIGreen_66.9143m35.1974.fits
QSO_sim_z1.75_MgIIGreen_152.5273m29.2516.fits
QSO_sim_z1.75_MgIIGreen_152.5273m29.2516.fits
QSO_sim_z2.0654_MgIIGreen_152.5118m7.7434.fits
QSO_sim_z2.0654_MgIIGreen_152.5118m7.7434.fits
QSO_sim_z1.9323_MgIIGreen_200.2434m20.2777.fits
QSO_sim_z1.9323_MgIIGreen_200.2434m20.2777.fits
QSO_sim_z1.8236_MgIIGreen_16.3085m44.3286.fits
QSO_sim_z1.8236_MgIIGreen_16.3085m44.3286.fits
QSO_sim_z1.5526_MgIIGreen_17.3896m5.6108.fits
QSO_sim_z1.5526_MgIIGreen_17.3896m5.6108.fits
QSO_sim_z1.1648_MgIIGreen_16.7802m43.8946.fits
QSO_sim_z1.1648_MgIIGreen_16.7802m43.8946.fits
QSO_sim_z2.15_MgIIGreen_305.2238m43.0361.fits
QSO_sim_z2.15_MgIIGreen_305.2238m43.0361.fits
QSO_sim_z1.8_MgIIGreen_152.3091m26.0307.fits
QSO_sim_z1.8_MgIIGreen_152.3091m26.0307.fits
QSO_sim_z1.7868_MgIIGreen_199.359m20.5273.fits
QSO_sim_z1.7868_MgIIGreen_199.359m20.5273.fits
QSO_sim_z1.852_MgIIGreen_69.177m0.9194.fits
QSO_sim_z1.852_MgIIGreen_69.177m0.9194.fits
QSO_sim_z2.05_MgIIGreen_200.2679m22.3446.fits
QSO_sim_z2.05_MgIIGreen_200.2679m22.3446.fits
QSO_sim_z1.5_MgIIGreen_317.3036m5.0637.fits
QSO_sim_z1.5_MgIIGreen_317.3036m5.0637.fits
QSO_sim_z1.5_MgIIGreen_212.5956m15.8479.fits
QSO_sim_z1.5_MgIIGreen_212.5956m15.8479.fits
QSO_sim_z1.5785_MgIIGreen_139.3647m75.6182.fits
QSO_sim_z1.5785_MgIIGreen_139.3647m75.6182.fits
QSO_sim_z1.06_MgIIGreen_140.547m75.5058.fits
QSO_sim_z1.06_MgIIGreen_140.547m75.5058.fits
QSO_sim_z2.2234_MgIIGreen_137.1899m75.6852.fits
QSO_sim_z2.2234_MgIIGreen_137.1899m75.6852.fits
QSO_sim_z1.6_MgIIGreen_233.2707m4.7898.fits
QSO_sim_z1.6_MgIIGreen_233.2707m4.7898.fits
QSO_sim_z1.7802_MgIIGreen_8.146m9.6721.fits
QSO_sim_z1.7802_MgIIGreen_8.146m9.6721.fits
QSO_sim_z2.49_MgIIGreen_8.2408m9.494.fits
QSO_sim_z2.49_MgIIGreen_8.2408m9.494.fits
QSO_sim_z1.3_MgIIGreen_286.8007m62.2554.fits
QSO_sim_z1.3_MgIIGreen_286.8007m62.2554.fits
QSO_sim_z1.2106_MgIIGreen_317.3477m7.5163.fits
QSO_sim_z1.2106_MgIIGreen_317.3477m7.5163.fits
QSO_sim_z1.7723_MgIIBlueDeep_216.6412m1.4648.fits
QSO_sim_z1.7723_MgIIBlueDeep_216.6412m1.4648.fits
QSO_sim_z1.05_MgIIGreen_201.3435m20.8182.fits
QSO_sim_z1.05_MgIIGreen_201.3435m20.8182.fits
QSO_sim_z2.1497_MgIIGreen_8.8818m13.1697.fits
QSO_sim_z2.1497_MgIIGreen_8.8818m13.1697.fits
QSO_sim_z1.7804_MgIIGreen_10.561p2.9616.fits
QSO_sim_z1.7804_MgIIGreen_10.561p2.9616.fits
QSO_sim_z1.9055_MgIIGreen_359.3469m40.645.fits
QSO_sim_z1.9055_MgIIGreen_359.3469m40.645.fits
QSO_sim_z1.6_MgIIGreen_317.9122m7.0193.fits
QSO_sim_z1.6_MgIIGreen_317.9122m7.0193.fits
QSO_sim_z1.3075_MgIIGreen_9.1636m12.8841.fits
QSO_sim_z1.3075_MgIIGreen_9.1636m12.8841.fits
QSO_sim_z1.3722_MgIIGreen_152.1732m7.0192.fits
QSO_sim_z1.3722_MgIIGreen_152.1732m7.0192.fits
QSO_sim_z1.6166_MgIIGreen_74.3003m42.5271.fits
QSO_sim_z1.6166_MgIIGreen_74.3003m42.5271.fits
QSO_sim_z1.45_MgIIGreen_201.1519m20.5361.fits
QSO_sim_z1.45_MgIIGreen_201.1519m20.5361.fits
QSO_sim_z2.005_MgIIGreen_80.9483m26.1084.fits
QSO_sim_z2.005_MgIIGreen_80.9483m26.1084.fits
QSO_sim_z1.5972_MgIIGreen_23.5369m8.3841.fits
QSO_sim_z1.5972_MgIIGreen_23.5369m8.3841.fits
QSO_sim_z2.05_MgIIGreen_202.682m24.5174.fits
QSO_sim_z2.05_MgIIGreen_202.682m24.5174.fits
QSO_sim_z2.1079_MgIIGreen_7.218m13.2693.fits
QSO_sim_z2.1079_MgIIGreen_7.218m13.2693.fits
QSO_sim_z1.5242_MgIIGreen_80.3729m26.0593.fits
QSO_sim_z1.5242_MgIIGreen_80.3729m26.0593.fits
QSO_sim_z1.4116_MgIIGreen_164.8646m29.5712.fits
QSO_sim_z1.4116_MgIIGreen_164.8646m29.5712.fits
QSO_sim_z2.1018_MgIIGreen_140.4638m6.1503.fits
QSO_sim_z2.1018_MgIIGreen_140.4638m6.1503.fits
QSO_sim_z1.8058_MgIIGreen_168.9478m14.5699.fits
QSO_sim_z1.8058_MgIIGreen_168.9478m14.5699.fits
QSO_sim_z2.4078_MgIIGreen_8.7579m9.3049.fits
QSO_sim_z2.4078_MgIIGreen_8.7579m9.3049.fits
QSO_sim_z1.522_MgIIGreen_44.2222m54.474.fits
QSO_sim_z1.522_MgIIGreen_44.2222m54.474.fits
QSO_sim_z1.1141_MgIIGreen_170.2315m14.3416.fits
QSO_sim_z1.1141_MgIIGreen_170.2315m14.3416.fits
QSO_sim_z2.4999_MgIIGreen_330.8934p0.2634.fits
QSO_sim_z2.4999_MgIIGreen_330.8934p0.2634.fits
QSO_sim_z1.5306_MgIIGreen_73.6753p0.6335.fits
QSO_sim_z1.5306_MgIIGreen_73.6753p0.6335.fits
QSO_sim_z1.0784_MgIIGreen_21.2789m8.4607.fits
QSO_sim_z1.0784_MgIIGreen_21.2789m8.4607.fits
QSO_sim_z1.9387_MgIIGreen_83.1832m24.5999.fits
QSO_sim_z1.9387_MgIIGreen_83.1832m24.5999.fits
QSO_sim_z1.7729_MgIIGreen_210.4209m21.9584.fits
QSO_sim_z1.7729_MgIIGreen_210.4209m21.9584.fits
QSO_sim_z1.4111_MgIIGreen_64.7362m33.3815.fits
QSO_sim_z1.4111_MgIIGreen_64.7362m33.3815.fits
QSO_sim_z1.0812_MgIIGreen_76.2633m40.07.fits
QSO_sim_z1.0812_MgIIGreen_76.2633m40.07.fits
QSO_sim_z1.2378_MgIIGreen_147.4184m11.318.fits
QSO_sim_z1.2378_MgIIGreen_147.4184m11.318.fits
QSO_sim_z1.2668_MgIIGreen_198.546m8.7063.fits
QSO_sim_z1.2668_MgIIGreen_198.546m8.7063.fits
QSO_sim_z1.7988_MgIIGreen_140.1204m7.8623.fits
QSO_sim_z1.7988_MgIIGreen_140.1204m7.8623.fits
QSO_sim_z1.1441_MgIIGreen_75.3988m39.8965.fits
QSO_sim_z1.1441_MgIIGreen_75.3988m39.8965.fits
QSO_sim_z1.55_MgIIGreen_140.7651m9.3943.fits
QSO_sim_z1.55_MgIIGreen_140.7651m9.3943.fits
QSO_sim_z1.95_MgIIGreen_332.814p0.2273.fits
QSO_sim_z1.95_MgIIGreen_332.814p0.2273.fits
QSO_sim_z2.261_MgIIGreen_209.3107m21.1517.fits
QSO_sim_z2.261_MgIIGreen_209.3107m21.1517.fits
QSO_sim_z1.8403_MgIIGreen_22.1103m7.6327.fits
QSO_sim_z1.8403_MgIIGreen_22.1103m7.6327.fits
QSO_sim_z1.7835_MgIIGreen_308.342p0.3734.fits
QSO_sim_z1.7835_MgIIGreen_308.342p0.3734.fits
QSO_sim_z1.0997_MgIIGreen_160.8827m32.1349.fits
QSO_sim_z1.0997_MgIIGreen_160.8827m32.1349.fits
QSO_sim_z1.5_MgIIGreen_203.9454m28.2525.fits
QSO_sim_z1.5_MgIIGreen_203.9454m28.2525.fits
QSO_sim_z2.4459_MgIIGreen_76.1204m39.6439.fits
QSO_sim_z2.4459_MgIIGreen_76.1204m39.6439.fits
QSO_sim_z1.9816_MgIIGreen_199.5661m8.8697.fits
QSO_sim_z1.9816_MgIIGreen_199.5661m8.8697.fits
QSO_sim_z1.2_MgIIGreen_343.2206m47.2281.fits
QSO_sim_z1.2_MgIIGreen_343.2206m47.2281.fits
QSO_sim_z1.3474_MgIIGreen_16.4195m51.5968.fits
QSO_sim_z1.3474_MgIIGreen_16.4195m51.5968.fits
QSO_sim_z1.6865_MgIIGreen_141.053m7.0107.fits
QSO_sim_z1.6865_MgIIGreen_141.053m7.0107.fits
QSO_sim_z1.5864_MgIIGreen_308.2775p0.9169.fits
QSO_sim_z1.5864_MgIIGreen_308.2775p0.9169.fits
QSO_sim_z1.9692_MgIIGreen_307.7162p0.8281.fits
QSO_sim_z1.9692_MgIIGreen_307.7162p0.8281.fits
QSO_sim_z2.5701_MgIIGreen_56.6208m8.5937.fits
QSO_sim_z2.5701_MgIIGreen_56.6208m8.5937.fits
QSO_sim_z1.8085_MgIIGreen_326.4533m1.2135.fits
QSO_sim_z1.8085_MgIIGreen_326.4533m1.2135.fits
QSO_sim_z1.372_MgIIGreen_150.6952m5.9171.fits
QSO_sim_z1.372_MgIIGreen_150.6952m5.9171.fits
QSO_sim_z1.3411_MgIIGreen_29.1156m22.8213.fits
QSO_sim_z1.3411_MgIIGreen_29.1156m22.8213.fits
QSO_sim_z1.328_MgIIGreen_166.866m15.7969.fits
QSO_sim_z1.328_MgIIGreen_166.866m15.7969.fits
QSO_sim_z2.2119_MgIIGreen_199.8798m8.2995.fits
QSO_sim_z2.2119_MgIIGreen_199.8798m8.2995.fits
QSO_sim_z1.5184_MgIIGreen_359.8178m36.8092.fits
QSO_sim_z1.5184_MgIIGreen_359.8178m36.8092.fits
QSO_sim_z1.5974_MgIIGreen_351.0892m7.1664.fits
QSO_sim_z1.5974_MgIIGreen_351.0892m7.1664.fits
QSO_sim_z2.3291_MgIIGreen_52.7438m26.3745.fits
QSO_sim_z2.3291_MgIIGreen_52.7438m26.3745.fits
QSO_sim_z1.6255_MgIIGreen_188.4068m44.246.fits
QSO_sim_z1.6255_MgIIGreen_188.4068m44.246.fits
QSO_sim_z1.1454_MgIIGreen_144.4883m71.8378.fits
QSO_sim_z1.1454_MgIIGreen_144.4883m71.8378.fits
QSO_sim_z1.5412_MgIIGreen_16.1234m50.2226.fits
QSO_sim_z1.5412_MgIIGreen_16.1234m50.2226.fits
QSO_sim_z2.1883_MgIIGreen_199.2309m17.9275.fits
QSO_sim_z2.1883_MgIIGreen_199.2309m17.9275.fits
QSO_sim_z1.8331_MgIIGreen_158.22m8.1708.fits
QSO_sim_z1.8331_MgIIGreen_158.22m8.1708.fits
QSO_sim_z2.5231_MgIIGreen_208.6245m21.1216.fits
QSO_sim_z2.5231_MgIIGreen_208.6245m21.1216.fits
QSO_sim_z1.0542_MgIIGreen_15.8273p4.2435.fits
QSO_sim_z1.0542_MgIIGreen_15.8273p4.2435.fits
QSO_sim_z1.61_MgIIGreen_82.429m23.6539.fits
QSO_sim_z1.61_MgIIGreen_82.429m23.6539.fits
QSO_sim_z2.5528_MgIIGreen_24.662m6.9604.fits
QSO_sim_z2.5528_MgIIGreen_24.662m6.9604.fits
QSO_sim_z2.1892_MgIIGreen_351.3787m5.6192.fits
QSO_sim_z2.1892_MgIIGreen_351.3787m5.6192.fits
QSO_sim_z1.7_MgIIGreen_309.3756m47.7765.fits
QSO_sim_z1.7_MgIIGreen_309.3756m47.7765.fits
QSO_sim_z1.3171_MgIIGreen_327.7016m0.6444.fits
QSO_sim_z1.3171_MgIIGreen_327.7016m0.6444.fits
QSO_sim_z1.68_MgIIGreen_17.4213m50.3132.fits
QSO_sim_z1.68_MgIIGreen_17.4213m50.3132.fits
QSO_sim_z2.3767_MgIIGreen_337.0905m62.1732.fits
QSO_sim_z2.3767_MgIIGreen_337.0905m62.1732.fits
QSO_sim_z1.9155_MgIIGreen_318.299m7.1485.fits
QSO_sim_z1.9155_MgIIGreen_318.299m7.1485.fits
QSO_sim_z1.2_MgIIGreen_231.6236m9.0375.fits
QSO_sim_z1.2_MgIIGreen_231.6236m9.0375.fits
QSO_sim_z2.0656_MgIIGreen_357.8367m45.3819.fits
QSO_sim_z2.0656_MgIIGreen_357.8367m45.3819.fits
QSO_sim_z1.5585_MgIIGreen_136.7305m72.5835.fits
QSO_sim_z1.5585_MgIIGreen_136.7305m72.5835.fits
QSO_sim_z2.55_MgIIGreen_289.5019m67.0845.fits
QSO_sim_z2.55_MgIIGreen_289.5019m67.0845.fits
QSO_sim_z2.3204_MgIIGreen_12.9284m12.2653.fits
QSO_sim_z2.3204_MgIIGreen_12.9284m12.2653.fits
QSO_sim_z1.7_MgIIGreen_305.0778m49.3766.fits
QSO_sim_z1.7_MgIIGreen_305.0778m49.3766.fits
QSO_sim_z1.3_MgIIGreen_340.5716m50.3329.fits
QSO_sim_z1.3_MgIIGreen_340.5716m50.3329.fits
QSO_sim_z1.4481_MgIIGreen_66.7539m33.47.fits
QSO_sim_z1.4481_MgIIGreen_66.7539m33.47.fits
QSO_sim_z2.3024_MgIIGreen_244.2849m72.3221.fits
QSO_sim_z2.3024_MgIIGreen_244.2849m72.3221.fits
QSO_sim_z2.0625_MgIIGreen_76.5567m25.5132.fits
QSO_sim_z2.0625_MgIIGreen_76.5567m25.5132.fits
QSO_sim_z1.5358_MgIIGreen_145.6839m11.1334.fits
QSO_sim_z1.5358_MgIIGreen_145.6839m11.1334.fits
QSO_sim_z2.2611_MgIIGreen_322.7728m35.4081.fits
QSO_sim_z2.2611_MgIIGreen_322.7728m35.4081.fits
QSO_sim_z1.7863_MgIIGreen_160.0686m28.906.fits
QSO_sim_z1.7863_MgIIGreen_160.0686m28.906.fits
QSO_sim_z1.549_MgIIGreen_15.1815p4.631.fits
QSO_sim_z1.549_MgIIGreen_15.1815p4.631.fits
QSO_sim_z1.5_MgIIGreen_231.3398m7.8228.fits
QSO_sim_z1.5_MgIIGreen_231.3398m7.8228.fits
QSO_sim_z2.1713_MgIIBlueDeep_209.7855p1.4505.fits
QSO_sim_z2.1713_MgIIBlueDeep_209.7855p1.4505.fits
QSO_sim_z1.7_MgIIGreen_231.3631m8.3087.fits
QSO_sim_z1.7_MgIIGreen_231.3631m8.3087.fits
QSO_sim_z1.3246_MgIIGreen_167.057m14.6191.fits
QSO_sim_z1.3246_MgIIGreen_167.057m14.6191.fits
QSO_sim_z1.3998_MgIIGreen_158.8921m6.16.fits
QSO_sim_z1.3998_MgIIGreen_158.8921m6.16.fits
QSO_sim_z1.5489_MgIIGreen_166.2752m14.6767.fits
QSO_sim_z1.5489_MgIIGreen_166.2752m14.6767.fits
QSO_sim_z2.076_MgIIGreen_195.164m10.8157.fits
QSO_sim_z2.076_MgIIGreen_195.164m10.8157.fits
QSO_sim_z1.5288_MgIIGreen_28.4729m16.023.fits
QSO_sim_z1.5288_MgIIGreen_28.4729m16.023.fits
QSO_sim_z1.3351_MgIIGreen_210.8371m20.6196.fits
QSO_sim_z1.3351_MgIIGreen_210.8371m20.6196.fits
QSO_sim_z1.5_MgIIGreen_352.1502m14.6086.fits
QSO_sim_z1.5_MgIIGreen_352.1502m14.6086.fits
QSO_sim_z2.1565_MgIIGreen_352.753m11.5399.fits
QSO_sim_z2.1565_MgIIGreen_352.753m11.5399.fits
QSO_sim_z1.4565_MgIIGreen_127.6609p0.5448.fits
QSO_sim_z1.4565_MgIIGreen_127.6609p0.5448.fits
QSO_sim_z2.09_MgIIGreen_355.5846m44.6954.fits
QSO_sim_z2.09_MgIIGreen_355.5846m44.6954.fits
QSO_sim_z1.4_MgIIGreen_342.9098m51.7284.fits
QSO_sim_z1.4_MgIIGreen_342.9098m51.7284.fits
QSO_sim_z1.5829_MgIIGreen_125.1856m1.0082.fits
QSO_sim_z1.5829_MgIIGreen_125.1856m1.0082.fits
QSO_sim_z1.6689_MgIIGreen_20.137m7.315.fits
QSO_sim_z1.6689_MgIIGreen_20.137m7.315.fits
QSO_sim_z2.3026_MgIIGreen_32.9469m54.5186.fits
QSO_sim_z2.3026_MgIIGreen_32.9469m54.5186.fits
QSO_sim_z1.3477_MgIIGreen_66.3666m31.2142.fits
QSO_sim_z1.3477_MgIIGreen_66.3666m31.2142.fits
QSO_sim_z2.0_MgIIGreen_242.9413m19.0723.fits
QSO_sim_z2.0_MgIIGreen_242.9413m19.0723.fits
QSO_sim_z1.5531_MgIIGreen_54.9449m6.5447.fits
QSO_sim_z1.5531_MgIIGreen_54.9449m6.5447.fits
QSO_sim_z1.1119_MgIIGreen_336.3676m60.4582.fits
QSO_sim_z1.1119_MgIIGreen_336.3676m60.4582.fits
QSO_sim_z2.2637_MgIIGreen_97.5251m37.9816.fits
QSO_sim_z2.2637_MgIIGreen_97.5251m37.9816.fits
QSO_sim_z1.0763_MgIIGreen_193.8664m19.6302.fits
QSO_sim_z1.0763_MgIIGreen_193.8664m19.6302.fits
QSO_sim_z2.5197_MgIIGreen_19.876m40.3452.fits
QSO_sim_z2.5197_MgIIGreen_19.876m40.3452.fits
QSO_sim_z2.25_MgIIBlueDeep_200.9797m1.2937.fits
QSO_sim_z2.25_MgIIBlueDeep_200.9797m1.2937.fits
QSO_sim_z1.3345_MgIIGreen_302.3159p0.3452.fits
QSO_sim_z1.3345_MgIIGreen_302.3159p0.3452.fits
QSO_sim_z1.1727_MgIIGreen_211.7898m19.4072.fits
QSO_sim_z1.1727_MgIIGreen_211.7898m19.4072.fits
QSO_sim_z1.5831_MgIIGreen_328.122m3.0164.fits
QSO_sim_z1.5831_MgIIGreen_328.122m3.0164.fits
QSO_sim_z1.8498_MgIIGreen_73.192m35.3065.fits
QSO_sim_z1.8498_MgIIGreen_73.192m35.3065.fits
QSO_sim_z2.1521_MgIIGreen_93.9227m39.3709.fits
QSO_sim_z2.1521_MgIIGreen_93.9227m39.3709.fits
QSO_sim_z1.171_MgIIGreen_10.0396p4.0068.fits
QSO_sim_z1.171_MgIIGreen_10.0396p4.0068.fits
QSO_sim_z1.1706_MgIIGreen_157.202m6.3347.fits
QSO_sim_z1.1706_MgIIGreen_157.202m6.3347.fits
QSO_sim_z1.65_MgIIGreen_232.5101m8.3509.fits
QSO_sim_z1.65_MgIIGreen_232.5101m8.3509.fits
QSO_sim_z1.8718_MgIIGreen_345.776p0.5342.fits
QSO_sim_z1.8718_MgIIGreen_345.776p0.5342.fits
QSO_sim_z1.369_MgIIGreen_10.748p4.3669.fits
QSO_sim_z1.369_MgIIGreen_10.748p4.3669.fits
QSO_sim_z1.9054_MgIIGreen_355.8582m44.2618.fits
QSO_sim_z1.9054_MgIIGreen_355.8582m44.2618.fits
QSO_sim_z2.2973_MgIIGreen_316.5683m51.5289.fits
QSO_sim_z2.2973_MgIIGreen_316.5683m51.5289.fits
QSO_sim_z1.65_MgIIGreen_343.3668m51.3335.fits
QSO_sim_z1.65_MgIIGreen_343.3668m51.3335.fits
QSO_sim_z1.3823_MgIIGreen_54.1763m22.8199.fits
QSO_sim_z1.3823_MgIIGreen_54.1763m22.8199.fits
QSO_sim_z1.1699_MgIIGreen_23.7934m6.0109.fits
QSO_sim_z1.1699_MgIIGreen_23.7934m6.0109.fits
QSO_sim_z1.8984_MgIIGreen_334.1506m59.1897.fits
QSO_sim_z1.8984_MgIIGreen_334.1506m59.1897.fits
QSO_sim_z1.3161_MgIIGreen_71.1966m40.215.fits
QSO_sim_z1.3161_MgIIGreen_71.1966m40.215.fits
QSO_sim_z2.0072_MgIIGreen_356.3904m43.2813.fits
QSO_sim_z2.0072_MgIIGreen_356.3904m43.2813.fits
QSO_sim_z1.9489_MgIIGreen_33.5211m53.0403.fits
QSO_sim_z1.9489_MgIIGreen_33.5211m53.0403.fits
QSO_sim_z1.1659_MgIIBlueDeep_195.8396m0.3361.fits
QSO_sim_z1.1659_MgIIBlueDeep_195.8396m0.3361.fits
QSO_sim_z1.75_MgIIGreen_344.0664m52.6952.fits
QSO_sim_z1.75_MgIIGreen_344.0664m52.6952.fits
QSO_sim_z1.25_MgIIGreen_344.2716m51.8077.fits
QSO_sim_z1.25_MgIIGreen_344.2716m51.8077.fits
QSO_sim_z1.0543_MgIIGreen_126.6776p0.127.fits
QSO_sim_z1.0543_MgIIGreen_126.6776p0.127.fits
QSO_sim_z2.1788_MgIIGreen_328.8008m0.8834.fits
QSO_sim_z2.1788_MgIIGreen_328.8008m0.8834.fits
QSO_sim_z2.2967_MgIIGreen_316.6183m50.8358.fits
QSO_sim_z2.2967_MgIIGreen_316.6183m50.8358.fits
QSO_sim_z1.651_MgIIGreen_27.6954m14.9023.fits
QSO_sim_z1.651_MgIIGreen_27.6954m14.9023.fits
QSO_sim_z2.1503_MgIIGreen_126.1784p0.7285.fits
QSO_sim_z2.1503_MgIIGreen_126.1784p0.7285.fits
QSO_sim_z1.2_MgIIGreen_244.2981m17.6901.fits
QSO_sim_z1.2_MgIIGreen_244.2981m17.6901.fits
QSO_sim_z1.64_MgIIGreen_223.5601m31.6176.fits
QSO_sim_z1.64_MgIIGreen_223.5601m31.6176.fits
QSO_sim_z1.4343_MgIIGreen_21.6329m5.9634.fits
QSO_sim_z1.4343_MgIIGreen_21.6329m5.9634.fits
QSO_sim_z1.121_MgIIGreen_209.3537m18.9257.fits
QSO_sim_z1.121_MgIIGreen_209.3537m18.9257.fits
QSO_sim_z2.4025_MgIIGreen_326.9038m33.6039.fits
QSO_sim_z2.4025_MgIIGreen_326.9038m33.6039.fits
QSO_sim_z1.4077_MgIIGreen_75.9633m22.9986.fits
QSO_sim_z1.4077_MgIIGreen_75.9633m22.9986.fits
QSO_sim_z1.1185_MgIIGreen_160.2048m5.8079.fits
QSO_sim_z1.1185_MgIIGreen_160.2048m5.8079.fits
QSO_sim_z2.4946_MgIIGreen_209.4152m18.3483.fits
QSO_sim_z2.4946_MgIIGreen_209.4152m18.3483.fits
QSO_sim_z1.1594_MgIIGreen_342.5171m0.0887.fits
QSO_sim_z1.1594_MgIIGreen_342.5171m0.0887.fits
QSO_sim_z2.0356_MgIIBlueDeep_220.8944p3.2355.fits
QSO_sim_z2.0356_MgIIBlueDeep_220.8944p3.2355.fits
QSO_sim_z1.1985_MgIIGreen_353.4887m10.4089.fits
QSO_sim_z1.1985_MgIIGreen_353.4887m10.4089.fits
QSO_sim_z1.5_MgIIGreen_308.6407m47.054.fits
QSO_sim_z1.5_MgIIGreen_308.6407m47.054.fits
QSO_sim_z1.4075_MgIIGreen_244.8388m16.9529.fits
QSO_sim_z1.4075_MgIIGreen_244.8388m16.9529.fits
QSO_sim_z1.0774_MgIIGreen_135.6158m69.2028.fits
QSO_sim_z1.0774_MgIIGreen_135.6158m69.2028.fits
QSO_sim_z1.75_MgIIGreen_287.6693m66.7431.fits
QSO_sim_z1.75_MgIIGreen_287.6693m66.7431.fits
QSO_sim_z1.3007_MgIIGreen_353.3071m25.9908.fits
QSO_sim_z1.3007_MgIIGreen_353.3071m25.9908.fits
QSO_sim_z1.6788_MgIIGreen_319.2723m5.0763.fits
QSO_sim_z1.6788_MgIIGreen_319.2723m5.0763.fits
QSO_sim_z1.7339_MgIIGreen_353.6219m25.5795.fits
QSO_sim_z1.7339_MgIIGreen_353.6219m25.5795.fits
QSO_sim_z2.2794_MgIIGreen_131.8942m70.4736.fits
QSO_sim_z2.2794_MgIIGreen_131.8942m70.4736.fits
QSO_sim_z1.4579_MgIIGreen_341.6803p0.2914.fits
QSO_sim_z1.4579_MgIIGreen_341.6803p0.2914.fits
QSO_sim_z2.3_MgIIGreen_287.241m68.4591.fits
QSO_sim_z2.3_MgIIGreen_287.241m68.4591.fits
QSO_sim_z2.082_MgIIGreen_196.9425m17.0977.fits
QSO_sim_z2.082_MgIIGreen_196.9425m17.0977.fits
QSO_sim_z1.7053_MgIIGreen_164.0157m26.0741.fits
QSO_sim_z1.7053_MgIIGreen_164.0157m26.0741.fits
QSO_sim_z2.3317_MgIIGreen_22.5255m46.1918.fits
QSO_sim_z2.3317_MgIIGreen_22.5255m46.1918.fits
QSO_sim_z2.315_MgIIGreen_192.7152m8.6471.fits
QSO_sim_z2.315_MgIIGreen_192.7152m8.6471.fits
QSO_sim_z1.5664_MgIIGreen_135.061m68.202.fits
QSO_sim_z1.5664_MgIIGreen_135.061m68.202.fits
QSO_sim_z1.6976_MgIIGreen_329.242m61.8798.fits
QSO_sim_z1.6976_MgIIGreen_329.242m61.8798.fits
QSO_sim_z1.1074_MgIIGreen_164.9264m13.0086.fits
QSO_sim_z1.1074_MgIIGreen_164.9264m13.0086.fits
QSO_sim_z1.6_MgIIGreen_341.3193m57.7701.fits
QSO_sim_z1.6_MgIIGreen_341.3193m57.7701.fits
QSO_sim_z2.4465_MgIIGreen_193.9505m8.6709.fits
QSO_sim_z2.4465_MgIIGreen_193.9505m8.6709.fits
QSO_sim_z1.3791_MgIIGreen_210.7076m17.9213.fits
QSO_sim_z1.3791_MgIIGreen_210.7076m17.9213.fits
QSO_sim_z2.3235_MgIIGreen_162.9885m25.3312.fits
QSO_sim_z2.3235_MgIIGreen_162.9885m25.3312.fits
QSO_sim_z2.2413_MgIIGreen_347.8405m26.6975.fits
QSO_sim_z2.2413_MgIIGreen_347.8405m26.6975.fits
QSO_sim_z1.4_MgIIGreen_309.7091m54.464.fits
QSO_sim_z1.4_MgIIGreen_309.7091m54.464.fits
QSO_sim_z1.8301_MgIIGreen_197.5148m17.1726.fits
QSO_sim_z1.8301_MgIIGreen_197.5148m17.1726.fits
QSO_sim_z1.3579_MgIIGreen_39.3308m51.5622.fits
QSO_sim_z1.3579_MgIIGreen_39.3308m51.5622.fits
QSO_sim_z1.1632_MgIIGreen_197.6606m17.1172.fits
QSO_sim_z1.1632_MgIIGreen_197.6606m17.1172.fits
QSO_sim_z1.65_MgIIGreen_319.2576m7.2647.fits
QSO_sim_z1.65_MgIIGreen_319.2576m7.2647.fits
QSO_sim_z1.691_MgIIGreen_246.1058m13.2383.fits
QSO_sim_z1.691_MgIIGreen_246.1058m13.2383.fits
QSO_sim_z1.2_MgIIGreen_290.8626m38.3331.fits
QSO_sim_z1.2_MgIIGreen_290.8626m38.3331.fits
QSO_sim_z1.4305_MgIIGreen_74.9337m32.0018.fits
QSO_sim_z1.4305_MgIIGreen_74.9337m32.0018.fits
QSO_sim_z1.9408_MgIIGreen_2.31m7.6984.fits
QSO_sim_z1.9408_MgIIGreen_2.31m7.6984.fits
QSO_sim_z1.1141_MgIIGreen_2.9138m26.533.fits
QSO_sim_z1.1141_MgIIGreen_2.9138m26.533.fits
QSO_sim_z1.8767_MgIIGreen_324.8171m33.5134.fits
QSO_sim_z1.8767_MgIIGreen_324.8171m33.5134.fits
QSO_sim_z1.8719_MgIIGreen_21.2004p2.5685.fits
QSO_sim_z1.8719_MgIIGreen_21.2004p2.5685.fits
QSO_sim_z2.211_MgIIGreen_27.1257m5.5008.fits
QSO_sim_z2.211_MgIIGreen_27.1257m5.5008.fits
QSO_sim_z1.8342_MgIIGreen_143.5942m8.5457.fits
QSO_sim_z1.8342_MgIIGreen_143.5942m8.5457.fits
QSO_sim_z1.54_MgIIGreen_353.9606m10.3817.fits
QSO_sim_z1.54_MgIIGreen_353.9606m10.3817.fits
QSO_sim_z1.3263_MgIIGreen_311.6196m43.0537.fits
QSO_sim_z1.3263_MgIIGreen_311.6196m43.0537.fits
QSO_sim_z1.75_MgIIGreen_343.5382m56.4559.fits
QSO_sim_z1.75_MgIIGreen_343.5382m56.4559.fits
QSO_sim_z1.9912_MgIIGreen_120.2378m1.2039.fits
QSO_sim_z1.9912_MgIIGreen_120.2378m1.2039.fits
QSO_sim_z2.0037_MgIIGreen_56.7033m4.8366.fits
QSO_sim_z2.0037_MgIIGreen_56.7033m4.8366.fits
QSO_sim_z1.1979_MgIIGreen_56.2144m20.285.fits
QSO_sim_z1.1979_MgIIGreen_56.2144m20.285.fits
QSO_sim_z1.2414_MgIIGreen_77.8082m22.6052.fits
QSO_sim_z1.2414_MgIIGreen_77.8082m22.6052.fits
QSO_sim_z1.3603_MgIIGreen_329.597m3.9119.fits
QSO_sim_z1.3603_MgIIGreen_329.597m3.9119.fits
QSO_sim_z1.5976_MgIIGreen_18.5945m47.8405.fits
QSO_sim_z1.5976_MgIIGreen_18.5945m47.8405.fits
QSO_sim_z1.4575_MgIIBlueDeep_194.3805p0.2485.fits
QSO_sim_z1.4575_MgIIBlueDeep_194.3805p0.2485.fits
QSO_sim_z1.4346_MgIIGreen_324.7675m32.8655.fits
QSO_sim_z1.4346_MgIIGreen_324.7675m32.8655.fits
QSO_sim_z1.068_MgIIGreen_170.9253m12.4456.fits
QSO_sim_z1.068_MgIIGreen_170.9253m12.4456.fits
QSO_sim_z1.75_MgIIGreen_350.8313m14.9305.fits
QSO_sim_z1.75_MgIIGreen_350.8313m14.9305.fits
QSO_sim_z2.3406_MgIIGreen_248.5486m9.5816.fits
QSO_sim_z2.3406_MgIIGreen_248.5486m9.5816.fits
QSO_sim_z2.5313_MgIIGreen_152.7887m30.9896.fits
QSO_sim_z2.5313_MgIIGreen_152.7887m30.9896.fits
QSO_sim_z1.485_MgIIGreen_169.4827m12.4739.fits
QSO_sim_z1.485_MgIIGreen_169.4827m12.4739.fits
QSO_sim_z1.5313_MgIIGreen_314.3366m41.6594.fits
QSO_sim_z1.5313_MgIIGreen_314.3366m41.6594.fits
QSO_sim_z1.0753_MgIIGreen_13.504m49.5486.fits
QSO_sim_z1.0753_MgIIGreen_13.504m49.5486.fits
QSO_sim_z2.2566_MgIIGreen_349.8014p0.9835.fits
QSO_sim_z2.2566_MgIIGreen_349.8014p0.9835.fits
QSO_sim_z1.9_MgIIGreen_240.6619m20.4031.fits
QSO_sim_z1.9_MgIIGreen_240.6619m20.4031.fits
QSO_sim_z1.7936_MgIIBlueDeep_201.7873m1.6364.fits
QSO_sim_z1.7936_MgIIBlueDeep_201.7873m1.6364.fits
QSO_sim_z1.4923_MgIIGreen_350.8046m26.192.fits
QSO_sim_z1.4923_MgIIGreen_350.8046m26.192.fits
QSO_sim_z1.75_MgIIGreen_350.6273m10.4583.fits
QSO_sim_z1.75_MgIIGreen_350.6273m10.4583.fits
QSO_sim_z1.0682_MgIIGreen_154.4286m31.0892.fits
QSO_sim_z1.0682_MgIIGreen_154.4286m31.0892.fits
QSO_sim_z1.3074_MgIIGreen_325.7968m30.987.fits
QSO_sim_z1.3074_MgIIGreen_325.7968m30.987.fits
QSO_sim_z1.4737_MgIIGreen_45.0129m54.0126.fits
QSO_sim_z1.4737_MgIIGreen_45.0129m54.0126.fits
QSO_sim_z1.401_MgIIGreen_78.3454m20.0667.fits
QSO_sim_z1.401_MgIIGreen_78.3454m20.0667.fits
QSO_sim_z1.2354_MgIIGreen_166.8934m11.5407.fits
QSO_sim_z1.2354_MgIIGreen_166.8934m11.5407.fits
QSO_sim_z1.6945_MgIIGreen_24.8269m5.0946.fits
QSO_sim_z1.6945_MgIIGreen_24.8269m5.0946.fits
QSO_sim_z1.5019_MgIIGreen_54.2466m5.5009.fits
QSO_sim_z1.5019_MgIIGreen_54.2466m5.5009.fits
QSO_sim_z1.3_MgIIGreen_307.355m52.2036.fits
QSO_sim_z1.3_MgIIGreen_307.355m52.2036.fits
QSO_sim_z1.4781_MgIIGreen_20.2851p3.3804.fits
QSO_sim_z1.4781_MgIIGreen_20.2851p3.3804.fits
QSO_sim_z1.7674_MgIIGreen_352.6839m25.1145.fits
QSO_sim_z1.7674_MgIIGreen_352.6839m25.1145.fits
QSO_sim_z1.1608_MgIIGreen_332.9591m58.0562.fits
QSO_sim_z1.1608_MgIIGreen_332.9591m58.0562.fits
QSO_sim_z1.7474_MgIIGreen_326.3535m7.892.fits
QSO_sim_z1.7474_MgIIGreen_326.3535m7.892.fits
QSO_sim_z2.257_MgIIGreen_45.0389m51.3027.fits
QSO_sim_z2.257_MgIIGreen_45.0389m51.3027.fits
QSO_sim_z2.567_MgIIGreen_334.88m57.7596.fits
QSO_sim_z2.567_MgIIGreen_334.88m57.7596.fits
QSO_sim_z1.112_MgIIGreen_325.9894m7.6281.fits
QSO_sim_z1.112_MgIIGreen_325.9894m7.6281.fits
QSO_sim_z1.1891_MgIIGreen_18.9761p3.4314.fits
QSO_sim_z1.1891_MgIIGreen_18.9761p3.4314.fits
QSO_sim_z1.9984_MgIIGreen_156.5752m29.5135.fits
QSO_sim_z1.9984_MgIIGreen_156.5752m29.5135.fits
QSO_sim_z1.5799_MgIIGreen_160.994m69.0435.fits
QSO_sim_z1.5799_MgIIGreen_160.994m69.0435.fits
QSO_sim_z1.8_MgIIGreen_351.4594m11.7643.fits
QSO_sim_z1.8_MgIIGreen_351.4594m11.7643.fits
QSO_sim_z1.2465_MgIIGreen_350.2067m25.6811.fits
QSO_sim_z1.2465_MgIIGreen_350.2067m25.6811.fits
QSO_sim_z2.0167_MgIIGreen_18.4203p3.6089.fits
QSO_sim_z2.0167_MgIIGreen_18.4203p3.6089.fits
QSO_sim_z2.4761_MgIIGreen_85.8083m21.8977.fits
QSO_sim_z2.4761_MgIIGreen_85.8083m21.8977.fits
QSO_sim_z1.067_MgIIGreen_234.7268m69.0127.fits
QSO_sim_z1.067_MgIIGreen_234.7268m69.0127.fits
QSO_sim_z1.6767_MgIIGreen_105.8278m35.1796.fits
QSO_sim_z1.6767_MgIIGreen_105.8278m35.1796.fits
QSO_sim_z1.1835_MgIIGreen_244.944m9.4835.fits
QSO_sim_z1.1835_MgIIGreen_244.944m9.4835.fits
QSO_sim_z2.2_MgIIGreen_241.6399m21.3827.fits
QSO_sim_z2.2_MgIIGreen_241.6399m21.3827.fits
QSO_sim_z1.6927_MgIIBlueDeep_217.0582m2.7179.fits
QSO_sim_z1.6927_MgIIBlueDeep_217.0582m2.7179.fits
QSO_sim_z1.85_MgIIGreen_308.1349m54.9396.fits
QSO_sim_z1.85_MgIIGreen_308.1349m54.9396.fits
QSO_sim_z1.393_MgIIGreen_244.3048m9.2551.fits
QSO_sim_z1.393_MgIIGreen_244.3048m9.2551.fits
QSO_sim_z1.9062_MgIIBlueDeep_217.433m0.6038.fits
QSO_sim_z1.9062_MgIIBlueDeep_217.433m0.6038.fits
QSO_sim_z1.8557_MgIIGreen_80.5323m39.5734.fits
QSO_sim_z1.8557_MgIIGreen_80.5323m39.5734.fits
QSO_sim_z1.55_MgIIGreen_292.1069m43.9426.fits
QSO_sim_z1.55_MgIIGreen_292.1069m43.9426.fits
QSO_sim_z1.3994_MgIIGreen_37.0275m16.4623.fits
QSO_sim_z1.3994_MgIIGreen_37.0275m16.4623.fits
QSO_sim_z1.9588_MgIIGreen_45.0912m49.6653.fits
QSO_sim_z1.9588_MgIIGreen_45.0912m49.6653.fits
QSO_sim_z1.7824_MgIIGreen_67.7813m18.7831.fits
QSO_sim_z1.7824_MgIIGreen_67.7813m18.7831.fits
QSO_sim_z1.7747_MgIIGreen_83.5281m20.8287.fits
QSO_sim_z1.7747_MgIIGreen_83.5281m20.8287.fits
QSO_sim_z0.7017_MgIIBlueDeep_217.6674m1.7853.fits
QSO_sim_z0.7017_MgIIBlueDeep_217.6674m1.7853.fits
QSO_sim_z1.9389_MgIIGreen_21.714m44.5161.fits
QSO_sim_z1.9389_MgIIGreen_21.714m44.5161.fits
QSO_sim_z1.1787_MgIIGreen_21.555p4.2443.fits
QSO_sim_z1.1787_MgIIGreen_21.555p4.2443.fits
QSO_sim_z1.937_MgIIGreen_24.8227m3.8024.fits
QSO_sim_z1.937_MgIIGreen_24.8227m3.8024.fits
QSO_sim_z1.7667_MgIIGreen_3.7228m6.8114.fits
QSO_sim_z1.7667_MgIIGreen_3.7228m6.8114.fits
QSO_sim_z1.2241_MgIIGreen_17.8753m37.2681.fits
QSO_sim_z1.2241_MgIIGreen_17.8753m37.2681.fits
QSO_sim_z1.3833_MgIIGreen_97.3878m37.5058.fits
QSO_sim_z1.3833_MgIIGreen_97.3878m37.5058.fits
QSO_sim_z1.1405_MgIIGreen_196.291m6.2304.fits
QSO_sim_z1.1405_MgIIGreen_196.291m6.2304.fits
QSO_sim_z1.3_MgIIGreen_339.2807m7.8501.fits
QSO_sim_z1.3_MgIIGreen_339.2807m7.8501.fits
QSO_sim_z1.3508_MgIIGreen_75.8415m28.5594.fits
QSO_sim_z1.3508_MgIIGreen_75.8415m28.5594.fits
QSO_sim_z1.3607_MgIIGreen_197.9631m40.2881.fits
QSO_sim_z1.3607_MgIIGreen_197.9631m40.2881.fits
QSO_sim_z1.1655_MgIIGreen_355.1116m24.1022.fits
QSO_sim_z1.1655_MgIIGreen_355.1116m24.1022.fits
QSO_sim_z1.976_MgIIGreen_69.7207m17.4612.fits
QSO_sim_z1.976_MgIIGreen_69.7207m17.4612.fits
QSO_sim_z1.6_MgIIGreen_292.0617m42.3855.fits
QSO_sim_z1.6_MgIIGreen_292.0617m42.3855.fits
QSO_sim_z1.9131_MgIIGreen_77.6813m38.4316.fits
QSO_sim_z1.9131_MgIIGreen_77.6813m38.4316.fits
QSO_sim_z1.5507_MgIIGreen_186.5126m19.9954.fits
QSO_sim_z1.5507_MgIIGreen_186.5126m19.9954.fits
QSO_sim_z1.4832_MgIIGreen_98.8032m36.1564.fits
QSO_sim_z1.4832_MgIIGreen_98.8032m36.1564.fits
QSO_sim_z1.3565_MgIIGreen_67.9406m17.2661.fits
QSO_sim_z1.3565_MgIIGreen_67.9406m17.2661.fits
QSO_sim_z1.75_MgIIGreen_318.8617m13.5178.fits
QSO_sim_z1.75_MgIIGreen_318.8617m13.5178.fits
QSO_sim_z2.3907_MgIIGreen_295.4798m69.3234.fits
QSO_sim_z2.3907_MgIIGreen_295.4798m69.3234.fits
QSO_sim_z2.212_MgIIGreen_20.3957p4.6457.fits
QSO_sim_z2.212_MgIIGreen_20.3957p4.6457.fits
QSO_sim_z1.215_MgIIGreen_100.602m35.1727.fits
QSO_sim_z1.215_MgIIGreen_100.602m35.1727.fits
QSO_sim_z1.8652_MgIIGreen_20.4716p4.738.fits
QSO_sim_z1.8652_MgIIGreen_20.4716p4.738.fits
QSO_sim_z1.3213_MgIIGreen_313.3146m34.105.fits
QSO_sim_z1.3213_MgIIGreen_313.3146m34.105.fits
QSO_sim_z1.363_MgIIGreen_99.2839m35.6179.fits
QSO_sim_z1.363_MgIIGreen_99.2839m35.6179.fits
QSO_sim_z1.705_MgIIGreen_312.0375m49.2989.fits
QSO_sim_z1.705_MgIIGreen_312.0375m49.2989.fits
QSO_sim_z1.5877_MgIIGreen_198.0776m39.1153.fits
QSO_sim_z1.5877_MgIIGreen_198.0776m39.1153.fits
QSO_sim_z2.2506_MgIIGreen_126.7811m16.7856.fits
QSO_sim_z2.2506_MgIIGreen_126.7811m16.7856.fits
QSO_sim_z2.1737_MgIIGreen_19.0052m6.3787.fits
QSO_sim_z2.1737_MgIIGreen_19.0052m6.3787.fits
QSO_sim_z1.7983_MgIIGreen_353.7165m40.2642.fits
QSO_sim_z1.7983_MgIIGreen_353.7165m40.2642.fits
QSO_sim_z2.5_MgIIGreen_354.3839m39.8394.fits
QSO_sim_z2.5_MgIIGreen_354.3839m39.8394.fits
QSO_sim_z2.25_MgIIGreen_306.7193m57.8549.fits
QSO_sim_z2.25_MgIIGreen_306.7193m57.8549.fits
QSO_sim_z2.5363_MgIIGreen_311.5448m34.5215.fits
QSO_sim_z2.5363_MgIIGreen_311.5448m34.5215.fits
QSO_sim_z1.8006_MgIIGreen_239.5086m8.3435.fits
QSO_sim_z1.8006_MgIIGreen_239.5086m8.3435.fits
QSO_sim_z1.6734_MgIIGreen_337.9263m37.4147.fits
QSO_sim_z1.6734_MgIIGreen_337.9263m37.4147.fits
QSO_sim_z1.7821_MgIIGreen_68.9968m31.4728.fits
QSO_sim_z1.7821_MgIIGreen_68.9968m31.4728.fits
QSO_sim_z1.2867_MgIIGreen_56.2239m4.5347.fits
QSO_sim_z1.2867_MgIIGreen_56.2239m4.5347.fits
QSO_sim_z2.0285_MgIIGreen_69.5523m30.8333.fits
QSO_sim_z2.0285_MgIIGreen_69.5523m30.8333.fits
QSO_sim_z1.9997_MgIIGreen_188.8126m17.5957.fits
QSO_sim_z1.9997_MgIIGreen_188.8126m17.5957.fits
QSO_sim_z1.6127_MgIIGreen_30.4588m53.0455.fits
QSO_sim_z1.6127_MgIIGreen_30.4588m53.0455.fits
QSO_sim_z1.4795_MgIIGreen_31.613m53.215.fits
QSO_sim_z1.4795_MgIIGreen_31.613m53.215.fits
QSO_sim_z1.5834_MgIIGreen_153.6382m27.6085.fits
QSO_sim_z1.5834_MgIIGreen_153.6382m27.6085.fits
QSO_sim_z1.8365_MgIIGreen_327.1014m7.5758.fits
QSO_sim_z1.8365_MgIIGreen_327.1014m7.5758.fits
QSO_sim_z1.0962_MgIIGreen_30.9744m52.987.fits
QSO_sim_z1.0962_MgIIGreen_30.9744m52.987.fits
QSO_sim_z2.1633_MgIIGreen_238.7679m7.7163.fits
QSO_sim_z2.1633_MgIIGreen_238.7679m7.7163.fits
QSO_sim_z1.3366_MgIIGreen_96.7225m36.0064.fits
QSO_sim_z1.3366_MgIIGreen_96.7225m36.0064.fits
QSO_sim_z1.958_MgIIGreen_209.8118m17.0295.fits
QSO_sim_z1.958_MgIIGreen_209.8118m17.0295.fits
QSO_sim_z2.0825_MgIIGreen_29.62m53.0138.fits
QSO_sim_z2.0825_MgIIGreen_29.62m53.0138.fits
QSO_sim_z1.95_MgIIGreen_306.8842m56.8451.fits
QSO_sim_z1.95_MgIIGreen_306.8842m56.8451.fits
QSO_sim_z1.7753_MgIIGreen_219.1465m35.1062.fits
QSO_sim_z1.7753_MgIIGreen_219.1465m35.1062.fits
QSO_sim_z1.0715_MgIIGreen_18.8654p4.7663.fits
QSO_sim_z1.0715_MgIIGreen_18.8654p4.7663.fits
QSO_sim_z1.3202_MgIIGreen_219.3364m34.6361.fits
QSO_sim_z1.3202_MgIIGreen_219.3364m34.6361.fits
QSO_sim_z1.664_MgIIGreen_183.2921m20.5982.fits
QSO_sim_z1.664_MgIIGreen_183.2921m20.5982.fits
QSO_sim_z2.3211_MgIIBlueDeep_194.4405p0.4177.fits
QSO_sim_z2.3211_MgIIBlueDeep_194.4405p0.4177.fits
QSO_sim_z2.04_MgIIGreen_179.3752m15.7639.fits
QSO_sim_z2.04_MgIIGreen_179.3752m15.7639.fits
QSO_sim_z2.255_MgIIGreen_311.9999m33.9741.fits
QSO_sim_z2.255_MgIIGreen_311.9999m33.9741.fits
QSO_sim_z2.3772_MgIIGreen_71.7382m29.7691.fits
QSO_sim_z2.3772_MgIIGreen_71.7382m29.7691.fits
QSO_sim_z1.6085_MgIIGreen_128.4944m67.2597.fits
QSO_sim_z1.6085_MgIIGreen_128.4944m67.2597.fits
QSO_sim_z2.136_MgIIGreen_344.7033m24.5295.fits
QSO_sim_z2.136_MgIIGreen_344.7033m24.5295.fits
QSO_sim_z2.0664_MgIIGreen_42.3878m49.6284.fits
QSO_sim_z2.0664_MgIIGreen_42.3878m49.6284.fits
QSO_sim_z1.3212_MgIIGreen_336.821m5.4152.fits
QSO_sim_z1.3212_MgIIGreen_336.821m5.4152.fits
QSO_sim_z1.283_MgIIGreen_41.4037m49.7542.fits
QSO_sim_z1.283_MgIIGreen_41.4037m49.7542.fits
QSO_sim_z2.1148_MgIIGreen_346.3348m4.3247.fits
QSO_sim_z2.1148_MgIIGreen_346.3348m4.3247.fits
QSO_sim_z1.7457_MgIIGreen_80.7708m37.0254.fits
QSO_sim_z1.7457_MgIIGreen_80.7708m37.0254.fits
QSO_sim_z1.9906_MgIIGreen_40.2982m49.9195.fits
QSO_sim_z1.9906_MgIIGreen_40.2982m49.9195.fits
QSO_sim_z1.3975_MgIIGreen_285.2165m69.3015.fits
QSO_sim_z1.3975_MgIIGreen_285.2165m69.3015.fits
QSO_sim_z1.2779_MgIIBlueDeep_205.21p0.3027.fits
QSO_sim_z1.2779_MgIIBlueDeep_205.21p0.3027.fits
QSO_sim_z2.225_MgIIGreen_68.9888m30.8799.fits
QSO_sim_z2.225_MgIIGreen_68.9888m30.8799.fits
QSO_sim_z2.4994_MgIIGreen_131.5121m65.5635.fits
QSO_sim_z2.4994_MgIIGreen_131.5121m65.5635.fits
QSO_sim_z1.6449_MgIIGreen_328.262m5.5955.fits
QSO_sim_z1.6449_MgIIGreen_328.262m5.5955.fits
QSO_sim_z2.1494_MgIIGreen_24.5157m19.7403.fits
QSO_sim_z2.1494_MgIIGreen_24.5157m19.7403.fits
QSO_sim_z1.7704_MgIIGreen_71.5141m15.4494.fits
QSO_sim_z1.7704_MgIIGreen_71.5141m15.4494.fits
QSO_sim_z2.258_MgIIGreen_329.0143m5.4447.fits
QSO_sim_z2.258_MgIIGreen_329.0143m5.4447.fits
QSO_sim_z2.382_MgIIBlueDeep_217.4715m3.5281.fits
QSO_sim_z2.382_MgIIBlueDeep_217.4715m3.5281.fits
QSO_sim_z2.05_MgIIGreen_315.4738m39.5402.fits
QSO_sim_z2.05_MgIIGreen_315.4738m39.5402.fits
QSO_sim_z1.7559_MgIIGreen_328.9974m5.018.fits
QSO_sim_z1.7559_MgIIGreen_328.9974m5.018.fits
QSO_sim_z2.44_MgIIGreen_220.0377m32.6184.fits
QSO_sim_z2.44_MgIIGreen_220.0377m32.6184.fits
QSO_sim_z1.4639_MgIIGreen_3.973m43.4202.fits
QSO_sim_z1.4639_MgIIGreen_3.973m43.4202.fits
QSO_sim_z1.5333_MgIIGreen_128.2753m66.2369.fits
QSO_sim_z1.5333_MgIIGreen_128.2753m66.2369.fits
QSO_sim_z1.2098_MgIIGreen_82.7877m35.2285.fits
QSO_sim_z1.2098_MgIIGreen_82.7877m35.2285.fits
QSO_sim_z1.1342_MgIIGreen_81.8761m19.2345.fits
QSO_sim_z1.1342_MgIIGreen_81.8761m19.2345.fits
QSO_sim_z2.2932_MgIIGreen_123.2525m15.4669.fits
QSO_sim_z2.2932_MgIIGreen_123.2525m15.4669.fits
QSO_sim_z1.2366_MgIIGreen_346.1752m1.5236.fits
QSO_sim_z1.2366_MgIIGreen_346.1752m1.5236.fits
QSO_sim_z2.1892_MgIIGreen_82.8192m18.8963.fits
QSO_sim_z2.1892_MgIIGreen_82.8192m18.8963.fits
QSO_sim_z1.4315_MgIIGreen_359.547m22.3607.fits
QSO_sim_z1.4315_MgIIGreen_359.547m22.3607.fits
QSO_sim_z1.627_MgIIGreen_17.2104m4.7149.fits
QSO_sim_z1.627_MgIIGreen_17.2104m4.7149.fits
QSO_sim_z2.2581_MgIIGreen_218.6168m32.6266.fits
QSO_sim_z2.2581_MgIIGreen_218.6168m32.6266.fits
QSO_sim_z2.0028_MgIIGreen_42.0677m48.1902.fits
QSO_sim_z2.0028_MgIIGreen_42.0677m48.1902.fits
QSO_sim_z1.7292_MgIIBlueDeep_194.5761p1.1038.fits
QSO_sim_z1.7292_MgIIBlueDeep_194.5761p1.1038.fits
QSO_sim_z2.1627_MgIIGreen_183.885m14.5244.fits
QSO_sim_z2.1627_MgIIGreen_183.885m14.5244.fits
QSO_sim_z1.2407_MgIIGreen_339.5655m16.5353.fits
QSO_sim_z1.2407_MgIIGreen_339.5655m16.5353.fits
QSO_sim_z1.346_MgIIGreen_71.7779m14.3099.fits
QSO_sim_z1.346_MgIIGreen_71.7779m14.3099.fits
QSO_sim_z1.4351_MgIIGreen_346.0588m22.6891.fits
QSO_sim_z1.4351_MgIIGreen_346.0588m22.6891.fits
QSO_sim_z1.4248_MgIIGreen_347.6857m3.2835.fits
QSO_sim_z1.4248_MgIIGreen_347.6857m3.2835.fits
QSO_sim_z2.4548_MgIIGreen_55.0846m1.8364.fits
QSO_sim_z2.4548_MgIIGreen_55.0846m1.8364.fits
QSO_sim_z1.8706_MgIIGreen_240.7609p0.8042.fits
QSO_sim_z1.8706_MgIIGreen_240.7609p0.8042.fits
QSO_sim_z1.35_MgIIGreen_240.0539p0.5374.fits
QSO_sim_z1.35_MgIIGreen_240.0539p0.5374.fits
QSO_sim_z1.5695_MgIIGreen_184.1852m14.0672.fits
QSO_sim_z1.5695_MgIIGreen_184.1852m14.0672.fits
QSO_sim_z2.5044_MgIIGreen_130.4477m64.2387.fits
QSO_sim_z2.5044_MgIIGreen_130.4477m64.2387.fits
QSO_sim_z2.079_MgIIGreen_182.0971m45.0585.fits
QSO_sim_z2.079_MgIIGreen_182.0971m45.0585.fits
QSO_sim_z2.3829_MgIIGreen_202.4445m6.2175.fits
QSO_sim_z2.3829_MgIIGreen_202.4445m6.2175.fits
QSO_sim_z1.4857_MgIIGreen_314.8031m33.5771.fits
QSO_sim_z1.4857_MgIIGreen_314.8031m33.5771.fits
QSO_sim_z1.2631_MgIIGreen_68.7949m13.3652.fits
QSO_sim_z1.2631_MgIIGreen_68.7949m13.3652.fits
QSO_sim_z3.85_MgIIBlueDeep_220.9796p2.1355.fits
QSO_sim_z3.85_MgIIBlueDeep_220.9796p2.1355.fits
QSO_sim_z2.3517_MgIIGreen_213.8548m18.546.fits
QSO_sim_z2.3517_MgIIGreen_213.8548m18.546.fits
QSO_sim_z1.8335_MgIIGreen_185.6083m19.3316.fits
QSO_sim_z1.8335_MgIIGreen_185.6083m19.3316.fits
QSO_sim_z1.0885_MgIIGreen_325.3557m5.1458.fits
QSO_sim_z1.0885_MgIIGreen_325.3557m5.1458.fits
QSO_sim_z1.3988_MgIIGreen_20.9374m3.6105.fits
QSO_sim_z1.3988_MgIIGreen_20.9374m3.6105.fits
QSO_sim_z1.25_MgIIGreen_347.2248m4.5019.fits
QSO_sim_z1.25_MgIIGreen_347.2248m4.5019.fits
QSO_sim_z1.9845_MgIIBlueDeep_217.984m0.2964.fits
QSO_sim_z1.9845_MgIIBlueDeep_217.984m0.2964.fits
QSO_sim_z2.35_MgIIGreen_350.7769m43.3897.fits
QSO_sim_z2.35_MgIIGreen_350.7769m43.3897.fits
QSO_sim_z1.0477_MgIIGreen_347.0518m4.3091.fits
QSO_sim_z1.0477_MgIIGreen_347.0518m4.3091.fits
QSO_sim_z2.1371_MgIIGreen_25.5543m18.2692.fits
QSO_sim_z2.1371_MgIIGreen_25.5543m18.2692.fits
QSO_sim_z1.8222_MgIIGreen_337.3598m8.3717.fits
QSO_sim_z1.8222_MgIIGreen_337.3598m8.3717.fits
QSO_sim_z2.1161_MgIIGreen_24.7124m18.7387.fits
QSO_sim_z2.1161_MgIIGreen_24.7124m18.7387.fits
QSO_sim_z1.0434_MgIIGreen_305.2807m69.7605.fits
QSO_sim_z1.0434_MgIIGreen_305.2807m69.7605.fits
QSO_sim_z1.4_MgIIGreen_325.2583m7.2206.fits
QSO_sim_z1.4_MgIIGreen_325.2583m7.2206.fits
QSO_sim_z1.5534_MgIIGreen_171.8863m6.0224.fits
QSO_sim_z1.5534_MgIIGreen_171.8863m6.0224.fits
QSO_sim_z0.6213_MgIIBlueDeep_218.0246m3.6688.fits
QSO_sim_z0.6213_MgIIBlueDeep_218.0246m3.6688.fits
QSO_sim_z2.2745_MgIIGreen_80.6592m18.2879.fits
QSO_sim_z2.2745_MgIIGreen_80.6592m18.2879.fits
QSO_sim_z1.3743_MgIIGreen_233.1728m35.6851.fits
QSO_sim_z1.3743_MgIIGreen_233.1728m35.6851.fits
QSO_sim_z1.0429_MgIIGreen_215.3715m16.0181.fits
QSO_sim_z1.0429_MgIIGreen_215.3715m16.0181.fits
QSO_sim_z1.272_MgIIBlueDeep_201.0447m1.9673.fits
QSO_sim_z1.272_MgIIBlueDeep_201.0447m1.9673.fits
QSO_sim_z1.049_MgIIGreen_73.1651m27.9427.fits
QSO_sim_z1.049_MgIIGreen_73.1651m27.9427.fits
QSO_sim_z1.9675_MgIIGreen_41.6827m45.5733.fits
QSO_sim_z1.9675_MgIIGreen_41.6827m45.5733.fits
QSO_sim_z1.1585_MgIIGreen_34.5096m49.6697.fits
QSO_sim_z1.1585_MgIIGreen_34.5096m49.6697.fits
QSO_sim_z1.2143_MgIIGreen_349.5431m21.7187.fits
QSO_sim_z1.2143_MgIIGreen_349.5431m21.7187.fits
QSO_sim_z1.88_MgIIGreen_25.2593m17.461.fits
QSO_sim_z1.88_MgIIGreen_25.2593m17.461.fits
QSO_sim_z1.3098_MgIIGreen_308.5172m39.3072.fits
QSO_sim_z1.3098_MgIIGreen_308.5172m39.3072.fits
QSO_sim_z1.4431_MgIIGreen_329.5059m4.3966.fits
QSO_sim_z1.4431_MgIIGreen_329.5059m4.3966.fits
QSO_sim_z1.4638_MgIIGreen_241.2006m32.3158.fits
QSO_sim_z1.4638_MgIIGreen_241.2006m32.3158.fits
QSO_sim_z1.333_MgIIGreen_212.1557m17.4883.fits
QSO_sim_z1.333_MgIIGreen_212.1557m17.4883.fits
QSO_sim_z2.3547_MgIIGreen_352.3286m12.1565.fits
QSO_sim_z2.3547_MgIIGreen_352.3286m12.1565.fits
QSO_sim_z1.5436_MgIIGreen_9.1749m26.6453.fits
QSO_sim_z1.5436_MgIIGreen_9.1749m26.6453.fits
QSO_sim_z0.9785_MgIIBlueDeep_201.1469m0.3063.fits
QSO_sim_z0.9785_MgIIBlueDeep_201.1469m0.3063.fits
QSO_sim_z1.3388_MgIIBlueDeep_205.3216p0.1452.fits
QSO_sim_z1.3388_MgIIBlueDeep_205.3216p0.1452.fits
QSO_sim_z1.85_MgIIGreen_292.3787m47.1484.fits
QSO_sim_z1.85_MgIIGreen_292.3787m47.1484.fits
QSO_sim_z1.173_MgIIGreen_348.5967m4.2206.fits
QSO_sim_z1.173_MgIIGreen_348.5967m4.2206.fits
QSO_sim_z1.5562_MgIIGreen_74.3549m27.8174.fits
QSO_sim_z1.5562_MgIIGreen_74.3549m27.8174.fits
QSO_sim_z1.8098_MgIIGreen_162.1581m24.8256.fits
QSO_sim_z1.8098_MgIIGreen_162.1581m24.8256.fits
QSO_sim_z1.3735_MgIIGreen_340.6797m15.9758.fits
QSO_sim_z1.3735_MgIIGreen_340.6797m15.9758.fits
QSO_sim_z2.3439_MgIIGreen_329.3655m3.3955.fits
QSO_sim_z2.3439_MgIIGreen_329.3655m3.3955.fits
QSO_sim_z2.0902_MgIIGreen_309.215m38.7873.fits
QSO_sim_z2.0902_MgIIGreen_309.215m38.7873.fits
QSO_sim_z1.6103_MgIIGreen_241.5936m29.6217.fits
QSO_sim_z1.6103_MgIIGreen_241.5936m29.6217.fits
QSO_sim_z1.2639_MgIIGreen_308.543m38.6027.fits
QSO_sim_z1.2639_MgIIGreen_308.543m38.6027.fits
QSO_sim_z1.6508_MgIIGreen_220.418m30.1791.fits
QSO_sim_z1.6508_MgIIGreen_220.418m30.1791.fits
QSO_sim_z2.0476_MgIIGreen_354.5422m11.6642.fits
QSO_sim_z2.0476_MgIIGreen_354.5422m11.6642.fits
QSO_sim_z1.55_MgIIGreen_338.1824m14.0118.fits
QSO_sim_z1.55_MgIIGreen_338.1824m14.0118.fits
QSO_sim_z2.232_MgIIGreen_354.798m11.5157.fits
QSO_sim_z2.232_MgIIGreen_354.798m11.5157.fits
QSO_sim_z1.6897_MgIIGreen_186.8444m41.3442.fits
QSO_sim_z1.6897_MgIIGreen_186.8444m41.3442.fits
QSO_sim_z2.3_MgIIGreen_293.2323m46.1532.fits
QSO_sim_z2.3_MgIIGreen_293.2323m46.1532.fits
QSO_sim_z1.9253_MgIIGreen_214.9063m15.8102.fits
QSO_sim_z1.9253_MgIIGreen_214.9063m15.8102.fits
QSO_sim_z1.1466_MgIIGreen_13.4569m26.0724.fits
QSO_sim_z1.1466_MgIIGreen_13.4569m26.0724.fits
QSO_sim_z2.0692_MgIIGreen_354.0539m11.3012.fits
QSO_sim_z2.0692_MgIIGreen_354.0539m11.3012.fits
QSO_sim_z1.3778_MgIIGreen_161.4577m23.5965.fits
QSO_sim_z1.3778_MgIIGreen_161.4577m23.5965.fits
QSO_sim_z1.5482_MgIIGreen_207.3421m4.453.fits
QSO_sim_z1.5482_MgIIGreen_207.3421m4.453.fits
QSO_sim_z1.75_MgIIGreen_319.5919m42.1475.fits
QSO_sim_z1.75_MgIIGreen_319.5919m42.1475.fits
QSO_sim_z0.5782_MgIIBlueDeep_201.4814m3.6502.fits
QSO_sim_z0.5782_MgIIBlueDeep_201.4814m3.6502.fits
QSO_sim_z2.4686_MgIIGreen_348.6529m21.5856.fits
QSO_sim_z2.4686_MgIIGreen_348.6529m21.5856.fits
QSO_sim_z1.05_MgIIGreen_307.5969m63.32.fits
QSO_sim_z1.05_MgIIGreen_307.5969m63.32.fits
QSO_sim_z1.8846_MgIIGreen_159.0185m25.385.fits
QSO_sim_z1.8846_MgIIGreen_159.0185m25.385.fits
QSO_sim_z1.55_MgIIGreen_354.9799m49.2322.fits
QSO_sim_z1.55_MgIIGreen_354.9799m49.2322.fits
QSO_sim_z1.2101_MgIIGreen_315.5109m45.1824.fits
QSO_sim_z1.2101_MgIIGreen_315.5109m45.1824.fits
QSO_sim_z1.3201_MgIIGreen_301.4732m69.2614.fits
QSO_sim_z1.3201_MgIIGreen_301.4732m69.2614.fits
QSO_sim_z1.7299_MgIIGreen_307.846m38.4295.fits
QSO_sim_z1.7299_MgIIGreen_307.846m38.4295.fits
QSO_sim_z1.4125_MgIIGreen_13.8872m25.0349.fits
QSO_sim_z1.4125_MgIIGreen_13.8872m25.0349.fits
QSO_sim_z1.22_MgIIGreen_342.5076m14.4375.fits
QSO_sim_z1.22_MgIIGreen_342.5076m14.4375.fits
QSO_sim_z1.8137_MgIIGreen_178.9817m15.1667.fits
QSO_sim_z1.8137_MgIIGreen_178.9817m15.1667.fits
QSO_sim_z1.45_MgIIGreen_293.4423m49.7348.fits
QSO_sim_z1.45_MgIIGreen_293.4423m49.7348.fits
QSO_sim_z1.3674_MgIIGreen_349.5684m20.7832.fits
QSO_sim_z1.3674_MgIIGreen_349.5684m20.7832.fits
QSO_sim_z2.6171_MgIIBlueDeep_220.9988p0.6117.fits
QSO_sim_z2.6171_MgIIBlueDeep_220.9988p0.6117.fits
QSO_sim_z1.979_MgIIGreen_300.8934m69.1551.fits
QSO_sim_z1.979_MgIIGreen_300.8934m69.1551.fits
QSO_sim_z1.6452_MgIIGreen_15.3131m25.2039.fits
QSO_sim_z1.6452_MgIIGreen_15.3131m25.2039.fits
QSO_sim_z1.8941_MgIIGreen_60.9817m2.5511.fits
QSO_sim_z1.8941_MgIIGreen_60.9817m2.5511.fits
QSO_sim_z1.2808_MgIIGreen_243.4064m3.5389.fits
QSO_sim_z1.2808_MgIIGreen_243.4064m3.5389.fits
QSO_sim_z1.6207_MgIIGreen_313.8893m45.8838.fits
QSO_sim_z1.6207_MgIIGreen_313.8893m45.8838.fits
QSO_sim_z1.7123_MgIIGreen_24.4589m1.7275.fits
QSO_sim_z1.7123_MgIIGreen_24.4589m1.7275.fits
QSO_sim_z1.356_MgIIGreen_33.3019m48.0997.fits
QSO_sim_z1.356_MgIIGreen_33.3019m48.0997.fits
QSO_sim_z1.98_MgIIGreen_309.2939m38.4509.fits
QSO_sim_z1.98_MgIIGreen_309.2939m38.4509.fits
QSO_sim_z1.568_MgIIGreen_75.8897m34.8587.fits
QSO_sim_z1.568_MgIIGreen_75.8897m34.8587.fits
QSO_sim_z1.5843_MgIIGreen_217.9272m30.8495.fits
QSO_sim_z1.5843_MgIIGreen_217.9272m30.8495.fits
QSO_sim_z1.5214_MgIIGreen_204.2322m4.376.fits
QSO_sim_z1.5214_MgIIGreen_204.2322m4.376.fits
QSO_sim_z1.3626_MgIIBlueDeep_220.8261p0.0858.fits
QSO_sim_z1.3626_MgIIBlueDeep_220.8261p0.0858.fits
QSO_sim_z0.7143_MgIIBlueDeep_217.8251m1.2038.fits
QSO_sim_z0.7143_MgIIBlueDeep_217.8251m1.2038.fits
QSO_sim_z2.4762_MgIIGreen_349.0307m4.9742.fits
QSO_sim_z2.4762_MgIIGreen_349.0307m4.9742.fits
QSO_sim_z1.5375_MgIIGreen_36.2411m46.3415.fits
QSO_sim_z1.5375_MgIIGreen_36.2411m46.3415.fits
QSO_sim_z1.7088_MgIIGreen_29.3376m16.1215.fits
QSO_sim_z1.7088_MgIIGreen_29.3376m16.1215.fits
QSO_sim_z1.6241_MgIIBlueDeep_220.6455p1.0963.fits
QSO_sim_z1.6241_MgIIBlueDeep_220.6455p1.0963.fits
QSO_sim_z2.1_MgIIGreen_290.8824m53.416.fits
QSO_sim_z2.1_MgIIGreen_290.8824m53.416.fits
QSO_sim_z1.1365_MgIIGreen_198.7556m5.8427.fits
QSO_sim_z1.1365_MgIIGreen_198.7556m5.8427.fits
QSO_sim_z1.0761_MgIIGreen_1.906m41.938.fits
QSO_sim_z1.0761_MgIIGreen_1.906m41.938.fits
QSO_sim_z2.1766_MgIIGreen_73.6507m23.8743.fits
QSO_sim_z2.1766_MgIIGreen_73.6507m23.8743.fits
QSO_sim_z1.1906_MgIIBlueDeep_201.7169m2.4472.fits
QSO_sim_z1.1906_MgIIBlueDeep_201.7169m2.4472.fits
QSO_sim_z1.6737_MgIIGreen_113.2279m59.2764.fits
QSO_sim_z1.6737_MgIIGreen_113.2279m59.2764.fits
QSO_sim_z2.071_MgIIGreen_35.4388m46.1059.fits
QSO_sim_z2.071_MgIIGreen_35.4388m46.1059.fits
QSO_sim_z1.47_MgIIGreen_203.984m45.4647.fits
QSO_sim_z1.47_MgIIGreen_203.984m45.4647.fits
QSO_sim_z1.6258_MgIIGreen_64.262m1.3617.fits
QSO_sim_z1.6258_MgIIGreen_64.262m1.3617.fits
QSO_sim_z1.8751_MgIIGreen_245.4471m2.0986.fits
QSO_sim_z1.8751_MgIIGreen_245.4471m2.0986.fits
QSO_sim_z1.9_MgIIGreen_305.4101m65.8585.fits
QSO_sim_z1.9_MgIIGreen_305.4101m65.8585.fits
QSO_sim_z1.0429_MgIIGreen_217.2934m28.3588.fits
QSO_sim_z1.0429_MgIIGreen_217.2934m28.3588.fits
QSO_sim_z1.75_MgIIGreen_245.1146m14.2601.fits
QSO_sim_z1.75_MgIIGreen_245.1146m14.2601.fits
QSO_sim_z1.8397_MgIIGreen_176.1224m13.7688.fits
QSO_sim_z1.8397_MgIIGreen_176.1224m13.7688.fits
QSO_sim_z1.323_MgIIGreen_297.6213m45.5761.fits
QSO_sim_z1.323_MgIIGreen_297.6213m45.5761.fits
QSO_sim_z1.5005_MgIIGreen_106.1284m25.4061.fits
QSO_sim_z1.5005_MgIIGreen_106.1284m25.4061.fits
QSO_sim_z1.4001_MgIIGreen_23.3035m1.4369.fits
QSO_sim_z1.4001_MgIIGreen_23.3035m1.4369.fits
QSO_sim_z1.5191_MgIIGreen_197.2737m47.4372.fits
QSO_sim_z1.5191_MgIIGreen_197.2737m47.4372.fits
QSO_sim_z1.4045_MgIIGreen_359.1148m10.0682.fits
QSO_sim_z1.4045_MgIIGreen_359.1148m10.0682.fits
QSO_sim_z2.5164_MgIIGreen_72.7148m22.9244.fits
QSO_sim_z2.5164_MgIIGreen_72.7148m22.9244.fits
QSO_sim_z2.0707_MgIIGreen_193.4936m16.5633.fits
QSO_sim_z2.0707_MgIIGreen_193.4936m16.5633.fits
QSO_sim_z1.1629_MgIIGreen_177.8914m13.7213.fits
QSO_sim_z1.1629_MgIIGreen_177.8914m13.7213.fits
QSO_sim_z1.822_MgIIGreen_345.7425m2.5239.fits
QSO_sim_z1.822_MgIIGreen_345.7425m2.5239.fits
QSO_sim_z1.1827_MgIIGreen_190.1467m17.7664.fits
QSO_sim_z1.1827_MgIIGreen_190.1467m17.7664.fits
QSO_sim_z2.474_MgIIGreen_81.4556m50.5398.fits
QSO_sim_z2.474_MgIIGreen_81.4556m50.5398.fits
QSO_sim_z2.4753_MgIIGreen_359.4163m9.4642.fits
QSO_sim_z2.4753_MgIIGreen_359.4163m9.4642.fits
QSO_sim_z1.35_MgIIGreen_317.7109m47.6053.fits
QSO_sim_z1.35_MgIIGreen_317.7109m47.6053.fits
QSO_sim_z1.519_MgIIGreen_165.1924m4.8621.fits
QSO_sim_z1.519_MgIIGreen_165.1924m4.8621.fits
QSO_sim_z1.4097_MgIIGreen_295.918m45.3955.fits
QSO_sim_z1.4097_MgIIGreen_295.918m45.3955.fits
QSO_sim_z2.2_MgIIGreen_291.0676m53.5092.fits
QSO_sim_z2.2_MgIIGreen_291.0676m53.5092.fits
QSO_sim_z1.3513_MgIIGreen_73.3392m21.9151.fits
QSO_sim_z1.3513_MgIIGreen_73.3392m21.9151.fits
QSO_sim_z2.1738_MgIIGreen_155.6485m24.0715.fits
QSO_sim_z2.1738_MgIIGreen_155.6485m24.0715.fits
QSO_sim_z1.1761_MgIIGreen_39.1424m14.2887.fits
QSO_sim_z1.1761_MgIIGreen_39.1424m14.2887.fits
QSO_sim_z1.8704_MgIIGreen_199.4073m45.7166.fits
QSO_sim_z1.8704_MgIIGreen_199.4073m45.7166.fits
QSO_sim_z1.1571_MgIIGreen_296.3905m44.0646.fits
QSO_sim_z1.1571_MgIIGreen_296.3905m44.0646.fits
QSO_sim_z1.4562_MgIIGreen_345.7637m41.5638.fits
QSO_sim_z1.4562_MgIIGreen_345.7637m41.5638.fits
QSO_sim_z1.9963_MgIIGreen_164.8376m4.7036.fits
QSO_sim_z1.9963_MgIIGreen_164.8376m4.7036.fits
QSO_sim_z1.6272_MgIIGreen_339.175m13.6951.fits
QSO_sim_z1.6272_MgIIGreen_339.175m13.6951.fits
QSO_sim_z2.0509_MgIIGreen_324.5382m3.4473.fits
QSO_sim_z2.0509_MgIIGreen_324.5382m3.4473.fits
QSO_sim_z1.9592_MgIIGreen_352.6818m21.824.fits
QSO_sim_z1.9592_MgIIGreen_352.6818m21.824.fits
QSO_sim_z1.053_MgIIGreen_221.0256m26.2647.fits
QSO_sim_z1.053_MgIIGreen_221.0256m26.2647.fits
QSO_sim_z1.195_MgIIGreen_302.9483m67.2785.fits
QSO_sim_z1.195_MgIIGreen_302.9483m67.2785.fits
QSO_sim_z1.7_MgIIGreen_318.5308m47.7945.fits
QSO_sim_z1.7_MgIIGreen_318.5308m47.7945.fits
QSO_sim_z1.374_MgIIGreen_353.2789m21.7051.fits
QSO_sim_z1.374_MgIIGreen_353.2789m21.7051.fits
QSO_sim_z2.0829_MgIIGreen_343.4407m24.9216.fits
QSO_sim_z2.0829_MgIIGreen_343.4407m24.9216.fits
QSO_sim_z2.2689_MgIIGreen_191.1462m16.0413.fits
QSO_sim_z2.2689_MgIIGreen_191.1462m16.0413.fits
QSO_sim_z1.3348_MgIIGreen_191.9145m15.4846.fits
QSO_sim_z1.3348_MgIIGreen_191.9145m15.4846.fits
QSO_sim_z1.2009_MgIIGreen_353.1169m61.7543.fits
QSO_sim_z1.2009_MgIIGreen_353.1169m61.7543.fits
QSO_sim_z1.3587_MgIIGreen_345.824m3.2797.fits
QSO_sim_z1.3587_MgIIGreen_345.824m3.2797.fits
QSO_sim_z1.4007_MgIIGreen_153.1298m24.4265.fits
QSO_sim_z1.4007_MgIIGreen_153.1298m24.4265.fits
QSO_sim_z1.65_MgIIGreen_247.3875m19.4029.fits
QSO_sim_z1.65_MgIIGreen_247.3875m19.4029.fits
QSO_sim_z1.6_MgIIGreen_247.4029m19.3316.fits
QSO_sim_z1.6_MgIIGreen_247.4029m19.3316.fits
QSO_sim_z1.476_MgIIGreen_199.4066m4.7401.fits
QSO_sim_z1.476_MgIIGreen_199.4066m4.7401.fits
QSO_sim_z1.6095_MgIIGreen_10.5258m23.3201.fits
QSO_sim_z1.6095_MgIIGreen_10.5258m23.3201.fits
QSO_sim_z1.461_MgIIGreen_132.5284m64.9677.fits
QSO_sim_z1.461_MgIIGreen_132.5284m64.9677.fits
QSO_sim_z1.4409_MgIIGreen_218.4359m27.0903.fits
QSO_sim_z1.4409_MgIIGreen_218.4359m27.0903.fits
QSO_sim_z1.1084_MgIIGreen_345.9548m40.1508.fits
QSO_sim_z1.1084_MgIIGreen_345.9548m40.1508.fits
QSO_sim_z1.7274_MgIIGreen_253.0776m3.103.fits
QSO_sim_z1.7274_MgIIGreen_253.0776m3.103.fits
QSO_sim_z1.3032_MgIIGreen_191.5543m14.7503.fits
QSO_sim_z1.3032_MgIIGreen_191.5543m14.7503.fits
QSO_sim_z2.5498_MgIIGreen_197.9663m4.8477.fits
QSO_sim_z2.5498_MgIIGreen_197.9663m4.8477.fits
QSO_sim_z2.1495_MgIIGreen_174.4925p4.4097.fits
QSO_sim_z2.1495_MgIIGreen_174.4925p4.4097.fits
QSO_sim_z1.2106_MgIIGreen_135.4209m63.8363.fits
QSO_sim_z1.2106_MgIIGreen_135.4209m63.8363.fits
QSO_sim_z2.3299_MgIIGreen_328.5281m11.7724.fits
QSO_sim_z2.3299_MgIIGreen_328.5281m11.7724.fits
QSO_sim_z1.346_MgIIGreen_27.5864m48.3979.fits
QSO_sim_z1.346_MgIIGreen_27.5864m48.3979.fits
QSO_sim_z2.5628_MgIIGreen_26.7766m47.5792.fits
QSO_sim_z2.5628_MgIIGreen_26.7766m47.5792.fits
QSO_sim_z1.2487_MgIIGreen_216.7375m14.0815.fits
QSO_sim_z1.2487_MgIIGreen_216.7375m14.0815.fits
QSO_sim_z1.6104_MgIIBlueDeep_205.8525p1.9669.fits
QSO_sim_z1.6104_MgIIBlueDeep_205.8525p1.9669.fits
QSO_sim_z2.0694_MgIIGreen_252.3133m2.2999.fits
QSO_sim_z2.0694_MgIIGreen_252.3133m2.2999.fits
QSO_sim_z2.2_MgIIGreen_346.2111m9.261.fits
QSO_sim_z2.2_MgIIGreen_346.2111m9.261.fits
QSO_sim_z1.21_MgIIGreen_64.9666m32.4731.fits
QSO_sim_z1.21_MgIIGreen_64.9666m32.4731.fits
QSO_sim_z1.6715_MgIIGreen_62.91m55.4686.fits
QSO_sim_z1.6715_MgIIGreen_62.91m55.4686.fits
QSO_sim_z1.3592_MgIIGreen_13.0532m21.1744.fits
QSO_sim_z1.3592_MgIIGreen_13.0532m21.1744.fits
QSO_sim_z2.2121_MgIIGreen_353.9889m20.2445.fits
QSO_sim_z2.2121_MgIIGreen_353.9889m20.2445.fits
QSO_sim_z1.122_MgIIGreen_356.6929m60.7924.fits
QSO_sim_z1.122_MgIIGreen_356.6929m60.7924.fits
QSO_sim_z1.3728_MgIIGreen_328.6171m30.9621.fits
QSO_sim_z1.3728_MgIIGreen_328.6171m30.9621.fits
QSO_sim_z1.0929_MgIIGreen_346.6965m6.3165.fits
QSO_sim_z1.0929_MgIIGreen_346.6965m6.3165.fits
QSO_sim_z1.1236_MgIIGreen_135.5441m14.8103.fits
QSO_sim_z1.1236_MgIIGreen_135.5441m14.8103.fits
QSO_sim_z1.5_MgIIGreen_329.1296m12.095.fits
QSO_sim_z1.5_MgIIGreen_329.1296m12.095.fits
QSO_sim_z2.1_MgIIGreen_346.2527m8.0303.fits
QSO_sim_z2.1_MgIIGreen_346.2527m8.0303.fits
QSO_sim_z1.1643_MgIIGreen_357.8743m8.9911.fits
QSO_sim_z1.1643_MgIIGreen_357.8743m8.9911.fits
QSO_sim_z1.2448_MgIIGreen_179.6617m11.9974.fits
QSO_sim_z1.2448_MgIIGreen_179.6617m11.9974.fits
QSO_sim_z1.2009_MgIIGreen_212.9493m46.3323.fits
QSO_sim_z1.2009_MgIIGreen_212.9493m46.3323.fits
QSO_sim_z1.5613_MgIIGreen_4.2812m38.8914.fits
QSO_sim_z1.5613_MgIIGreen_4.2812m38.8914.fits
QSO_sim_z1.6779_MgIIGreen_177.546m12.2833.fits
QSO_sim_z1.6779_MgIIGreen_177.546m12.2833.fits
QSO_sim_z1.7191_MgIIGreen_73.9192m13.4031.fits
QSO_sim_z1.7191_MgIIGreen_73.9192m13.4031.fits
QSO_sim_z2.4955_MgIIGreen_357.2147m20.2814.fits
QSO_sim_z2.4955_MgIIGreen_357.2147m20.2814.fits
QSO_sim_z1.3_MgIIGreen_293.5421m50.0562.fits
QSO_sim_z1.3_MgIIGreen_293.5421m50.0562.fits
QSO_sim_z2.0744_MgIIGreen_51.3678m23.1468.fits
QSO_sim_z2.0744_MgIIGreen_51.3678m23.1468.fits
QSO_sim_z1.3385_MgIIGreen_34.5433m7.2181.fits
QSO_sim_z1.3385_MgIIGreen_34.5433m7.2181.fits
QSO_sim_z1.6847_MgIIGreen_356.8395m59.8309.fits
QSO_sim_z1.6847_MgIIGreen_356.8395m59.8309.fits
QSO_sim_z1.55_MgIIGreen_293.5317m54.5245.fits
QSO_sim_z1.55_MgIIGreen_293.5317m54.5245.fits
QSO_sim_z1.8959_MgIIGreen_301.2138m41.8156.fits
QSO_sim_z1.8959_MgIIGreen_301.2138m41.8156.fits
QSO_sim_z1.3485_MgIIGreen_318.0012m4.6083.fits
QSO_sim_z1.3485_MgIIGreen_318.0012m4.6083.fits
QSO_sim_z1.8056_MgIIGreen_216.558m12.2329.fits
QSO_sim_z1.8056_MgIIGreen_216.558m12.2329.fits
QSO_sim_z2.3092_MgIIBlueDeep_201.9209m2.2.fits
QSO_sim_z2.3092_MgIIBlueDeep_201.9209m2.2.fits
QSO_sim_z1.6517_MgIIGreen_141.3626m28.8657.fits
QSO_sim_z1.6517_MgIIGreen_141.3626m28.8657.fits
QSO_sim_z1.4853_MgIIGreen_211.8597m43.9716.fits
QSO_sim_z1.4853_MgIIGreen_211.8597m43.9716.fits
QSO_sim_z1.6011_MgIIGreen_141.0897m27.8608.fits
QSO_sim_z1.6011_MgIIGreen_141.0897m27.8608.fits
QSO_sim_z1.8_MgIIGreen_351.7556m50.3288.fits
QSO_sim_z1.8_MgIIGreen_351.7556m50.3288.fits
QSO_sim_z1.75_MgIIGreen_294.8311m59.0202.fits
QSO_sim_z1.75_MgIIGreen_294.8311m59.0202.fits
QSO_sim_z1.7461_MgIIGreen_59.144m49.5131.fits
QSO_sim_z1.7461_MgIIGreen_59.144m49.5131.fits
QSO_sim_z1.3501_MgIIGreen_170.5969p4.33.fits
QSO_sim_z1.3501_MgIIGreen_170.5969p4.33.fits
QSO_sim_z1.6924_MgIIGreen_57.5221m49.9769.fits
QSO_sim_z1.6924_MgIIGreen_57.5221m49.9769.fits
QSO_sim_z1.3954_MgIIGreen_351.9375m60.7021.fits
QSO_sim_z1.3954_MgIIGreen_351.9375m60.7021.fits
QSO_sim_z1.7_MgIIGreen_294.9647m57.8674.fits
QSO_sim_z1.7_MgIIGreen_294.9647m57.8674.fits
QSO_sim_z2.3534_MgIIGreen_317.1402m3.6586.fits
QSO_sim_z2.3534_MgIIGreen_317.1402m3.6586.fits
QSO_sim_z1.45_MgIIGreen_316.3366m52.9518.fits
QSO_sim_z1.45_MgIIGreen_316.3366m52.9518.fits
QSO_sim_z1.889_MgIIGreen_356.8032m7.6714.fits
QSO_sim_z1.889_MgIIGreen_356.8032m7.6714.fits
QSO_sim_z1.4316_MgIIGreen_58.0776m48.516.fits
QSO_sim_z1.4316_MgIIGreen_58.0776m48.516.fits
QSO_sim_z2.95_MgIIBlueDeep_217.5323m1.934.fits
QSO_sim_z2.95_MgIIBlueDeep_217.5323m1.934.fits
QSO_sim_z2.1713_MgIIGreen_326.2505m12.3183.fits
QSO_sim_z2.1713_MgIIGreen_326.2505m12.3183.fits
QSO_sim_z1.5_MgIIGreen_329.8791m11.3554.fits
QSO_sim_z1.5_MgIIGreen_329.8791m11.3554.fits
QSO_sim_z1.3904_MgIIGreen_351.2622m11.6547.fits
QSO_sim_z1.3904_MgIIGreen_351.2622m11.6547.fits
QSO_sim_z1.7685_MgIIBlueDeep_205.7492p0.9683.fits
QSO_sim_z1.7685_MgIIBlueDeep_205.7492p0.9683.fits
QSO_sim_z1.75_MgIIGreen_324.6663m29.7771.fits
QSO_sim_z1.75_MgIIGreen_324.6663m29.7771.fits
QSO_sim_z1.679_MgIIBlueDeep_217.741m2.0519.fits
QSO_sim_z1.679_MgIIBlueDeep_217.741m2.0519.fits
QSO_sim_z2.0335_MgIIGreen_301.1683m41.4945.fits
QSO_sim_z2.0335_MgIIGreen_301.1683m41.4945.fits
QSO_sim_z1.082_MgIIGreen_34.457m44.6404.fits
QSO_sim_z1.082_MgIIGreen_34.457m44.6404.fits
QSO_sim_z2.0313_MgIIGreen_335.6075m13.4234.fits
QSO_sim_z2.0313_MgIIGreen_335.6075m13.4234.fits
QSO_sim_z1.541_MgIIGreen_194.82m37.1676.fits
QSO_sim_z1.541_MgIIGreen_194.82m37.1676.fits
QSO_sim_z1.4874_MgIIGreen_310.2196m4.656.fits
QSO_sim_z1.4874_MgIIGreen_310.2196m4.656.fits
QSO_sim_z1.5619_MgIIGreen_252.1269p0.4031.fits
QSO_sim_z1.5619_MgIIGreen_252.1269p0.4031.fits
QSO_sim_z1.8686_MgIIGreen_228.5059m24.1877.fits
QSO_sim_z1.8686_MgIIGreen_228.5059m24.1877.fits
QSO_sim_z1.611_MgIIGreen_252.2663p0.5111.fits
QSO_sim_z1.611_MgIIGreen_252.2663p0.5111.fits
QSO_sim_z1.928_MgIIGreen_351.2422m11.0317.fits
QSO_sim_z1.928_MgIIGreen_351.2422m11.0317.fits
QSO_sim_z1.4341_MgIIGreen_226.8524m25.428.fits
QSO_sim_z1.4341_MgIIGreen_226.8524m25.428.fits
QSO_sim_z1.2269_MgIIGreen_71.0976m12.149.fits
QSO_sim_z1.2269_MgIIGreen_71.0976m12.149.fits
QSO_sim_z1.9974_MgIIGreen_306.4106m66.5223.fits
QSO_sim_z1.9974_MgIIGreen_306.4106m66.5223.fits
QSO_sim_z1.4861_MgIIGreen_249.0027m1.0758.fits
QSO_sim_z1.4861_MgIIGreen_249.0027m1.0758.fits
QSO_sim_z2.2494_MgIIGreen_59.9944m31.7109.fits
QSO_sim_z2.2494_MgIIGreen_59.9944m31.7109.fits
QSO_sim_z1.725_MgIIGreen_215.003m43.4111.fits
QSO_sim_z1.725_MgIIGreen_215.003m43.4111.fits
QSO_sim_z1.5452_MgIIGreen_351.8368m58.6265.fits
QSO_sim_z1.5452_MgIIGreen_351.8368m58.6265.fits
QSO_sim_z1.7332_MgIIGreen_75.2937m51.6726.fits
QSO_sim_z1.7332_MgIIGreen_75.2937m51.6726.fits
QSO_sim_z2.082_MgIIGreen_189.43m14.9288.fits
QSO_sim_z2.082_MgIIGreen_189.43m14.9288.fits
QSO_sim_z1.9221_MgIIGreen_350.9354m10.3535.fits
QSO_sim_z1.9221_MgIIGreen_350.9354m10.3535.fits
QSO_sim_z1.8745_MgIIGreen_248.0847p0.1892.fits
QSO_sim_z1.8745_MgIIGreen_248.0847p0.1892.fits
QSO_sim_z2.1753_MgIIGreen_326.017m0.6605.fits
QSO_sim_z2.1753_MgIIGreen_326.017m0.6605.fits
QSO_sim_z2.216_MgIIGreen_337.8029m13.8337.fits
QSO_sim_z2.216_MgIIGreen_337.8029m13.8337.fits
QSO_sim_z2.3117_MgIIGreen_129.6187m25.7091.fits
QSO_sim_z2.3117_MgIIGreen_129.6187m25.7091.fits
QSO_sim_z1.2009_MgIIGreen_155.6492m46.2912.fits
QSO_sim_z1.2009_MgIIGreen_155.6492m46.2912.fits
QSO_sim_z1.3313_MgIIGreen_351.7992m9.9749.fits
QSO_sim_z1.3313_MgIIGreen_351.7992m9.9749.fits
QSO_sim_z1.45_MgIIGreen_318.4151m50.3026.fits
QSO_sim_z1.45_MgIIGreen_318.4151m50.3026.fits
QSO_sim_z2.4448_MgIIBlueDeep_197.2388p3.5503.fits
QSO_sim_z2.4448_MgIIBlueDeep_197.2388p3.5503.fits
QSO_sim_z1.6421_MgIIGreen_53.7288m19.8071.fits
QSO_sim_z1.6421_MgIIGreen_53.7288m19.8071.fits
QSO_sim_z1.2362_MgIIGreen_55.083m20.093.fits
QSO_sim_z1.2362_MgIIGreen_55.083m20.093.fits
QSO_sim_z1.543_MgIIGreen_187.057m15.095.fits
QSO_sim_z1.543_MgIIGreen_187.057m15.095.fits
QSO_sim_z1.402_MgIIGreen_331.9984m25.8243.fits
QSO_sim_z1.402_MgIIGreen_331.9984m25.8243.fits
QSO_sim_z1.6695_MgIIGreen_32.7532m43.316.fits
QSO_sim_z1.6695_MgIIGreen_32.7532m43.316.fits
QSO_sim_z1.4998_MgIIGreen_221.8177m25.965.fits
QSO_sim_z1.4998_MgIIGreen_221.8177m25.965.fits
QSO_sim_z1.1087_MgIIGreen_116.4034m52.8128.fits
QSO_sim_z1.1087_MgIIGreen_116.4034m52.8128.fits
QSO_sim_z1.2973_MgIIGreen_217.8128m5.9347.fits
QSO_sim_z1.2973_MgIIGreen_217.8128m5.9347.fits
QSO_sim_z1.3359_MgIIGreen_134.8865m12.5167.fits
QSO_sim_z1.3359_MgIIGreen_134.8865m12.5167.fits
QSO_sim_z1.5_MgIIGreen_319.477m53.4556.fits
QSO_sim_z1.5_MgIIGreen_319.477m53.4556.fits
QSO_sim_z1.5875_MgIIGreen_54.4664m18.8473.fits
QSO_sim_z1.5875_MgIIGreen_54.4664m18.8473.fits
QSO_sim_z1.786_MgIIGreen_71.2161m20.0128.fits
QSO_sim_z1.786_MgIIGreen_71.2161m20.0128.fits
QSO_sim_z2.067_MgIIGreen_13.5731m37.2737.fits
QSO_sim_z2.067_MgIIGreen_13.5731m37.2737.fits
QSO_sim_z1.5397_MgIIGreen_313.7694m5.058.fits
QSO_sim_z1.5397_MgIIGreen_313.7694m5.058.fits
QSO_sim_z1.2_MgIIGreen_251.3967m0.5108.fits
QSO_sim_z1.2_MgIIGreen_251.3967m0.5108.fits
QSO_sim_z1.7779_MgIIBlueDeep_196.6552p3.779.fits
QSO_sim_z1.7779_MgIIBlueDeep_196.6552p3.779.fits
QSO_sim_z2.2462_MgIIGreen_32.5265m13.9144.fits
QSO_sim_z2.2462_MgIIGreen_32.5265m13.9144.fits
QSO_sim_z1.661_MgIIGreen_351.3016m21.0649.fits
QSO_sim_z1.661_MgIIGreen_351.3016m21.0649.fits
QSO_sim_z1.8084_MgIIGreen_163.6386p4.8578.fits
QSO_sim_z1.8084_MgIIGreen_163.6386p4.8578.fits
QSO_sim_z1.2661_MgIIGreen_59.7963m28.795.fits
QSO_sim_z1.2661_MgIIGreen_59.7963m28.795.fits
QSO_sim_z1.4183_MgIIGreen_210.6358m13.3921.fits
QSO_sim_z1.4183_MgIIGreen_210.6358m13.3921.fits
QSO_sim_z1.045_MgIIGreen_324.3749m11.8905.fits
QSO_sim_z1.045_MgIIGreen_324.3749m11.8905.fits
QSO_sim_z1.6078_MgIIGreen_15.7519m36.1987.fits
QSO_sim_z1.6078_MgIIGreen_15.7519m36.1987.fits
QSO_sim_z1.2661_MgIIGreen_137.9501m25.2231.fits
QSO_sim_z1.2661_MgIIGreen_137.9501m25.2231.fits
QSO_sim_z2.0712_MgIIGreen_76.0383m9.6314.fits
QSO_sim_z2.0712_MgIIGreen_76.0383m9.6314.fits
QSO_sim_z1.4384_MgIIGreen_135.8758m12.3859.fits
QSO_sim_z1.4384_MgIIGreen_135.8758m12.3859.fits
QSO_sim_z1.95_MgIIGreen_292.3896m55.6989.fits
QSO_sim_z1.95_MgIIGreen_292.3896m55.6989.fits
QSO_sim_z1.4337_MgIIGreen_73.946m49.4566.fits
QSO_sim_z1.4337_MgIIGreen_73.946m49.4566.fits
QSO_sim_z1.9359_MgIIGreen_30.3454m14.6384.fits
QSO_sim_z1.9359_MgIIGreen_30.3454m14.6384.fits
QSO_sim_z1.7994_MgIIGreen_136.2954m25.5002.fits
QSO_sim_z1.7994_MgIIGreen_136.2954m25.5002.fits
QSO_sim_z1.4_MgIIGreen_329.8055m21.8548.fits
QSO_sim_z1.4_MgIIGreen_329.8055m21.8548.fits
QSO_sim_z1.189_MgIIGreen_338.3672m25.6361.fits
QSO_sim_z1.189_MgIIGreen_338.3672m25.6361.fits
QSO_sim_z1.15_MgIIGreen_315.121m58.5216.fits
QSO_sim_z1.15_MgIIGreen_315.121m58.5216.fits
QSO_sim_z1.9689_MgIIGreen_30.5616m14.196.fits
QSO_sim_z1.9689_MgIIGreen_30.5616m14.196.fits
QSO_sim_z2.0425_MgIIGreen_145.3831m8.5942.fits
QSO_sim_z2.0425_MgIIGreen_145.3831m8.5942.fits
QSO_sim_z1.5223_MgIIGreen_171.879m50.1357.fits
QSO_sim_z1.5223_MgIIGreen_171.879m50.1357.fits
QSO_sim_z1.82_MgIIGreen_350.8035m55.8319.fits
QSO_sim_z1.82_MgIIGreen_350.8035m55.8319.fits
QSO_sim_z1.9636_MgIIBlueDeep_186.5667m3.7391.fits
QSO_sim_z1.9636_MgIIBlueDeep_186.5667m3.7391.fits
QSO_sim_z1.5074_MgIIGreen_353.4191m19.9422.fits
QSO_sim_z1.5074_MgIIGreen_353.4191m19.9422.fits
QSO_sim_z1.5687_MgIIGreen_336.7807m25.6893.fits
QSO_sim_z1.5687_MgIIGreen_336.7807m25.6893.fits
QSO_sim_z1.2504_MgIIGreen_145.4477m8.1924.fits
QSO_sim_z1.2504_MgIIGreen_145.4477m8.1924.fits
QSO_sim_z2.2118_MgIIGreen_326.2228m11.1275.fits
QSO_sim_z2.2118_MgIIGreen_326.2228m11.1275.fits
QSO_sim_z1.7414_MgIIGreen_353.5136m19.5689.fits
QSO_sim_z1.7414_MgIIGreen_353.5136m19.5689.fits
QSO_sim_z1.5438_MgIIGreen_190.6989m36.1061.fits
QSO_sim_z1.5438_MgIIGreen_190.6989m36.1061.fits
QSO_sim_z1.8279_MgIIGreen_337.1513m12.0286.fits
QSO_sim_z1.8279_MgIIGreen_337.1513m12.0286.fits
QSO_sim_z2.0767_MgIIGreen_236.773m8.2344.fits
QSO_sim_z2.0767_MgIIGreen_236.773m8.2344.fits
QSO_sim_z2.5222_MgIIGreen_50.0719m1.0271.fits
QSO_sim_z2.5222_MgIIGreen_50.0719m1.0271.fits
QSO_sim_z1.8243_MgIIGreen_111.5426m52.9492.fits
QSO_sim_z1.8243_MgIIGreen_111.5426m52.9492.fits
QSO_sim_z1.7893_MgIIGreen_343.7522m60.3747.fits
QSO_sim_z1.7893_MgIIGreen_343.7522m60.3747.fits
QSO_sim_z1.1086_MgIIGreen_132.4003m25.2405.fits
QSO_sim_z1.1086_MgIIGreen_132.4003m25.2405.fits
QSO_sim_z2.0049_MgIIGreen_189.1311m35.7648.fits
QSO_sim_z2.0049_MgIIGreen_189.1311m35.7648.fits
QSO_sim_z1.253_MgIIGreen_335.8209m12.1027.fits
QSO_sim_z1.253_MgIIGreen_335.8209m12.1027.fits
QSO_sim_z2.3508_MgIIGreen_193.1398m12.6081.fits
QSO_sim_z2.3508_MgIIGreen_193.1398m12.6081.fits
QSO_sim_z1.3843_MgIIGreen_236.0128m7.4493.fits
QSO_sim_z1.3843_MgIIGreen_236.0128m7.4493.fits
QSO_sim_z2.4624_MgIIGreen_300.3524m38.6794.fits
QSO_sim_z2.4624_MgIIGreen_300.3524m38.6794.fits
QSO_sim_z2.3868_MgIIGreen_75.2974m8.8288.fits
QSO_sim_z2.3868_MgIIGreen_75.2974m8.8288.fits
QSO_sim_z1.653_MgIIGreen_133.2631m11.3265.fits
QSO_sim_z1.653_MgIIGreen_133.2631m11.3265.fits
QSO_sim_z1.55_MgIIGreen_293.3598m55.112.fits
QSO_sim_z1.55_MgIIGreen_293.3598m55.112.fits
QSO_sim_z1.6762_MgIIGreen_52.9463m1.2958.fits
QSO_sim_z1.6762_MgIIGreen_52.9463m1.2958.fits
QSO_sim_z1.1847_MgIIGreen_316.3366m28.7126.fits
QSO_sim_z1.1847_MgIIGreen_316.3366m28.7126.fits
QSO_sim_z1.2371_MgIIGreen_73.6104m46.5766.fits
QSO_sim_z1.2371_MgIIGreen_73.6104m46.5766.fits
QSO_sim_z1.5785_MgIIGreen_187.1143m34.7238.fits
QSO_sim_z1.5785_MgIIGreen_187.1143m34.7238.fits
QSO_sim_z1.5871_MgIIGreen_333.15m1.286.fits
QSO_sim_z1.5871_MgIIGreen_333.15m1.286.fits
QSO_sim_z1.7639_MgIIGreen_147.1751m6.4862.fits
QSO_sim_z1.7639_MgIIGreen_147.1751m6.4862.fits
QSO_sim_z1.8466_MgIIGreen_317.4297m29.457.fits
QSO_sim_z1.8466_MgIIGreen_317.4297m29.457.fits
QSO_sim_z1.5239_MgIIBlueDeep_185.3134m3.0619.fits
QSO_sim_z1.5239_MgIIBlueDeep_185.3134m3.0619.fits
QSO_sim_z1.365_MgIIGreen_22.7511m40.7633.fits
QSO_sim_z1.365_MgIIGreen_22.7511m40.7633.fits
QSO_sim_z1.4823_MgIIGreen_135.0479m22.8747.fits
QSO_sim_z1.4823_MgIIGreen_135.0479m22.8747.fits
QSO_sim_z1.8_MgIIGreen_327.3297m38.2892.fits
QSO_sim_z1.8_MgIIGreen_327.3297m38.2892.fits
QSO_sim_z2.3379_MgIIGreen_59.8131m27.2596.fits
QSO_sim_z2.3379_MgIIGreen_59.8131m27.2596.fits
QSO_sim_z1.2434_MgIIGreen_339.7868m25.2742.fits
QSO_sim_z1.2434_MgIIGreen_339.7868m25.2742.fits
QSO_sim_z1.3704_MgIIGreen_349.207m59.4699.fits
QSO_sim_z1.3704_MgIIGreen_349.207m59.4699.fits
QSO_sim_z1.3684_MgIIGreen_211.4784m5.3946.fits
QSO_sim_z1.3684_MgIIGreen_211.4784m5.3946.fits
QSO_sim_z1.5_MgIIGreen_312.8302m0.8846.fits
QSO_sim_z1.5_MgIIGreen_312.8302m0.8846.fits
QSO_sim_z1.8049_MgIIGreen_347.0645m39.735.fits
QSO_sim_z1.8049_MgIIGreen_347.0645m39.735.fits
QSO_sim_z1.2708_MgIIGreen_190.9266m34.572.fits
QSO_sim_z1.2708_MgIIGreen_190.9266m34.572.fits
QSO_sim_z1.6044_MgIIGreen_22.4787m40.0097.fits
QSO_sim_z1.6044_MgIIGreen_22.4787m40.0097.fits
QSO_sim_z2.2859_MgIIGreen_67.0986m49.5663.fits
QSO_sim_z2.2859_MgIIGreen_67.0986m49.5663.fits
QSO_sim_z1.0679_MgIIGreen_349.1507m19.192.fits
QSO_sim_z1.0679_MgIIGreen_349.1507m19.192.fits
QSO_sim_z1.5119_MgIIGreen_235.789m6.8868.fits
QSO_sim_z1.5119_MgIIGreen_235.789m6.8868.fits
QSO_sim_z2.266_MgIIGreen_348.2736m38.349.fits
QSO_sim_z2.266_MgIIGreen_348.2736m38.349.fits
QSO_sim_z1.284_MgIIGreen_338.3059m10.7472.fits
QSO_sim_z1.284_MgIIGreen_338.3059m10.7472.fits
QSO_sim_z1.1729_MgIIGreen_69.932m9.9836.fits
QSO_sim_z1.1729_MgIIGreen_69.932m9.9836.fits
QSO_sim_z1.8353_MgIIGreen_60.6356m26.4163.fits
QSO_sim_z1.8353_MgIIGreen_60.6356m26.4163.fits
QSO_sim_z1.328_MgIIGreen_342.4334m24.7777.fits
QSO_sim_z1.328_MgIIGreen_342.4334m24.7777.fits
QSO_sim_z2.2114_MgIIGreen_334.6726m2.0758.fits
QSO_sim_z2.2114_MgIIGreen_334.6726m2.0758.fits
QSO_sim_z1.1693_MgIIGreen_303.9649m40.3189.fits
QSO_sim_z1.1693_MgIIGreen_303.9649m40.3189.fits
QSO_sim_z1.3_MgIIGreen_294.3003m62.8211.fits
QSO_sim_z1.3_MgIIGreen_294.3003m62.8211.fits
QSO_sim_z1.099_MgIIGreen_144.1507m7.1519.fits
QSO_sim_z1.099_MgIIGreen_144.1507m7.1519.fits
QSO_sim_z1.1666_MgIIGreen_143.8988m6.9001.fits
QSO_sim_z1.1666_MgIIGreen_143.8988m6.9001.fits
QSO_sim_z1.4009_MgIIGreen_142.0854m12.2399.fits
QSO_sim_z1.4009_MgIIGreen_142.0854m12.2399.fits
QSO_sim_z1.8263_MgIIGreen_69.7081m17.5109.fits
QSO_sim_z1.8263_MgIIGreen_69.7081m17.5109.fits
QSO_sim_z1.2443_MgIIGreen_348.0485m57.9504.fits
QSO_sim_z1.2443_MgIIGreen_348.0485m57.9504.fits
QSO_sim_z1.6985_MgIIGreen_144.6886m6.1885.fits
QSO_sim_z1.6985_MgIIGreen_144.6886m6.1885.fits
QSO_sim_z1.9_MgIIBlueDeep_221.4043p2.1649.fits
QSO_sim_z1.9_MgIIBlueDeep_221.4043p2.1649.fits
QSO_sim_z1.88_MgIIGreen_312.7526m2.9641.fits
QSO_sim_z1.88_MgIIGreen_312.7526m2.9641.fits
QSO_sim_z1.43_MgIIGreen_65.5062m48.3205.fits
QSO_sim_z1.43_MgIIGreen_65.5062m48.3205.fits
QSO_sim_z1.4548_MgIIGreen_305.5731m27.9871.fits
QSO_sim_z1.4548_MgIIGreen_305.5731m27.9871.fits
QSO_sim_z2.0166_MgIIBlueDeep_206.3836p3.0901.fits
QSO_sim_z2.0166_MgIIBlueDeep_206.3836p3.0901.fits
QSO_sim_z2.3843_MgIIGreen_350.8973m37.4621.fits
QSO_sim_z2.3843_MgIIGreen_350.8973m37.4621.fits
QSO_sim_z1.3048_MgIIGreen_350.7527m17.9978.fits
QSO_sim_z1.3048_MgIIGreen_350.7527m17.9978.fits
QSO_sim_z1.2557_MgIIGreen_188.4831m7.9842.fits
QSO_sim_z1.2557_MgIIGreen_188.4831m7.9842.fits
QSO_sim_z2.4598_MgIIGreen_237.4902m26.8211.fits
QSO_sim_z2.4598_MgIIGreen_237.4902m26.8211.fits
QSO_sim_z1.084_MgIIGreen_239.2099m6.3682.fits
QSO_sim_z1.084_MgIIGreen_239.2099m6.3682.fits
QSO_sim_z1.2913_MgIIGreen_337.6702m10.3113.fits
QSO_sim_z1.2913_MgIIGreen_337.6702m10.3113.fits
QSO_sim_z2.3329_MgIIGreen_209.4131m5.3078.fits
QSO_sim_z2.3329_MgIIGreen_209.4131m5.3078.fits
QSO_sim_z1.4148_MgIIGreen_140.1844m11.9131.fits
QSO_sim_z1.4148_MgIIGreen_140.1844m11.9131.fits
QSO_sim_z1.1517_MgIIGreen_210.283m4.9004.fits
QSO_sim_z1.1517_MgIIGreen_210.283m4.9004.fits
QSO_sim_z2.4837_MgIIGreen_59.5113m45.2465.fits
QSO_sim_z2.4837_MgIIGreen_59.5113m45.2465.fits
QSO_sim_z1.3213_MgIIGreen_104.7034m53.7789.fits
QSO_sim_z1.3213_MgIIGreen_104.7034m53.7789.fits
QSO_sim_z2.5_MgIIGreen_315.4739m61.5168.fits
QSO_sim_z2.5_MgIIGreen_315.4739m61.5168.fits
QSO_sim_z1.0815_MgIIGreen_69.2775m28.2035.fits
QSO_sim_z1.0815_MgIIGreen_69.2775m28.2035.fits
QSO_sim_z2.0158_MgIIBlueDeep_206.3593p0.2448.fits
QSO_sim_z2.0158_MgIIBlueDeep_206.3593p0.2448.fits
QSO_sim_z2.3626_MgIIGreen_69.053m27.9859.fits
QSO_sim_z2.3626_MgIIGreen_69.053m27.9859.fits
QSO_sim_z1.2168_MgIIGreen_68.3668m9.1905.fits
QSO_sim_z1.2168_MgIIGreen_68.3668m9.1905.fits
QSO_sim_z2.2_MgIIGreen_290.433m60.2255.fits
QSO_sim_z2.2_MgIIGreen_290.433m60.2255.fits
QSO_sim_z1.7842_MgIIGreen_146.0712m27.8927.fits
QSO_sim_z1.7842_MgIIGreen_146.0712m27.8927.fits
QSO_sim_z1.6524_MgIIGreen_190.4787m33.0039.fits
QSO_sim_z1.6524_MgIIGreen_190.4787m33.0039.fits
QSO_sim_z1.9882_MgIIGreen_55.7042m45.9847.fits
QSO_sim_z1.9882_MgIIGreen_55.7042m45.9847.fits
QSO_sim_z2.4636_MgIIGreen_75.4907m16.9849.fits
QSO_sim_z2.4636_MgIIGreen_75.4907m16.9849.fits
QSO_sim_z1.9914_MgIIGreen_145.6183m5.9061.fits
QSO_sim_z1.9914_MgIIGreen_145.6183m5.9061.fits
QSO_sim_z1.0952_MgIIGreen_338.5121m24.4286.fits
QSO_sim_z1.0952_MgIIGreen_338.5121m24.4286.fits
QSO_sim_z1.7535_MgIIBlueDeep_206.5429p2.0093.fits
QSO_sim_z1.7535_MgIIBlueDeep_206.5429p2.0093.fits
QSO_sim_z1.2978_MgIIGreen_42.4455m16.7682.fits
QSO_sim_z1.2978_MgIIGreen_42.4455m16.7682.fits
QSO_sim_z0.8903_MgIIBlueDeep_186.394m1.8016.fits
QSO_sim_z0.8903_MgIIBlueDeep_186.394m1.8016.fits
QSO_sim_z1.0831_MgIIGreen_235.8097m26.6103.fits
QSO_sim_z1.0831_MgIIGreen_235.8097m26.6103.fits
QSO_sim_z1.521_MgIIGreen_45.91m19.6835.fits
QSO_sim_z1.521_MgIIGreen_45.91m19.6835.fits
QSO_sim_z2.2616_MgIIGreen_43.4997m16.6622.fits
QSO_sim_z2.2616_MgIIGreen_43.4997m16.6622.fits
QSO_sim_z2.5039_MgIIGreen_43.568m16.4412.fits
QSO_sim_z2.5039_MgIIGreen_43.568m16.4412.fits
QSO_sim_z1.2616_MgIIGreen_213.6881m9.9916.fits
QSO_sim_z1.2616_MgIIGreen_213.6881m9.9916.fits
QSO_sim_z2.4019_MgIIGreen_168.9358m27.3079.fits
QSO_sim_z2.4019_MgIIGreen_168.9358m27.3079.fits
QSO_sim_z1.3626_MgIIGreen_322.5563m27.4929.fits
QSO_sim_z1.3626_MgIIGreen_322.5563m27.4929.fits
QSO_sim_z2.4092_MgIIGreen_140.7611m11.1347.fits
QSO_sim_z2.4092_MgIIGreen_140.7611m11.1347.fits
QSO_sim_z1.3167_MgIIGreen_101.0586m52.6831.fits
QSO_sim_z1.3167_MgIIGreen_101.0586m52.6831.fits
QSO_sim_z1.2782_MgIIGreen_336.3222p0.3527.fits
QSO_sim_z1.2782_MgIIGreen_336.3222p0.3527.fits
QSO_sim_z1.4844_MgIIGreen_208.5555m41.2772.fits
QSO_sim_z1.4844_MgIIGreen_208.5555m41.2772.fits
QSO_sim_z1.5723_MgIIGreen_147.1252m26.4453.fits
QSO_sim_z1.5723_MgIIGreen_147.1252m26.4453.fits
QSO_sim_z2.1353_MgIIGreen_341.4542m23.4678.fits
QSO_sim_z2.1353_MgIIGreen_341.4542m23.4678.fits
QSO_sim_z1.7438_MgIIGreen_345.0694m56.6856.fits
QSO_sim_z1.7438_MgIIGreen_345.0694m56.6856.fits
QSO_sim_z1.3229_MgIIGreen_67.1025m44.733.fits
QSO_sim_z1.3229_MgIIGreen_67.1025m44.733.fits
QSO_sim_z1.5448_MgIIGreen_206.8612m40.1303.fits
QSO_sim_z1.5448_MgIIGreen_206.8612m40.1303.fits
QSO_sim_z2.35_MgIIGreen_291.1101m62.1303.fits
QSO_sim_z2.35_MgIIGreen_291.1101m62.1303.fits
QSO_sim_z1.2807_MgIIGreen_321.5616m26.7875.fits
QSO_sim_z1.2807_MgIIGreen_321.5616m26.7875.fits
QSO_sim_z1.5338_MgIIGreen_234.998m5.3552.fits
QSO_sim_z1.5338_MgIIGreen_234.998m5.3552.fits
QSO_sim_z2.321_MgIIGreen_48.7526m18.4382.fits
QSO_sim_z2.321_MgIIGreen_48.7526m18.4382.fits
QSO_sim_z1.4848_MgIIGreen_190.9349m30.8399.fits
QSO_sim_z1.4848_MgIIGreen_190.9349m30.8399.fits
QSO_sim_z1.265_MgIIGreen_235.5042m4.8186.fits
QSO_sim_z1.265_MgIIGreen_235.5042m4.8186.fits
QSO_sim_z1.3981_MgIIGreen_235.9392m4.988.fits
QSO_sim_z1.3981_MgIIGreen_235.9392m4.988.fits
QSO_sim_z1.55_MgIIBlueDeep_218.5756m2.7638.fits
QSO_sim_z1.55_MgIIBlueDeep_218.5756m2.7638.fits
QSO_sim_z1.2713_MgIIGreen_63.7852m45.3017.fits
QSO_sim_z1.2713_MgIIGreen_63.7852m45.3017.fits
QSO_sim_z1.71_MgIIGreen_149.8736m26.2023.fits
QSO_sim_z1.71_MgIIGreen_149.8736m26.2023.fits
QSO_sim_z2.0401_MgIIGreen_355.7092m15.9928.fits
QSO_sim_z2.0401_MgIIGreen_355.7092m15.9928.fits
QSO_sim_z1.2282_MgIIGreen_98.3686m52.4658.fits
QSO_sim_z1.2282_MgIIGreen_98.3686m52.4658.fits
QSO_sim_z2.142_MgIIGreen_355.2098m7.0989.fits
QSO_sim_z2.142_MgIIGreen_355.2098m7.0989.fits
QSO_sim_z2.444_MgIIBlueDeep_221.4377p2.677.fits
QSO_sim_z2.444_MgIIBlueDeep_221.4377p2.677.fits
QSO_sim_z1.2476_MgIIGreen_344.7546m12.2635.fits
QSO_sim_z1.2476_MgIIGreen_344.7546m12.2635.fits
QSO_sim_z1.9292_MgIIGreen_100.861m52.2637.fits
QSO_sim_z1.9292_MgIIGreen_100.861m52.2637.fits
QSO_sim_z1.2501_MgIIGreen_31.824m3.5834.fits
QSO_sim_z1.2501_MgIIGreen_31.824m3.5834.fits
QSO_sim_z2.1714_MgIIGreen_302.1188m37.4658.fits
QSO_sim_z2.1714_MgIIGreen_302.1188m37.4658.fits
QSO_sim_z1.1186_MgIIGreen_61.4408m45.2094.fits
QSO_sim_z1.1186_MgIIGreen_61.4408m45.2094.fits
QSO_sim_z1.2491_MgIIGreen_238.1498m23.7993.fits
QSO_sim_z1.2491_MgIIGreen_238.1498m23.7993.fits
QSO_sim_z1.2943_MgIIGreen_353.0093m7.912.fits
QSO_sim_z1.2943_MgIIGreen_353.0093m7.912.fits
QSO_sim_z1.6196_MgIIGreen_173.7172m42.2171.fits
QSO_sim_z1.6196_MgIIGreen_173.7172m42.2171.fits
QSO_sim_z1.6893_MgIIBlueDeep_221.6627p3.8815.fits
QSO_sim_z1.6893_MgIIBlueDeep_221.6627p3.8815.fits
QSO_sim_z2.1814_MgIIGreen_48.8635p0.7467.fits
QSO_sim_z2.1814_MgIIGreen_48.8635p0.7467.fits
QSO_sim_z1.2027_MgIIGreen_172.7098m41.1368.fits
QSO_sim_z1.2027_MgIIGreen_172.7098m41.1368.fits
QSO_sim_z1.6905_MgIIGreen_204.378m38.1444.fits
QSO_sim_z1.6905_MgIIGreen_204.378m38.1444.fits
QSO_sim_z2.05_MgIIGreen_294.088m63.4662.fits
QSO_sim_z2.05_MgIIGreen_294.088m63.4662.fits
QSO_sim_z1.6626_MgIIGreen_215.7847p4.7997.fits
QSO_sim_z1.6626_MgIIGreen_215.7847p4.7997.fits
QSO_sim_z1.156_MgIIGreen_61.2492m44.336.fits
QSO_sim_z1.156_MgIIGreen_61.2492m44.336.fits
QSO_sim_z1.9993_MgIIGreen_203.5987m37.6936.fits
QSO_sim_z1.9993_MgIIGreen_203.5987m37.6936.fits
QSO_sim_z1.7143_MgIIBlueDeep_185.5267m1.8811.fits
QSO_sim_z1.7143_MgIIBlueDeep_185.5267m1.8811.fits
QSO_sim_z1.5259_MgIIGreen_98.2998m52.1702.fits
QSO_sim_z1.5259_MgIIGreen_98.2998m52.1702.fits
QSO_sim_z2.1524_MgIIGreen_234.5932m25.8014.fits
QSO_sim_z2.1524_MgIIGreen_234.5932m25.8014.fits
QSO_sim_z1.5845_MgIIGreen_145.5504m9.121.fits
QSO_sim_z1.5845_MgIIGreen_145.5504m9.121.fits
QSO_sim_z1.4156_MgIIGreen_223.7662m16.4997.fits
QSO_sim_z1.4156_MgIIGreen_223.7662m16.4997.fits
QSO_sim_z1.1606_MgIIGreen_214.99p4.838.fits
QSO_sim_z1.1606_MgIIGreen_214.99p4.838.fits
QSO_sim_z2.2495_MgIIGreen_352.1555m7.5974.fits
QSO_sim_z2.2495_MgIIGreen_352.1555m7.5974.fits
QSO_sim_z1.2508_MgIIGreen_307.9635m24.0538.fits
QSO_sim_z1.2508_MgIIGreen_307.9635m24.0538.fits
QSO_sim_z1.0861_MgIIGreen_306.7388m37.8182.fits
QSO_sim_z1.0861_MgIIGreen_306.7388m37.8182.fits
QSO_sim_z2.2183_MgIIGreen_233.2662m25.6758.fits
QSO_sim_z2.2183_MgIIGreen_233.2662m25.6758.fits
QSO_sim_z1.4342_MgIIGreen_86.4087m52.1399.fits
QSO_sim_z1.4342_MgIIGreen_86.4087m52.1399.fits
QSO_sim_z1.6075_MgIIGreen_328.2343m0.8603.fits
QSO_sim_z1.6075_MgIIGreen_328.2343m0.8603.fits
QSO_sim_z1.6548_MgIIGreen_45.9283p0.4501.fits
QSO_sim_z1.6548_MgIIGreen_45.9283p0.4501.fits
QSO_sim_z1.1259_MgIIGreen_234.2363m24.3348.fits
QSO_sim_z1.1259_MgIIGreen_234.2363m24.3348.fits
QSO_sim_z2.1219_MgIIGreen_45.9604p0.4611.fits
QSO_sim_z2.1219_MgIIGreen_45.9604p0.4611.fits
QSO_sim_z1.25_MgIIGreen_232.7203m3.2306.fits
QSO_sim_z1.25_MgIIGreen_232.7203m3.2306.fits
QSO_sim_z1.451_MgIIGreen_20.6165m36.5288.fits
QSO_sim_z1.451_MgIIGreen_20.6165m36.5288.fits
QSO_sim_z1.0764_MgIIGreen_170.277m24.1802.fits
QSO_sim_z1.0764_MgIIGreen_170.277m24.1802.fits
QSO_sim_z1.859_MgIIGreen_144.9388m8.776.fits
QSO_sim_z1.859_MgIIGreen_144.9388m8.776.fits
QSO_sim_z1.3321_MgIIGreen_214.2914m37.3324.fits
QSO_sim_z1.3321_MgIIGreen_214.2914m37.3324.fits
QSO_sim_z2.071_MgIIGreen_306.2216m36.7802.fits
QSO_sim_z2.071_MgIIGreen_306.2216m36.7802.fits
QSO_sim_z1.4817_MgIIGreen_213.2231p4.7032.fits
QSO_sim_z1.4817_MgIIGreen_213.2231p4.7032.fits
QSO_sim_z1.5251_MgIIGreen_332.1067m50.8998.fits
QSO_sim_z1.5251_MgIIGreen_332.1067m50.8998.fits
QSO_sim_z2.1625_MgIIGreen_85.5495m49.4573.fits
QSO_sim_z2.1625_MgIIGreen_85.5495m49.4573.fits
QSO_sim_z1.1107_MgIIGreen_212.7075p4.8711.fits
QSO_sim_z1.1107_MgIIGreen_212.7075p4.8711.fits
QSO_sim_z1.7231_MgIIGreen_235.746m3.9833.fits
QSO_sim_z1.7231_MgIIGreen_235.746m3.9833.fits
QSO_sim_z1.489_MgIIGreen_80.9993m16.7757.fits
QSO_sim_z1.489_MgIIGreen_80.9993m16.7757.fits
QSO_sim_z1.2765_MgIIGreen_186.5308m7.03.fits
QSO_sim_z1.2765_MgIIGreen_186.5308m7.03.fits
QSO_sim_z1.6943_MgIIGreen_34.9892m3.2541.fits
QSO_sim_z1.6943_MgIIGreen_34.9892m3.2541.fits
QSO_sim_z1.656_MgIIGreen_217.3803m37.3079.fits
QSO_sim_z1.656_MgIIGreen_217.3803m37.3079.fits
QSO_sim_z1.2326_MgIIGreen_143.0789m9.8062.fits
QSO_sim_z1.2326_MgIIGreen_143.0789m9.8062.fits
QSO_sim_z1.1308_MgIIGreen_330.9769m48.4719.fits
QSO_sim_z1.1308_MgIIGreen_330.9769m48.4719.fits
QSO_sim_z2.2458_MgIIGreen_211.4824p4.8344.fits
QSO_sim_z2.2458_MgIIGreen_211.4824p4.8344.fits
QSO_sim_z1.622_MgIIGreen_236.4971m2.4303.fits
QSO_sim_z1.622_MgIIGreen_236.4971m2.4303.fits
QSO_sim_z1.0743_MgIIGreen_106.9377m52.5881.fits
QSO_sim_z1.0743_MgIIGreen_106.9377m52.5881.fits
QSO_sim_z1.3776_MgIIGreen_334.0188m24.6389.fits
QSO_sim_z1.3776_MgIIGreen_334.0188m24.6389.fits
QSO_sim_z1.8968_MgIIGreen_74.2918m6.0568.fits
QSO_sim_z1.8968_MgIIGreen_74.2918m6.0568.fits
QSO_sim_z2.257_MgIIGreen_143.1411m6.6578.fits
QSO_sim_z2.257_MgIIGreen_143.1411m6.6578.fits
QSO_sim_z2.0344_MgIIGreen_35.4108m2.5613.fits
QSO_sim_z2.0344_MgIIGreen_35.4108m2.5613.fits
QSO_sim_z1.3799_MgIIGreen_173.6855m36.6806.fits
QSO_sim_z1.3799_MgIIGreen_173.6855m36.6806.fits
QSO_sim_z1.5792_MgIIGreen_141.6241m8.8459.fits
QSO_sim_z1.5792_MgIIGreen_141.6241m8.8459.fits
QSO_sim_z1.9142_MgIIGreen_36.4176m38.9284.fits
QSO_sim_z1.9142_MgIIGreen_36.4176m38.9284.fits
QSO_sim_z1.1581_MgIIGreen_306.7083m33.6565.fits
QSO_sim_z1.1581_MgIIGreen_306.7083m33.6565.fits
QSO_sim_z1.7161_MgIIGreen_35.825m2.0724.fits
QSO_sim_z1.7161_MgIIGreen_35.825m2.0724.fits
QSO_sim_z1.3306_MgIIGreen_110.1437m51.2527.fits
QSO_sim_z1.3306_MgIIGreen_110.1437m51.2527.fits
QSO_sim_z1.1179_MgIIGreen_64.6009m40.2327.fits
QSO_sim_z1.1179_MgIIGreen_64.6009m40.2327.fits
QSO_sim_z1.0941_MgIIGreen_305.7168m60.6306.fits
QSO_sim_z1.0941_MgIIGreen_305.7168m60.6306.fits
QSO_sim_z1.5434_MgIIBlueDeep_218.2537m1.5578.fits
QSO_sim_z1.5434_MgIIBlueDeep_218.2537m1.5578.fits
QSO_sim_z1.395_MgIIGreen_343.7947m10.6176.fits
QSO_sim_z1.395_MgIIGreen_343.7947m10.6176.fits
QSO_sim_z1.1172_MgIIGreen_235.1628m21.4852.fits
QSO_sim_z1.1172_MgIIGreen_235.1628m21.4852.fits
QSO_sim_z1.61_MgIIBlueDeep_188.6893m1.9721.fits
QSO_sim_z1.61_MgIIBlueDeep_188.6893m1.9721.fits
QSO_sim_z1.1599_MgIIGreen_144.3133m8.4751.fits
QSO_sim_z1.1599_MgIIGreen_144.3133m8.4751.fits
QSO_sim_z1.043_MgIIGreen_47.848m13.7329.fits
QSO_sim_z1.043_MgIIGreen_47.848m13.7329.fits
QSO_sim_z1.853_MgIIGreen_234.9985m1.2768.fits
QSO_sim_z1.853_MgIIGreen_234.9985m1.2768.fits
QSO_sim_z2.3501_MgIIGreen_48.039m13.0807.fits
QSO_sim_z2.3501_MgIIGreen_48.039m13.0807.fits
QSO_sim_z1.1492_MgIIGreen_328.9785p0.3739.fits
QSO_sim_z1.1492_MgIIGreen_328.9785p0.3739.fits
QSO_sim_z1.9148_MgIIGreen_46.8544m13.4006.fits
QSO_sim_z1.9148_MgIIGreen_46.8544m13.4006.fits
QSO_sim_z1.7929_MgIIGreen_325.2039m50.5902.fits
QSO_sim_z1.7929_MgIIGreen_325.2039m50.5902.fits
QSO_sim_z1.6295_MgIIGreen_242.0683m23.3156.fits
QSO_sim_z1.6295_MgIIGreen_242.0683m23.3156.fits
QSO_sim_z1.7277_MgIIGreen_357.8518m55.164.fits
QSO_sim_z1.7277_MgIIGreen_357.8518m55.164.fits
QSO_sim_z1.4638_MgIIGreen_145.1712m5.4959.fits
QSO_sim_z1.4638_MgIIGreen_145.1712m5.4959.fits
QSO_sim_z2.0904_MgIIGreen_0.0863m7.9359.fits
QSO_sim_z2.0904_MgIIGreen_0.0863m7.9359.fits
QSO_sim_z1.9029_MgIIGreen_241.7516m4.0101.fits
QSO_sim_z1.9029_MgIIGreen_241.7516m4.0101.fits
QSO_sim_z2.2787_MgIIGreen_338.3575m23.7206.fits
QSO_sim_z2.2787_MgIIGreen_338.3575m23.7206.fits
QSO_sim_z1.3155_MgIIGreen_338.4071m23.6915.fits
QSO_sim_z1.3155_MgIIGreen_338.4071m23.6915.fits
QSO_sim_z1.1482_MgIIGreen_345.609m11.6813.fits
QSO_sim_z1.1482_MgIIGreen_345.609m11.6813.fits
QSO_sim_z1.2583_MgIIGreen_226.8628m15.2972.fits
QSO_sim_z1.2583_MgIIGreen_226.8628m15.2972.fits
QSO_sim_z1.829_MgIIGreen_178.246m37.7432.fits
QSO_sim_z1.829_MgIIGreen_178.246m37.7432.fits
QSO_sim_z1.1615_MgIIGreen_138.4807m11.0351.fits
QSO_sim_z1.1615_MgIIGreen_138.4807m11.0351.fits
QSO_sim_z2.15_MgIIGreen_292.5296m66.4599.fits
QSO_sim_z2.15_MgIIGreen_292.5296m66.4599.fits
QSO_sim_z1.1852_MgIIGreen_40.0834m39.0785.fits
QSO_sim_z1.1852_MgIIGreen_40.0834m39.0785.fits
QSO_sim_z1.2036_MgIIGreen_243.8408m22.3231.fits
QSO_sim_z1.2036_MgIIGreen_243.8408m22.3231.fits
QSO_sim_z1.8615_MgIIGreen_244.0195m22.1747.fits
QSO_sim_z1.8615_MgIIGreen_244.0195m22.1747.fits
QSO_sim_z1.5157_MgIIGreen_22.2791m24.8721.fits
QSO_sim_z1.5157_MgIIGreen_22.2791m24.8721.fits
QSO_sim_z2.4057_MgIIBlueDeep_189.1497m1.4814.fits
QSO_sim_z2.4057_MgIIBlueDeep_189.1497m1.4814.fits
QSO_sim_z1.9341_MgIIGreen_210.2704m35.2014.fits
QSO_sim_z1.9341_MgIIGreen_210.2704m35.2014.fits
QSO_sim_z1.8653_MgIIGreen_169.6316m23.4207.fits
QSO_sim_z1.8653_MgIIGreen_169.6316m23.4207.fits
QSO_sim_z1.4885_MgIIGreen_136.9436m10.9023.fits
QSO_sim_z1.4885_MgIIGreen_136.9436m10.9023.fits
QSO_sim_z2.4629_MgIIGreen_311.7116m31.2761.fits
QSO_sim_z2.4629_MgIIGreen_311.7116m31.2761.fits
QSO_sim_z2.2874_MgIIGreen_159.0606m42.5102.fits
QSO_sim_z2.2874_MgIIGreen_159.0606m42.5102.fits
QSO_sim_z1.6571_MgIIGreen_1.5032m7.3245.fits
QSO_sim_z1.6571_MgIIGreen_1.5032m7.3245.fits
QSO_sim_z1.3022_MgIIGreen_43.1204m15.4869.fits
QSO_sim_z1.3022_MgIIGreen_43.1204m15.4869.fits
QSO_sim_z1.6775_MgIIGreen_241.0611m21.6882.fits
QSO_sim_z1.6775_MgIIGreen_241.0611m21.6882.fits
QSO_sim_z2.4443_MgIIGreen_58.1384m41.5158.fits
QSO_sim_z2.4443_MgIIGreen_58.1384m41.5158.fits
QSO_sim_z1.5839_MgIIGreen_357.817m54.0261.fits
QSO_sim_z1.5839_MgIIGreen_357.817m54.0261.fits
QSO_sim_z1.1836_MgIIGreen_38.8677m39.0437.fits
QSO_sim_z1.1836_MgIIGreen_38.8677m39.0437.fits
QSO_sim_z1.2207_MgIIGreen_227.7131m13.4116.fits
QSO_sim_z1.2207_MgIIGreen_227.7131m13.4116.fits
QSO_sim_z1.3191_MgIIGreen_179.9431m35.849.fits
QSO_sim_z1.3191_MgIIGreen_179.9431m35.849.fits
QSO_sim_z1.3082_MgIIGreen_199.6821m38.6516.fits
QSO_sim_z1.3082_MgIIGreen_199.6821m38.6516.fits
QSO_sim_z1.2461_MgIIGreen_50.4871m15.0004.fits
QSO_sim_z1.2461_MgIIGreen_50.4871m15.0004.fits
QSO_sim_z1.1662_MgIIGreen_324.1808m48.2433.fits
QSO_sim_z1.1662_MgIIGreen_324.1808m48.2433.fits
QSO_sim_z1.2439_MgIIGreen_57.2427m41.1087.fits
QSO_sim_z1.2439_MgIIGreen_57.2427m41.1087.fits
QSO_sim_z1.6142_MgIIGreen_345.6512m9.9496.fits
QSO_sim_z1.6142_MgIIGreen_345.6512m9.9496.fits
QSO_sim_z1.6028_MgIIGreen_338.2583m21.8385.fits
QSO_sim_z1.6028_MgIIGreen_338.2583m21.8385.fits
QSO_sim_z1.1023_MgIIGreen_60.9845m12.5489.fits
QSO_sim_z1.1023_MgIIGreen_60.9845m12.5489.fits
QSO_sim_z1.2495_MgIIGreen_82.3401m50.5499.fits
QSO_sim_z1.2495_MgIIGreen_82.3401m50.5499.fits
QSO_sim_z1.94_MgIIGreen_355.2388m54.7548.fits
QSO_sim_z1.94_MgIIGreen_355.2388m54.7548.fits
QSO_sim_z2.1449_MgIIGreen_170.7578m21.6092.fits
QSO_sim_z2.1449_MgIIGreen_170.7578m21.6092.fits
QSO_sim_z2.0712_MgIIGreen_81.0813m14.1354.fits
QSO_sim_z2.0712_MgIIGreen_81.0813m14.1354.fits
QSO_sim_z2.038_MgIIBlueDeep_218.8391m0.8586.fits
QSO_sim_z2.038_MgIIBlueDeep_218.8391m0.8586.fits
QSO_sim_z1.3866_MgIIGreen_159.1057m41.9296.fits
QSO_sim_z1.3866_MgIIGreen_159.1057m41.9296.fits
QSO_sim_z1.2_MgIIGreen_299.4594m19.7958.fits
QSO_sim_z1.2_MgIIGreen_299.4594m19.7958.fits
QSO_sim_z2.2006_MgIIGreen_320.663m3.4193.fits
QSO_sim_z2.2006_MgIIGreen_320.663m3.4193.fits
QSO_sim_z2.3133_MgIIGreen_143.0073m5.1182.fits
QSO_sim_z2.3133_MgIIGreen_143.0073m5.1182.fits
QSO_sim_z1.4942_MgIIGreen_55.8895m18.1296.fits
QSO_sim_z1.4942_MgIIGreen_55.8895m18.1296.fits
QSO_sim_z1.1729_MgIIGreen_303.2564m34.0154.fits
QSO_sim_z1.1729_MgIIGreen_303.2564m34.0154.fits
QSO_sim_z1.8625_MgIIGreen_136.1124m10.1153.fits
QSO_sim_z1.8625_MgIIGreen_136.1124m10.1153.fits
QSO_sim_z1.6832_MgIIGreen_158.0534m41.8786.fits
QSO_sim_z1.6832_MgIIGreen_158.0534m41.8786.fits
QSO_sim_z2.4166_MgIIGreen_322.158m2.4972.fits
QSO_sim_z2.4166_MgIIGreen_322.158m2.4972.fits
QSO_sim_z2.2158_MgIIGreen_158.9624m41.3623.fits
QSO_sim_z2.2158_MgIIGreen_158.9624m41.3623.fits
QSO_sim_z1.2079_MgIIGreen_81.5738m13.3749.fits
QSO_sim_z1.2079_MgIIGreen_81.5738m13.3749.fits
QSO_sim_z2.1976_MgIIGreen_327.4232m46.5242.fits
QSO_sim_z2.1976_MgIIGreen_327.4232m46.5242.fits
QSO_sim_z2.2115_MgIIGreen_347.3148m9.2554.fits
QSO_sim_z2.2115_MgIIGreen_347.3148m9.2554.fits
QSO_sim_z1.2349_MgIIGreen_60.2652m11.2634.fits
QSO_sim_z1.2349_MgIIGreen_60.2652m11.2634.fits
QSO_sim_z1.1218_MgIIGreen_136.3206m8.5056.fits
QSO_sim_z1.1218_MgIIGreen_136.3206m8.5056.fits
QSO_sim_z1.4892_MgIIGreen_33.0859m0.7878.fits
QSO_sim_z1.4892_MgIIGreen_33.0859m0.7878.fits
QSO_sim_z1.9309_MgIIGreen_335.7858m21.2818.fits
QSO_sim_z1.9309_MgIIGreen_335.7858m21.2818.fits
QSO_sim_z2.5564_MgIIGreen_183.4138m35.4631.fits
QSO_sim_z2.5564_MgIIGreen_183.4138m35.4631.fits
QSO_sim_z2.3105_MgIIGreen_319.3591m2.6734.fits
QSO_sim_z2.3105_MgIIGreen_319.3591m2.6734.fits
QSO_sim_z2.257_MgIIGreen_63.1665m38.1089.fits
QSO_sim_z2.257_MgIIGreen_63.1665m38.1089.fits
QSO_sim_z1.16_MgIIGreen_164.3797m39.4356.fits
QSO_sim_z1.16_MgIIGreen_164.3797m39.4356.fits
QSO_sim_z1.0942_MgIIGreen_35.3011m13.0466.fits
QSO_sim_z1.0942_MgIIGreen_35.3011m13.0466.fits
QSO_sim_z1.9367_MgIIGreen_175.0172m23.6922.fits
QSO_sim_z1.9367_MgIIGreen_175.0172m23.6922.fits
QSO_sim_z1.5849_MgIIGreen_319.827m2.6782.fits
QSO_sim_z1.5849_MgIIGreen_319.827m2.6782.fits
QSO_sim_z2.2387_MgIIGreen_239.6808m19.6287.fits
QSO_sim_z2.2387_MgIIGreen_239.6808m19.6287.fits
QSO_sim_z2.5432_MgIIGreen_325.0323m45.4105.fits
QSO_sim_z2.5432_MgIIGreen_325.0323m45.4105.fits
QSO_sim_z1.0755_MgIIGreen_63.1417m10.7675.fits
QSO_sim_z1.0755_MgIIGreen_63.1417m10.7675.fits
QSO_sim_z1.973_MgIIGreen_244.9757m0.6536.fits
QSO_sim_z1.973_MgIIGreen_244.9757m0.6536.fits
QSO_sim_z2.4535_MgIIGreen_303.6098m30.17.fits
QSO_sim_z2.4535_MgIIGreen_303.6098m30.17.fits
QSO_sim_z1.8918_MgIIGreen_77.9493m47.2997.fits
QSO_sim_z1.8918_MgIIGreen_77.9493m47.2997.fits
QSO_sim_z1.9467_MgIIGreen_137.0254m8.4338.fits
QSO_sim_z1.9467_MgIIGreen_137.0254m8.4338.fits
QSO_sim_z1.75_MgIIGreen_295.5618m43.9814.fits
QSO_sim_z1.75_MgIIGreen_295.5618m43.9814.fits
QSO_sim_z1.1351_MgIIGreen_26.5625m45.4718.fits
QSO_sim_z1.1351_MgIIGreen_26.5625m45.4718.fits
QSO_sim_z2.1411_MgIIGreen_61.8514m10.3051.fits
QSO_sim_z2.1411_MgIIGreen_61.8514m10.3051.fits
QSO_sim_z2.3302_MgIIGreen_163.0815m37.6373.fits
QSO_sim_z2.3302_MgIIGreen_163.0815m37.6373.fits
QSO_sim_z2.4497_MgIIGreen_66.7671m21.7139.fits
QSO_sim_z2.4497_MgIIGreen_66.7671m21.7139.fits
QSO_sim_z1.722_MgIIGreen_177.1011m22.057.fits
QSO_sim_z1.722_MgIIGreen_177.1011m22.057.fits
QSO_sim_z1.106_MgIIGreen_238.5543m19.3203.fits
QSO_sim_z1.106_MgIIGreen_238.5543m19.3203.fits
QSO_sim_z1.4639_MgIIGreen_75.3921m16.0239.fits
QSO_sim_z1.4639_MgIIGreen_75.3921m16.0239.fits
QSO_sim_z1.8596_MgIIGreen_53.8507m17.2424.fits
QSO_sim_z1.8596_MgIIGreen_53.8507m17.2424.fits
QSO_sim_z1.2125_MgIIGreen_319.1924m2.2506.fits
QSO_sim_z1.2125_MgIIGreen_319.1924m2.2506.fits
QSO_sim_z1.8363_MgIIGreen_144.0964m3.334.fits
QSO_sim_z1.8363_MgIIGreen_144.0964m3.334.fits
QSO_sim_z2.2288_MgIIGreen_161.8061m37.1929.fits
QSO_sim_z2.2288_MgIIGreen_161.8061m37.1929.fits
QSO_sim_z1.5472_MgIIGreen_350.8364m56.7264.fits
QSO_sim_z1.5472_MgIIGreen_350.8364m56.7264.fits
QSO_sim_z1.1113_MgIIGreen_78.8434m46.0068.fits
QSO_sim_z1.1113_MgIIGreen_78.8434m46.0068.fits
QSO_sim_z1.6803_MgIIGreen_318.9929m1.7445.fits
QSO_sim_z1.6803_MgIIGreen_318.9929m1.7445.fits
QSO_sim_z1.9474_MgIIGreen_350.249m56.3162.fits
QSO_sim_z1.9474_MgIIGreen_350.249m56.3162.fits
QSO_sim_z1.431_MgIIGreen_337.1435m20.2393.fits
QSO_sim_z1.431_MgIIGreen_337.1435m20.2393.fits
QSO_sim_z2.0002_MgIIGreen_141.5158m8.5741.fits
QSO_sim_z2.0002_MgIIGreen_141.5158m8.5741.fits
QSO_sim_z1.6297_MgIIGreen_141.2785m8.4729.fits
QSO_sim_z1.6297_MgIIGreen_141.2785m8.4729.fits
QSO_sim_z1.55_MgIIBlueDeep_218.5884m0.2936.fits
QSO_sim_z1.55_MgIIBlueDeep_218.5884m0.2936.fits
QSO_sim_z1.6176_MgIIGreen_359.2378m5.9712.fits
QSO_sim_z1.6176_MgIIGreen_359.2378m5.9712.fits
QSO_sim_z1.1118_MgIIGreen_177.5599m38.1332.fits
QSO_sim_z1.1118_MgIIGreen_177.5599m38.1332.fits
QSO_sim_z1.488_MgIIGreen_153.5907m21.9009.fits
QSO_sim_z1.488_MgIIGreen_153.5907m21.9009.fits
QSO_sim_z1.2584_MgIIGreen_312.1124m27.5341.fits
QSO_sim_z1.2584_MgIIGreen_312.1124m27.5341.fits
QSO_sim_z1.3297_MgIIGreen_303.4939m21.4148.fits
QSO_sim_z1.3297_MgIIGreen_303.4939m21.4148.fits
QSO_sim_z1.55_MgIIGreen_296.4076m44.1405.fits
QSO_sim_z1.55_MgIIGreen_296.4076m44.1405.fits
QSO_sim_z1.757_MgIIGreen_19.2934m24.3831.fits
QSO_sim_z1.757_MgIIGreen_19.2934m24.3831.fits
QSO_sim_z2.097_MgIIGreen_18.6485m24.4112.fits
QSO_sim_z2.097_MgIIGreen_18.6485m24.4112.fits
QSO_sim_z1.1285_MgIIGreen_176.7814m36.2947.fits
QSO_sim_z1.1285_MgIIGreen_176.7814m36.2947.fits
QSO_sim_z1.2771_MgIIGreen_77.9213m13.8909.fits
QSO_sim_z1.2771_MgIIGreen_77.9213m13.8909.fits
QSO_sim_z1.2484_MgIIBlueDeep_206.8239p1.9366.fits
QSO_sim_z1.2484_MgIIBlueDeep_206.8239p1.9366.fits
QSO_sim_z1.9618_MgIIGreen_177.8356m36.299.fits
QSO_sim_z1.9618_MgIIGreen_177.8356m36.299.fits
QSO_sim_z1.0853_MgIIGreen_345.6431m19.5259.fits
QSO_sim_z1.0853_MgIIGreen_345.6431m19.5259.fits
QSO_sim_z1.6506_MgIIGreen_240.5363m18.0447.fits
QSO_sim_z1.6506_MgIIGreen_240.5363m18.0447.fits
QSO_sim_z1.4404_MgIIGreen_79.6272m45.0527.fits
QSO_sim_z1.4404_MgIIGreen_79.6272m45.0527.fits
QSO_sim_z1.1588_MgIIGreen_192.9222m3.9803.fits
QSO_sim_z1.1588_MgIIGreen_192.9222m3.9803.fits
QSO_sim_z2.1371_MgIIGreen_221.6113m13.3164.fits
QSO_sim_z2.1371_MgIIGreen_221.6113m13.3164.fits
QSO_sim_z1.8059_MgIIGreen_175.9684m8.5935.fits
QSO_sim_z1.8059_MgIIGreen_175.9684m8.5935.fits
QSO_sim_z1.5198_MgIIGreen_154.6405m20.9041.fits
QSO_sim_z1.5198_MgIIGreen_154.6405m20.9041.fits
QSO_sim_z1.6111_MgIIGreen_175.6651m35.0433.fits
QSO_sim_z1.6111_MgIIGreen_175.6651m35.0433.fits
QSO_sim_z1.042_MgIIGreen_175.62m34.7067.fits
QSO_sim_z1.042_MgIIGreen_175.62m34.7067.fits
QSO_sim_z1.5418_MgIIGreen_349.1026m53.6081.fits
QSO_sim_z1.5418_MgIIGreen_349.1026m53.6081.fits
QSO_sim_z1.1369_MgIIGreen_242.607m16.1885.fits
QSO_sim_z1.1369_MgIIGreen_242.607m16.1885.fits
QSO_sim_z1.8344_MgIIGreen_16.547m58.3362.fits
QSO_sim_z1.8344_MgIIGreen_16.547m58.3362.fits
QSO_sim_z2.3641_MgIIGreen_308.8635m22.7478.fits
QSO_sim_z2.3641_MgIIGreen_308.8635m22.7478.fits
QSO_sim_z1.7546_MgIIGreen_176.8529m19.9052.fits
QSO_sim_z1.7546_MgIIGreen_176.8529m19.9052.fits
QSO_sim_z2.554_MgIIGreen_242.2751m15.5505.fits
QSO_sim_z2.554_MgIIGreen_242.2751m15.5505.fits
QSO_sim_z1.847_MgIIGreen_23.6145m23.4826.fits
QSO_sim_z1.847_MgIIGreen_23.6145m23.4826.fits
QSO_sim_z2.0668_MgIIGreen_59.5461m15.7479.fits
QSO_sim_z2.0668_MgIIGreen_59.5461m15.7479.fits
QSO_sim_z1.5861_MgIIGreen_108.4439m45.5031.fits
QSO_sim_z1.5861_MgIIGreen_108.4439m45.5031.fits
QSO_sim_z2.2422_MgIIGreen_59.9981m15.3853.fits
QSO_sim_z2.2422_MgIIGreen_59.9981m15.3853.fits
QSO_sim_z1.3195_MgIIGreen_3.67m5.5882.fits
QSO_sim_z1.3195_MgIIGreen_3.67m5.5882.fits
QSO_sim_z1.55_MgIIGreen_298.204m40.8568.fits
QSO_sim_z1.55_MgIIGreen_298.204m40.8568.fits
QSO_sim_z2.5002_MgIIGreen_179.1247m19.8576.fits
QSO_sim_z2.5002_MgIIGreen_179.1247m19.8576.fits
QSO_sim_z1.2073_MgIIGreen_272.0259m63.8614.fits
QSO_sim_z1.2073_MgIIGreen_272.0259m63.8614.fits
QSO_sim_z1.1575_MgIIGreen_339.319m10.4811.fits
QSO_sim_z1.1575_MgIIGreen_339.319m10.4811.fits
QSO_sim_z1.0423_MgIIGreen_110.9206m44.7533.fits
QSO_sim_z1.0423_MgIIGreen_110.9206m44.7533.fits
QSO_sim_z1.3224_MgIIGreen_156.7191m19.2501.fits
QSO_sim_z1.3224_MgIIGreen_156.7191m19.2501.fits
QSO_sim_z1.367_MgIIGreen_76.6304m13.5167.fits
QSO_sim_z1.367_MgIIGreen_76.6304m13.5167.fits
QSO_sim_z1.4984_MgIIGreen_88.1645m46.5264.fits
QSO_sim_z1.4984_MgIIGreen_88.1645m46.5264.fits
QSO_sim_z2.6762_MgIIBlueDeep_186.9461p0.1411.fits
QSO_sim_z2.6762_MgIIBlueDeep_186.9461p0.1411.fits
QSO_sim_z1.508_MgIIGreen_345.7786m17.8549.fits
QSO_sim_z1.508_MgIIGreen_345.7786m17.8549.fits
QSO_sim_z1.626_MgIIGreen_341.5364m10.487.fits
QSO_sim_z1.626_MgIIGreen_341.5364m10.487.fits
QSO_sim_z2.2414_MgIIGreen_282.58m67.2943.fits
QSO_sim_z2.2414_MgIIGreen_282.58m67.2943.fits
QSO_sim_z2.1161_MgIIGreen_24.5611m22.0455.fits
QSO_sim_z2.1161_MgIIGreen_24.5611m22.0455.fits
QSO_sim_z2.3425_MgIIGreen_173.3943m34.7893.fits
QSO_sim_z2.3425_MgIIGreen_173.3943m34.7893.fits
QSO_sim_z2.0992_MgIIGreen_348.1009m53.4529.fits
QSO_sim_z2.0992_MgIIGreen_348.1009m53.4529.fits
QSO_sim_z2.5504_MgIIGreen_226.3347m12.3614.fits
QSO_sim_z2.5504_MgIIGreen_226.3347m12.3614.fits
QSO_sim_z1.861_MgIIGreen_148.1892m2.294.fits
QSO_sim_z1.861_MgIIGreen_148.1892m2.294.fits
QSO_sim_z1.5581_MgIIGreen_32.0915m43.1667.fits
QSO_sim_z1.5581_MgIIGreen_32.0915m43.1667.fits
QSO_sim_z2.1476_MgIIGreen_237.6997m0.708.fits
QSO_sim_z2.1476_MgIIGreen_237.6997m0.708.fits
QSO_sim_z1.824_MgIIGreen_334.3426m41.5661.fits
QSO_sim_z1.824_MgIIGreen_334.3426m41.5661.fits
QSO_sim_z1.368_MgIIGreen_342.5948m9.32.fits
QSO_sim_z1.368_MgIIGreen_342.5948m9.32.fits
QSO_sim_z2.0129_MgIIGreen_281.1028m62.6359.fits
QSO_sim_z2.0129_MgIIGreen_281.1028m62.6359.fits
QSO_sim_z1.4728_MgIIGreen_139.9386m7.0854.fits
QSO_sim_z1.4728_MgIIGreen_139.9386m7.0854.fits
QSO_sim_z2.1666_MgIIGreen_341.0914m9.7852.fits
QSO_sim_z2.1666_MgIIGreen_341.0914m9.7852.fits
QSO_sim_z2.3155_MgIIGreen_140.156m6.7835.fits
QSO_sim_z2.3155_MgIIGreen_140.156m6.7835.fits
QSO_sim_z2.2807_MgIIGreen_20.5039m22.6626.fits
QSO_sim_z2.2807_MgIIGreen_20.5039m22.6626.fits
QSO_sim_z1.1241_MgIIGreen_47.804m43.55.fits
QSO_sim_z1.1241_MgIIGreen_47.804m43.55.fits
QSO_sim_z2.14_MgIIGreen_79.1765m12.9483.fits
QSO_sim_z2.14_MgIIGreen_79.1765m12.9483.fits
QSO_sim_z2.141_MgIIGreen_207.1727m33.047.fits
QSO_sim_z2.141_MgIIGreen_207.1727m33.047.fits
QSO_sim_z2.141_MgIIGreen_45.1161m18.684.fits
QSO_sim_z2.141_MgIIGreen_45.1161m18.684.fits
QSO_sim_z2.201_MgIIGreen_205.7753m32.9091.fits
QSO_sim_z2.201_MgIIGreen_205.7753m32.9091.fits
QSO_sim_z1.1443_MgIIGreen_205.7926m32.8131.fits
QSO_sim_z1.1443_MgIIGreen_205.7926m32.8131.fits
QSO_sim_z2.112_MgIIGreen_49.8056m41.9063.fits
QSO_sim_z2.112_MgIIGreen_49.8056m41.9063.fits
QSO_sim_z1.4056_MgIIGreen_63.3367m8.3922.fits
QSO_sim_z1.4056_MgIIGreen_63.3367m8.3922.fits
QSO_sim_z1.3455_MgIIGreen_229.8251m20.3305.fits
QSO_sim_z1.3455_MgIIGreen_229.8251m20.3305.fits
QSO_sim_z1.741_MgIIGreen_3.2021m60.5107.fits
QSO_sim_z1.741_MgIIGreen_3.2021m60.5107.fits
QSO_sim_z1.879_MgIIGreen_28.6893m41.9052.fits
QSO_sim_z1.879_MgIIGreen_28.6893m41.9052.fits
QSO_sim_z1.2314_MgIIGreen_29.8331m40.7825.fits
QSO_sim_z1.2314_MgIIGreen_29.8331m40.7825.fits
QSO_sim_z2.1114_MgIIBlueDeep_207.4031p1.2037.fits
QSO_sim_z2.1114_MgIIBlueDeep_207.4031p1.2037.fits
QSO_sim_z1.5293_MgIIGreen_4.1364m59.8347.fits
QSO_sim_z1.5293_MgIIGreen_4.1364m59.8347.fits
QSO_sim_z1.6487_MgIIGreen_39.4361m1.39.fits
QSO_sim_z1.6487_MgIIGreen_39.4361m1.39.fits
QSO_sim_z1.6972_MgIIGreen_94.1923m51.5887.fits
QSO_sim_z1.6972_MgIIGreen_94.1923m51.5887.fits
QSO_sim_z1.4103_MgIIGreen_208.0248m30.1844.fits
QSO_sim_z1.4103_MgIIGreen_208.0248m30.1844.fits
QSO_sim_z1.8752_MgIIGreen_23.4008m20.7092.fits
QSO_sim_z1.8752_MgIIGreen_23.4008m20.7092.fits
QSO_sim_z2.2172_MgIIGreen_146.0578m2.5.fits
QSO_sim_z2.2172_MgIIGreen_146.0578m2.5.fits
QSO_sim_z2.5495_MgIIGreen_3.3633m59.3357.fits
QSO_sim_z2.5495_MgIIGreen_3.3633m59.3357.fits
QSO_sim_z1.7254_MgIIGreen_45.5245m17.7347.fits
QSO_sim_z1.7254_MgIIGreen_45.5245m17.7347.fits
QSO_sim_z1.8852_MgIIGreen_230.6247m14.2446.fits
QSO_sim_z1.8852_MgIIGreen_230.6247m14.2446.fits
QSO_sim_z1.529_MgIIGreen_171.372m21.7369.fits
QSO_sim_z1.529_MgIIGreen_171.372m21.7369.fits
QSO_sim_z1.8021_MgIIGreen_139.7822m6.1982.fits
QSO_sim_z1.8021_MgIIGreen_139.7822m6.1982.fits
QSO_sim_z2.0141_MgIIGreen_331.7405m41.2413.fits
QSO_sim_z2.0141_MgIIGreen_331.7405m41.2413.fits
QSO_sim_z2.4153_MgIIGreen_150.1795m19.9086.fits
QSO_sim_z2.4153_MgIIGreen_150.1795m19.9086.fits
QSO_sim_z2.1007_MgIIGreen_143.9809m2.0646.fits
QSO_sim_z2.1007_MgIIGreen_143.9809m2.0646.fits
QSO_sim_z2.1935_MgIIGreen_2.0292m5.2693.fits
QSO_sim_z2.1935_MgIIGreen_2.0292m5.2693.fits
QSO_sim_z1.9135_MgIIGreen_139.884m5.656.fits
QSO_sim_z1.9135_MgIIGreen_139.884m5.656.fits
QSO_sim_z2.3185_MgIIGreen_171.1519m20.1242.fits
QSO_sim_z2.3185_MgIIGreen_171.1519m20.1242.fits
QSO_sim_z1.566_MgIIGreen_281.656m60.9319.fits
QSO_sim_z1.566_MgIIGreen_281.656m60.9319.fits
QSO_sim_z1.2377_MgIIGreen_149.5599m19.7248.fits
QSO_sim_z1.2377_MgIIGreen_149.5599m19.7248.fits
QSO_sim_z1.55_MgIIGreen_45.9775m17.285.fits
QSO_sim_z1.55_MgIIGreen_45.9775m17.285.fits
QSO_sim_z1.6907_MgIIGreen_140.5986m5.4853.fits
QSO_sim_z1.6907_MgIIGreen_140.5986m5.4853.fits
QSO_sim_z1.4426_MgIIGreen_149.9131m19.233.fits
QSO_sim_z1.4426_MgIIGreen_149.9131m19.233.fits
QSO_sim_z1.4216_MgIIGreen_169.4993m33.2771.fits
QSO_sim_z1.4216_MgIIGreen_169.4993m33.2771.fits
QSO_sim_z2.5666_MgIIGreen_96.1813m49.3794.fits
QSO_sim_z2.5666_MgIIGreen_96.1813m49.3794.fits
QSO_sim_z2.105_MgIIGreen_140.1578m5.513.fits
QSO_sim_z2.105_MgIIGreen_140.1578m5.513.fits
QSO_sim_z1.8684_MgIIGreen_229.8205m3.4967.fits
QSO_sim_z1.8684_MgIIGreen_229.8205m3.4967.fits
QSO_sim_z1.5288_MgIIGreen_45.7684m39.8225.fits
QSO_sim_z1.5288_MgIIGreen_45.7684m39.8225.fits
QSO_sim_z1.7242_MgIIGreen_184.8134m30.8262.fits
QSO_sim_z1.7242_MgIIGreen_184.8134m30.8262.fits
QSO_sim_z1.3985_MgIIGreen_340.283m18.5892.fits
QSO_sim_z1.3985_MgIIGreen_340.283m18.5892.fits
QSO_sim_z1.2342_MgIIGreen_340.752m7.5891.fits
QSO_sim_z1.2342_MgIIGreen_340.752m7.5891.fits
QSO_sim_z1.5899_MgIIGreen_61.4865m9.8317.fits
QSO_sim_z1.5899_MgIIGreen_61.4865m9.8317.fits
QSO_sim_z2.1805_MgIIBlueDeep_218.4787m0.2222.fits
QSO_sim_z2.1805_MgIIBlueDeep_218.4787m0.2222.fits
QSO_sim_z1.3648_MgIIGreen_166.3134m32.5021.fits
QSO_sim_z1.3648_MgIIGreen_166.3134m32.5021.fits
QSO_sim_z2.2012_MgIIGreen_232.0331m2.6262.fits
QSO_sim_z2.2012_MgIIGreen_232.0331m2.6262.fits
QSO_sim_z1.563_MgIIGreen_145.6198m1.2723.fits
QSO_sim_z1.563_MgIIGreen_145.6198m1.2723.fits
QSO_sim_z1.876_MgIIGreen_1.6208m4.3435.fits
QSO_sim_z1.876_MgIIGreen_1.6208m4.3435.fits
QSO_sim_z1.5253_MgIIGreen_44.9756m38.8067.fits
QSO_sim_z1.5253_MgIIGreen_44.9756m38.8067.fits
QSO_sim_z2.5612_MgIIGreen_228.6407m11.996.fits
QSO_sim_z2.5612_MgIIGreen_228.6407m11.996.fits
QSO_sim_z1.7596_MgIIGreen_91.0002m16.2398.fits
QSO_sim_z1.7596_MgIIGreen_91.0002m16.2398.fits
QSO_sim_z1.5705_MgIIGreen_319.3083m0.5253.fits
QSO_sim_z1.5705_MgIIGreen_319.3083m0.5253.fits
QSO_sim_z1.9899_MgIIGreen_344.0286m8.1611.fits
QSO_sim_z1.9899_MgIIGreen_344.0286m8.1611.fits
QSO_sim_z1.6726_MgIIGreen_232.0314m1.7595.fits
QSO_sim_z1.6726_MgIIGreen_232.0314m1.7595.fits
QSO_sim_z1.3682_MgIIGreen_146.7547m0.6576.fits
QSO_sim_z1.3682_MgIIGreen_146.7547m0.6576.fits
QSO_sim_z2.5075_MgIIGreen_42.3121m0.9736.fits
QSO_sim_z2.5075_MgIIGreen_42.3121m0.9736.fits
QSO_sim_z1.3253_MgIIGreen_348.266m50.325.fits
QSO_sim_z1.3253_MgIIGreen_348.266m50.325.fits
QSO_sim_z2.0541_MgIIGreen_43.4272m15.1581.fits
QSO_sim_z2.0541_MgIIGreen_43.4272m15.1581.fits
QSO_sim_z2.1439_MgIIGreen_101.1196m48.908.fits
QSO_sim_z2.1439_MgIIGreen_101.1196m48.908.fits
QSO_sim_z2.2278_MgIIGreen_277.6205m65.3373.fits
QSO_sim_z2.2278_MgIIGreen_277.6205m65.3373.fits
QSO_sim_z1.4586_MgIIGreen_207.163m30.5693.fits
QSO_sim_z1.4586_MgIIGreen_207.163m30.5693.fits
QSO_sim_z1.2414_MgIIGreen_44.2747m14.5958.fits
QSO_sim_z1.2414_MgIIGreen_44.2747m14.5958.fits
QSO_sim_z1.8233_MgIIGreen_149.8311m18.1944.fits
QSO_sim_z1.8233_MgIIGreen_149.8311m18.1944.fits
QSO_sim_z2.401_MgIIGreen_155.2792m45.3398.fits
QSO_sim_z2.401_MgIIGreen_155.2792m45.3398.fits
QSO_sim_z1.2261_MgIIGreen_347.6055m48.7771.fits
QSO_sim_z1.2261_MgIIGreen_347.6055m48.7771.fits
QSO_sim_z1.7718_MgIIGreen_343.5417m7.8175.fits
QSO_sim_z1.7718_MgIIGreen_343.5417m7.8175.fits
QSO_sim_z1.2644_MgIIGreen_23.7206m40.5209.fits
QSO_sim_z1.2644_MgIIGreen_23.7206m40.5209.fits
QSO_sim_z1.3526_MgIIGreen_54.8941m14.0677.fits
QSO_sim_z1.3526_MgIIGreen_54.8941m14.0677.fits
QSO_sim_z1.9962_MgIIGreen_279.1119m64.5628.fits
QSO_sim_z1.9962_MgIIGreen_279.1119m64.5628.fits
QSO_sim_z1.2215_MgIIGreen_23.9548m40.5424.fits
QSO_sim_z1.2215_MgIIGreen_23.9548m40.5424.fits
QSO_sim_z1.8842_MgIIGreen_278.5641m59.8132.fits
QSO_sim_z1.8842_MgIIGreen_278.5641m59.8132.fits
QSO_sim_z1.9577_MgIIGreen_284.1276m36.9288.fits
QSO_sim_z1.9577_MgIIGreen_284.1276m36.9288.fits
QSO_sim_z1.4766_MgIIGreen_275.5112m60.3458.fits
QSO_sim_z1.4766_MgIIGreen_275.5112m60.3458.fits
QSO_sim_z2.3_MgIIBlueDeep_334.3678m33.3435.fits
QSO_sim_z2.3_MgIIBlueDeep_334.3678m33.3435.fits
QSO_sim_z1.8715_MgIIGreen_340.1356m58.7713.fits
QSO_sim_z1.8715_MgIIGreen_340.1356m58.7713.fits
QSO_sim_z1.4801_MgIIGreen_26.205m39.9766.fits
QSO_sim_z1.4801_MgIIGreen_26.205m39.9766.fits
QSO_sim_z1.6953_MgIIGreen_43.4837p0.1826.fits
QSO_sim_z1.6953_MgIIGreen_43.4837p0.1826.fits
QSO_sim_z0.5811_MgIIBlueDeep_219.7099m3.7413.fits
QSO_sim_z0.5811_MgIIBlueDeep_219.7099m3.7413.fits
QSO_sim_z1.6854_MgIIGreen_190.5373p4.506.fits
QSO_sim_z1.6854_MgIIGreen_190.5373p4.506.fits
QSO_sim_z1.4464_MgIIGreen_205.4538m29.3478.fits
QSO_sim_z1.4464_MgIIGreen_205.4538m29.3478.fits
QSO_sim_z1.566_MgIIGreen_150.3101m3.4022.fits
QSO_sim_z1.566_MgIIGreen_150.3101m3.4022.fits
QSO_sim_z1.8179_MgIIGreen_282.3528m64.7737.fits
QSO_sim_z1.8179_MgIIGreen_282.3528m64.7737.fits
QSO_sim_z1.158_MgIIGreen_205.4946m28.9868.fits
QSO_sim_z1.158_MgIIGreen_205.4946m28.9868.fits
QSO_sim_z1.684_MgIIGreen_174.3176m18.0965.fits
QSO_sim_z1.684_MgIIGreen_174.3176m18.0965.fits
QSO_sim_z2.2263_MgIIGreen_312.2636m18.4927.fits
QSO_sim_z2.2263_MgIIGreen_312.2636m18.4927.fits
QSO_sim_z1.8762_MgIIGreen_189.5151p4.7673.fits
QSO_sim_z1.8762_MgIIGreen_189.5151p4.7673.fits
QSO_sim_z2.175_MgIIGreen_133.8332m9.9599.fits
QSO_sim_z2.175_MgIIGreen_133.8332m9.9599.fits
QSO_sim_z1.23_MgIIGreen_314.4233m28.2531.fits
QSO_sim_z1.23_MgIIGreen_314.4233m28.2531.fits
QSO_sim_z1.7614_MgIIGreen_207.6599m28.5867.fits
QSO_sim_z1.7614_MgIIGreen_207.6599m28.5867.fits
QSO_sim_z2.3842_MgIIGreen_316.8486p0.6043.fits
QSO_sim_z2.3842_MgIIGreen_316.8486p0.6043.fits
QSO_sim_z2.0801_MgIIGreen_357.5007m6.7591.fits
QSO_sim_z2.0801_MgIIGreen_357.5007m6.7591.fits
QSO_sim_z1.5411_MgIIGreen_342.1367m17.0585.fits
QSO_sim_z1.5411_MgIIGreen_342.1367m17.0585.fits
QSO_sim_z1.3815_MgIIGreen_187.5547p4.9206.fits
QSO_sim_z1.3815_MgIIGreen_187.5547p4.9206.fits
QSO_sim_z1.7888_MgIIGreen_146.7794m38.9273.fits
QSO_sim_z1.7888_MgIIGreen_146.7794m38.9273.fits
QSO_sim_z1.3278_MgIIGreen_40.1682m14.5668.fits
QSO_sim_z1.3278_MgIIGreen_40.1682m14.5668.fits
QSO_sim_z1.2259_MgIIGreen_174.8287m17.0133.fits
QSO_sim_z1.2259_MgIIGreen_174.8287m17.0133.fits
QSO_sim_z1.814_MgIIGreen_29.1044m39.3637.fits
QSO_sim_z1.814_MgIIGreen_29.1044m39.3637.fits
QSO_sim_z1.8372_MgIIGreen_39.5665m14.6337.fits
QSO_sim_z1.8372_MgIIGreen_39.5665m14.6337.fits
QSO_sim_z2.5692_MgIIGreen_324.1829m42.0316.fits
QSO_sim_z2.5692_MgIIGreen_324.1829m42.0316.fits
QSO_sim_z2.34_MgIIGreen_21.1575m58.0482.fits
QSO_sim_z2.34_MgIIGreen_21.1575m58.0482.fits
QSO_sim_z1.5529_MgIIGreen_341.9201m6.4821.fits
QSO_sim_z1.5529_MgIIGreen_341.9201m6.4821.fits
QSO_sim_z1.9_MgIIBlueDeep_334.1581m30.7521.fits
QSO_sim_z1.9_MgIIBlueDeep_334.1581m30.7521.fits
QSO_sim_z2.1125_MgIIGreen_202.5398p4.3167.fits
QSO_sim_z2.1125_MgIIGreen_202.5398p4.3167.fits
QSO_sim_z1.822_MgIIGreen_173.2217m17.7819.fits
QSO_sim_z1.822_MgIIGreen_173.2217m17.7819.fits
QSO_sim_z1.5976_MgIIGreen_174.7083m6.6287.fits
QSO_sim_z1.5976_MgIIGreen_174.7083m6.6287.fits
QSO_sim_z1.2089_MgIIGreen_206.7105p3.9983.fits
QSO_sim_z1.2089_MgIIGreen_206.7105p3.9983.fits
QSO_sim_z1.589_MgIIGreen_343.6307m6.1636.fits
QSO_sim_z1.589_MgIIGreen_343.6307m6.1636.fits
QSO_sim_z1.8301_MgIIGreen_322.9892m42.1187.fits
QSO_sim_z1.8301_MgIIGreen_322.9892m42.1187.fits
QSO_sim_z1.9501_MgIIGreen_61.1078m8.0672.fits
QSO_sim_z1.9501_MgIIGreen_61.1078m8.0672.fits
QSO_sim_z2.2569_MgIIGreen_206.5892p4.363.fits
QSO_sim_z2.2569_MgIIGreen_206.5892p4.363.fits
QSO_sim_z1.8498_MgIIGreen_282.8919m63.7185.fits
QSO_sim_z1.8498_MgIIGreen_282.8919m63.7185.fits
QSO_sim_z1.6665_MgIIGreen_151.9053m15.7116.fits
QSO_sim_z1.6665_MgIIGreen_151.9053m15.7116.fits
QSO_sim_z2.3895_MgIIGreen_185.8116m29.4236.fits
QSO_sim_z2.3895_MgIIGreen_185.8116m29.4236.fits
QSO_sim_z1.05_MgIIBlueDeep_334.563m32.4557.fits
QSO_sim_z1.05_MgIIBlueDeep_334.563m32.4557.fits
QSO_sim_z1.9022_MgIIGreen_306.5357m19.7018.fits
QSO_sim_z1.9022_MgIIGreen_306.5357m19.7018.fits
QSO_sim_z2.5544_MgIIGreen_32.6519m25.0975.fits
QSO_sim_z2.5544_MgIIGreen_32.6519m25.0975.fits
QSO_sim_z1.4126_MgIIGreen_41.5295m37.4008.fits
QSO_sim_z1.4126_MgIIGreen_41.5295m37.4008.fits
QSO_sim_z2.3807_MgIIGreen_323.3001m40.5827.fits
QSO_sim_z2.3807_MgIIGreen_323.3001m40.5827.fits
QSO_sim_z1.6693_MgIIGreen_208.003p4.6838.fits
QSO_sim_z1.6693_MgIIGreen_208.003p4.6838.fits
QSO_sim_z1.3094_MgIIGreen_194.7947m33.2388.fits
QSO_sim_z1.3094_MgIIGreen_194.7947m33.2388.fits
QSO_sim_z2.2396_MgIIGreen_43.002m13.1014.fits
QSO_sim_z2.2396_MgIIGreen_43.002m13.1014.fits
QSO_sim_z2.0177_MgIIGreen_231.1666m15.7166.fits
QSO_sim_z2.0177_MgIIGreen_231.1666m15.7166.fits
QSO_sim_z1.0936_MgIIGreen_341.098m55.3207.fits
QSO_sim_z1.0936_MgIIGreen_341.098m55.3207.fits
QSO_sim_z1.5601_MgIIGreen_349.7213m18.2116.fits
QSO_sim_z1.5601_MgIIGreen_349.7213m18.2116.fits
QSO_sim_z2.4723_MgIIGreen_62.8362m7.3204.fits
QSO_sim_z2.4723_MgIIGreen_62.8362m7.3204.fits
QSO_sim_z1.7814_MgIIGreen_206.959p4.8415.fits
QSO_sim_z1.7814_MgIIGreen_206.959p4.8415.fits
QSO_sim_z1.8594_MgIIGreen_235.9204m18.614.fits
QSO_sim_z1.8594_MgIIGreen_235.9204m18.614.fits
QSO_sim_z2.2595_MgIIGreen_206.0936p4.6228.fits
QSO_sim_z2.2595_MgIIGreen_206.0936p4.6228.fits
QSO_sim_z1.15_MgIIGreen_180.3443m9.1231.fits
QSO_sim_z1.15_MgIIGreen_180.3443m9.1231.fits
QSO_sim_z1.5171_MgIIGreen_344.2861m54.1032.fits
QSO_sim_z1.5171_MgIIGreen_344.2861m54.1032.fits
QSO_sim_z1.7658_MgIIGreen_184.2573m28.2728.fits
QSO_sim_z1.7658_MgIIGreen_184.2573m28.2728.fits
QSO_sim_z1.9774_MgIIGreen_318.5662m25.4019.fits
QSO_sim_z1.9774_MgIIGreen_318.5662m25.4019.fits
QSO_sim_z2.2906_MgIIGreen_98.9576m45.9909.fits
QSO_sim_z2.2906_MgIIGreen_98.9576m45.9909.fits
QSO_sim_z2.2535_MgIIGreen_153.7605p0.6355.fits
QSO_sim_z2.2535_MgIIGreen_153.7605p0.6355.fits
QSO_sim_z1.286_MgIIGreen_141.1494m19.9908.fits
QSO_sim_z1.286_MgIIGreen_141.1494m19.9908.fits
QSO_sim_z2.3872_MgIIGreen_356.122m5.0568.fits
QSO_sim_z2.3872_MgIIGreen_356.122m5.0568.fits
QSO_sim_z1.0675_MgIIGreen_154.5928p0.4976.fits
QSO_sim_z1.0675_MgIIGreen_154.5928p0.4976.fits
QSO_sim_z1.5773_MgIIGreen_154.2794p0.7013.fits
QSO_sim_z1.5773_MgIIGreen_154.2794p0.7013.fits
QSO_sim_z2.243_MgIIGreen_181.7158m7.8963.fits
QSO_sim_z2.243_MgIIGreen_181.7158m7.8963.fits
QSO_sim_z2.2497_MgIIGreen_228.0238m1.1143.fits
QSO_sim_z2.2497_MgIIGreen_228.0238m1.1143.fits
QSO_sim_z1.4142_MgIIGreen_185.6779m25.1169.fits
QSO_sim_z1.4142_MgIIGreen_185.6779m25.1169.fits
QSO_sim_z1.1085_MgIIGreen_295.2482m64.5708.fits
QSO_sim_z1.1085_MgIIGreen_295.2482m64.5708.fits
QSO_sim_z1.75_MgIIBlueDeep_334.8223m31.0121.fits
QSO_sim_z1.75_MgIIBlueDeep_334.8223m31.0121.fits
QSO_sim_z1.1837_MgIIGreen_283.3316m55.5534.fits
QSO_sim_z1.1837_MgIIGreen_283.3316m55.5534.fits
QSO_sim_z1.5805_MgIIGreen_34.5347m38.0652.fits
QSO_sim_z1.5805_MgIIGreen_34.5347m38.0652.fits
QSO_sim_z1.0645_MgIIGreen_283.6497m55.003.fits
QSO_sim_z1.0645_MgIIGreen_283.6497m55.003.fits
QSO_sim_z1.083_MgIIGreen_132.0989m7.2218.fits
QSO_sim_z1.083_MgIIGreen_132.0989m7.2218.fits
QSO_sim_z1.7011_MgIIGreen_35.2094m0.4263.fits
QSO_sim_z1.7011_MgIIGreen_35.2094m0.4263.fits
QSO_sim_z1.8223_MgIIGreen_329.6878m12.5633.fits
QSO_sim_z1.8223_MgIIGreen_329.6878m12.5633.fits
QSO_sim_z1.9961_MgIIGreen_339.6832m52.0152.fits
QSO_sim_z1.9961_MgIIGreen_339.6832m52.0152.fits
QSO_sim_z1.3866_MgIIGreen_179.009m7.8171.fits
QSO_sim_z1.3866_MgIIGreen_179.009m7.8171.fits
QSO_sim_z1.784_MgIIGreen_200.1816m27.9033.fits
QSO_sim_z1.784_MgIIGreen_200.1816m27.9033.fits
QSO_sim_z1.6363_MgIIGreen_131.0384m6.8103.fits
QSO_sim_z1.6363_MgIIGreen_131.0384m6.8103.fits
QSO_sim_z1.6823_MgIIGreen_235.9474m15.8218.fits
QSO_sim_z1.6823_MgIIGreen_235.9474m15.8218.fits
QSO_sim_z2.0335_MgIIGreen_103.5901m47.5434.fits
QSO_sim_z2.0335_MgIIGreen_103.5901m47.5434.fits
QSO_sim_z1.0641_MgIIGreen_148.8829m0.7809.fits
QSO_sim_z1.0641_MgIIGreen_148.8829m0.7809.fits
QSO_sim_z1.534_MgIIGreen_23.5016m54.1143.fits
QSO_sim_z1.534_MgIIGreen_23.5016m54.1143.fits
QSO_sim_z1.1699_MgIIGreen_34.3977p0.249.fits
QSO_sim_z1.1699_MgIIGreen_34.3977p0.249.fits
QSO_sim_z2.0836_MgIIGreen_332.2684m11.472.fits
QSO_sim_z2.0836_MgIIGreen_332.2684m11.472.fits
QSO_sim_z1.1214_MgIIGreen_332.3067m11.187.fits
QSO_sim_z1.1214_MgIIGreen_332.3067m11.187.fits
QSO_sim_z2.081_MgIIGreen_289.5742m58.3118.fits
QSO_sim_z2.081_MgIIGreen_289.5742m58.3118.fits
QSO_sim_z1.0427_MgIIGreen_150.7837p0.3039.fits
QSO_sim_z1.0427_MgIIGreen_150.7837p0.3039.fits
QSO_sim_z1.55_MgIIBlueDeep_207.7483p1.7992.fits
QSO_sim_z1.55_MgIIBlueDeep_207.7483p1.7992.fits
QSO_sim_z1.2335_MgIIGreen_178.6398m6.4672.fits
QSO_sim_z1.2335_MgIIGreen_178.6398m6.4672.fits
QSO_sim_z1.2896_MgIIGreen_151.0513p0.6638.fits
QSO_sim_z1.2896_MgIIGreen_151.0513p0.6638.fits
QSO_sim_z1.152_MgIIGreen_240.1487m14.1093.fits
QSO_sim_z1.152_MgIIGreen_240.1487m14.1093.fits
QSO_sim_z1.48_MgIIGreen_147.6146m1.057.fits
QSO_sim_z1.48_MgIIGreen_147.6146m1.057.fits
QSO_sim_z1.7049_MgIIGreen_238.1739m14.4464.fits
QSO_sim_z1.7049_MgIIGreen_238.1739m14.4464.fits
QSO_sim_z2.4904_MgIIGreen_226.1187m0.8709.fits
QSO_sim_z2.4904_MgIIGreen_226.1187m0.8709.fits
QSO_sim_z1.9957_MgIIGreen_90.6351m37.0678.fits
QSO_sim_z1.9957_MgIIGreen_90.6351m37.0678.fits
QSO_sim_z2.5628_MgIIGreen_321.684m39.4341.fits
QSO_sim_z2.5628_MgIIGreen_321.684m39.4341.fits
QSO_sim_z1.4966_MgIIGreen_317.662m24.2778.fits
QSO_sim_z1.4966_MgIIGreen_317.662m24.2778.fits
QSO_sim_z1.3921_MgIIGreen_103.1202m45.9127.fits
QSO_sim_z1.3921_MgIIGreen_103.1202m45.9127.fits
QSO_sim_z1.305_MgIIGreen_55.9676m12.3507.fits
QSO_sim_z1.305_MgIIGreen_55.9676m12.3507.fits
QSO_sim_z1.2092_MgIIGreen_198.5259p4.7403.fits
QSO_sim_z1.2092_MgIIGreen_198.5259p4.7403.fits
QSO_sim_z2.3858_MgIIGreen_92.4588m37.6284.fits
QSO_sim_z2.3858_MgIIGreen_92.4588m37.6284.fits
QSO_sim_z1.5336_MgIIGreen_317.6019m23.6428.fits
QSO_sim_z1.5336_MgIIGreen_317.6019m23.6428.fits
QSO_sim_z1.3269_MgIIGreen_36.7068m36.2883.fits
QSO_sim_z1.3269_MgIIGreen_36.7068m36.2883.fits
QSO_sim_z1.711_MgIIGreen_135.4952m8.8855.fits
QSO_sim_z1.711_MgIIGreen_135.4952m8.8855.fits
QSO_sim_z1.059_MgIIBlueDeep_219.0903m0.9585.fits
QSO_sim_z1.059_MgIIBlueDeep_219.0903m0.9585.fits
QSO_sim_z1.5047_MgIIGreen_58.0745m11.5931.fits
QSO_sim_z1.5047_MgIIGreen_58.0745m11.5931.fits
QSO_sim_z2.4286_MgIIGreen_103.2075m44.7075.fits
QSO_sim_z2.4286_MgIIGreen_103.2075m44.7075.fits
QSO_sim_z1.2384_MgIIGreen_195.7623m28.8183.fits
QSO_sim_z1.2384_MgIIGreen_195.7623m28.8183.fits
QSO_sim_z1.2279_MgIIGreen_135.8066m8.5768.fits
QSO_sim_z1.2279_MgIIGreen_135.8066m8.5768.fits
QSO_sim_z2.3932_MgIIGreen_68.0887m7.7361.fits
QSO_sim_z2.3932_MgIIGreen_68.0887m7.7361.fits
QSO_sim_z0.5512_MgIIBlueDeep_219.2084m1.0623.fits
QSO_sim_z0.5512_MgIIBlueDeep_219.2084m1.0623.fits
QSO_sim_z1.6138_MgIIGreen_295.4794m62.3888.fits
QSO_sim_z1.6138_MgIIGreen_295.4794m62.3888.fits
QSO_sim_z1.396_MgIIGreen_230.423p0.2355.fits
QSO_sim_z1.396_MgIIGreen_230.423p0.2355.fits
QSO_sim_z1.8696_MgIIGreen_54.263m12.5272.fits
QSO_sim_z1.8696_MgIIGreen_54.263m12.5272.fits
QSO_sim_z1.444_MgIIGreen_147.6285p0.1433.fits
QSO_sim_z1.444_MgIIGreen_147.6285p0.1433.fits
QSO_sim_z2.2489_MgIIGreen_144.1434m17.9875.fits
QSO_sim_z2.2489_MgIIGreen_144.1434m17.9875.fits
QSO_sim_z1.5644_MgIIGreen_220.7461m11.1185.fits
QSO_sim_z1.5644_MgIIGreen_220.7461m11.1185.fits
QSO_sim_z1.25_MgIIBlueDeep_334.5445m30.4004.fits
QSO_sim_z1.25_MgIIBlueDeep_334.5445m30.4004.fits
QSO_sim_z2.1771_MgIIGreen_135.0791m7.4179.fits
QSO_sim_z2.1771_MgIIGreen_135.0791m7.4179.fits
QSO_sim_z1.4355_MgIIGreen_320.8654m37.9405.fits
QSO_sim_z1.4355_MgIIGreen_320.8654m37.9405.fits
QSO_sim_z1.7161_MgIIGreen_52.4726m9.478.fits
QSO_sim_z1.7161_MgIIGreen_52.4726m9.478.fits
QSO_sim_z1.8562_MgIIGreen_28.4416m3.0009.fits
QSO_sim_z1.8562_MgIIGreen_28.4416m3.0009.fits
QSO_sim_z1.6322_MgIIGreen_135.7903m7.2669.fits
QSO_sim_z1.6322_MgIIGreen_135.7903m7.2669.fits
QSO_sim_z1.6319_MgIIGreen_311.9865m25.1308.fits
QSO_sim_z1.6319_MgIIGreen_311.9865m25.1308.fits
QSO_sim_z1.3517_MgIIGreen_27.9491m2.9907.fits
QSO_sim_z1.3517_MgIIGreen_27.9491m2.9907.fits
QSO_sim_z1.5964_MgIIGreen_185.0419m4.606.fits
QSO_sim_z1.5964_MgIIGreen_185.0419m4.606.fits
QSO_sim_z1.7089_MgIIGreen_109.8142m43.3276.fits
QSO_sim_z1.7089_MgIIGreen_109.8142m43.3276.fits
QSO_sim_z1.2052_MgIIGreen_336.6316m9.6195.fits
QSO_sim_z1.2052_MgIIGreen_336.6316m9.6195.fits
QSO_sim_z1.4139_MgIIGreen_148.9447p0.6787.fits
QSO_sim_z1.4139_MgIIGreen_148.9447p0.6787.fits
QSO_sim_z1.8108_MgIIGreen_52.2329m8.8058.fits
QSO_sim_z1.8108_MgIIGreen_52.2329m8.8058.fits
QSO_sim_z1.9285_MgIIGreen_148.7776p0.7638.fits
QSO_sim_z1.9285_MgIIGreen_148.7776p0.7638.fits
QSO_sim_z1.6202_MgIIGreen_298.9876m62.05.fits
QSO_sim_z1.6202_MgIIGreen_298.9876m62.05.fits
QSO_sim_z1.1111_MgIIGreen_299.7577m28.7847.fits
QSO_sim_z1.1111_MgIIGreen_299.7577m28.7847.fits
QSO_sim_z2.08_MgIIGreen_140.1285m19.2219.fits
QSO_sim_z2.08_MgIIGreen_140.1285m19.2219.fits
QSO_sim_z1.1003_MgIIGreen_182.686m4.6909.fits
QSO_sim_z1.1003_MgIIGreen_182.686m4.6909.fits
QSO_sim_z1.2472_MgIIGreen_218.5623m10.8478.fits
QSO_sim_z1.2472_MgIIGreen_218.5623m10.8478.fits
QSO_sim_z1.8328_MgIIGreen_158.2423m16.8518.fits
QSO_sim_z1.8328_MgIIGreen_158.2423m16.8518.fits
QSO_sim_z2.4377_MgIIGreen_312.4114m24.7202.fits
QSO_sim_z2.4377_MgIIGreen_312.4114m24.7202.fits
QSO_sim_z2.5205_MgIIGreen_180.0968m4.8018.fits
QSO_sim_z2.5205_MgIIGreen_180.0968m4.8018.fits
QSO_sim_z1.5236_MgIIGreen_174.6914m28.9965.fits
QSO_sim_z1.5236_MgIIGreen_174.6914m28.9965.fits
QSO_sim_z1.1329_MgIIGreen_333.8738m9.534.fits
QSO_sim_z1.1329_MgIIGreen_333.8738m9.534.fits
QSO_sim_z1.0787_MgIIGreen_325.1206m40.3882.fits
QSO_sim_z1.0787_MgIIGreen_325.1206m40.3882.fits
QSO_sim_z1.3884_MgIIGreen_151.3092p3.2909.fits
QSO_sim_z1.3884_MgIIGreen_151.3092p3.2909.fits
QSO_sim_z1.9782_MgIIGreen_234.0052m13.2908.fits
QSO_sim_z1.9782_MgIIGreen_234.0052m13.2908.fits
QSO_sim_z2.4608_MgIIGreen_310.8894m25.0045.fits
QSO_sim_z2.4608_MgIIGreen_310.8894m25.0045.fits
QSO_sim_z2.0345_MgIIGreen_151.1961p3.6819.fits
QSO_sim_z2.0345_MgIIGreen_151.1961p3.6819.fits
QSO_sim_z1.6376_MgIIGreen_36.9801m64.865.fits
QSO_sim_z1.6376_MgIIGreen_36.9801m64.865.fits
QSO_sim_z1.6273_MgIIGreen_157.3287m16.308.fits
QSO_sim_z1.6273_MgIIGreen_157.3287m16.308.fits
QSO_sim_z1.794_MgIIGreen_298.6604m61.7581.fits
QSO_sim_z1.794_MgIIGreen_298.6604m61.7581.fits
QSO_sim_z2.3496_MgIIGreen_140.9367m4.4736.fits
QSO_sim_z2.3496_MgIIGreen_140.9367m4.4736.fits
QSO_sim_z2.0695_MgIIGreen_221.6569m10.2261.fits
QSO_sim_z2.0695_MgIIGreen_221.6569m10.2261.fits
QSO_sim_z2.3121_MgIIGreen_1.3061m1.6022.fits
QSO_sim_z2.3121_MgIIGreen_1.3061m1.6022.fits
QSO_sim_z1.1834_MgIIGreen_157.0737m15.3572.fits
QSO_sim_z1.1834_MgIIGreen_157.0737m15.3572.fits
QSO_sim_z1.4365_MgIIGreen_70.5194m6.334.fits
QSO_sim_z1.4365_MgIIGreen_70.5194m6.334.fits
QSO_sim_z1.5379_MgIIGreen_88.7791m35.6347.fits
QSO_sim_z1.5379_MgIIGreen_88.7791m35.6347.fits
QSO_sim_z2.0087_MgIIGreen_38.1469m62.6999.fits
QSO_sim_z2.0087_MgIIGreen_38.1469m62.6999.fits
QSO_sim_z2.4284_MgIIGreen_26.3481m3.0642.fits
QSO_sim_z2.4284_MgIIGreen_26.3481m3.0642.fits
QSO_sim_z2.0815_MgIIGreen_297.714m60.6661.fits
QSO_sim_z2.0815_MgIIGreen_297.714m60.6661.fits
QSO_sim_z1.5429_MgIIGreen_201.9279m25.4965.fits
QSO_sim_z1.5429_MgIIGreen_201.9279m25.4965.fits
QSO_sim_z1.2715_MgIIGreen_235.7961m12.686.fits
QSO_sim_z1.2715_MgIIGreen_235.7961m12.686.fits
QSO_sim_z1.9503_MgIIGreen_34.4195m62.7029.fits
QSO_sim_z1.9503_MgIIGreen_34.4195m62.7029.fits
QSO_sim_z1.0805_MgIIGreen_49.965m9.4168.fits
QSO_sim_z1.0805_MgIIGreen_49.965m9.4168.fits
QSO_sim_z0.9879_MgIIBlueDeep_214.1358m3.1557.fits
QSO_sim_z0.9879_MgIIBlueDeep_214.1358m3.1557.fits
QSO_sim_z1.5545_MgIIGreen_298.0871m53.3117.fits
QSO_sim_z1.5545_MgIIGreen_298.0871m53.3117.fits
QSO_sim_z1.3008_MgIIGreen_358.1285m2.6581.fits
QSO_sim_z1.3008_MgIIGreen_358.1285m2.6581.fits
QSO_sim_z1.275_MgIIGreen_134.123m5.6733.fits
QSO_sim_z1.275_MgIIGreen_134.123m5.6733.fits
QSO_sim_z1.3246_MgIIGreen_297.1044m22.5307.fits
QSO_sim_z1.3246_MgIIGreen_297.1044m22.5307.fits
QSO_sim_z1.3953_MgIIGreen_220.9285m9.3307.fits
QSO_sim_z1.3953_MgIIGreen_220.9285m9.3307.fits
QSO_sim_z2.1316_MgIIGreen_135.3096m5.5343.fits
QSO_sim_z2.1316_MgIIGreen_135.3096m5.5343.fits
QSO_sim_z1.3499_MgIIGreen_135.2017m5.2389.fits
QSO_sim_z1.3499_MgIIGreen_135.2017m5.2389.fits
QSO_sim_z1.4192_MgIIGreen_299.3533m20.8268.fits
QSO_sim_z1.4192_MgIIGreen_299.3533m20.8268.fits
QSO_sim_z1.0936_MgIIGreen_31.9957m61.9149.fits
QSO_sim_z1.0936_MgIIGreen_31.9957m61.9149.fits
QSO_sim_z2.0834_MgIIGreen_85.9645m34.6799.fits
QSO_sim_z2.0834_MgIIGreen_85.9645m34.6799.fits
QSO_sim_z1.2832_MgIIGreen_87.0518m35.2045.fits
QSO_sim_z1.2832_MgIIGreen_87.0518m35.2045.fits
QSO_sim_z1.9701_MgIIGreen_35.8134m23.834.fits
QSO_sim_z1.9701_MgIIGreen_35.8134m23.834.fits
QSO_sim_z2.49_MgIIGreen_217.185m11.2985.fits
QSO_sim_z2.49_MgIIGreen_217.185m11.2985.fits
QSO_sim_z1.0798_MgIIGreen_291.1993m62.1103.fits
QSO_sim_z1.0798_MgIIGreen_291.1993m62.1103.fits
QSO_sim_z1.891_MgIIGreen_161.5696m14.6599.fits
QSO_sim_z1.891_MgIIGreen_161.5696m14.6599.fits
QSO_sim_z1.3281_MgIIGreen_87.0744m33.3617.fits
QSO_sim_z1.3281_MgIIGreen_87.0744m33.3617.fits
QSO_sim_z1.316_MgIIGreen_315.0336m23.5122.fits
QSO_sim_z1.316_MgIIGreen_315.0336m23.5122.fits
QSO_sim_z2.5258_MgIIGreen_138.415m5.6903.fits
QSO_sim_z2.5258_MgIIGreen_138.415m5.6903.fits
QSO_sim_z1.148_MgIIGreen_235.9553m9.9937.fits
QSO_sim_z1.148_MgIIGreen_235.9553m9.9937.fits
QSO_sim_z1.6759_MgIIGreen_136.9056m6.3231.fits
QSO_sim_z1.6759_MgIIGreen_136.9056m6.3231.fits
QSO_sim_z1.6239_MgIIGreen_236.3389m9.8562.fits
QSO_sim_z1.6239_MgIIGreen_236.3389m9.8562.fits
QSO_sim_z1.3912_MgIIGreen_214.1588m29.18.fits
QSO_sim_z1.3912_MgIIGreen_214.1588m29.18.fits
QSO_sim_z2.0321_MgIIGreen_287.0258m56.8098.fits
QSO_sim_z2.0321_MgIIGreen_287.0258m56.8098.fits
QSO_sim_z1.4954_MgIIGreen_68.7112m4.3111.fits
QSO_sim_z1.4954_MgIIGreen_68.7112m4.3111.fits
QSO_sim_z1.15_MgIIBlueDeep_214.3205m0.239.fits
QSO_sim_z1.15_MgIIBlueDeep_214.3205m0.239.fits
QSO_sim_z2.2278_MgIIGreen_329.5576m36.7345.fits
QSO_sim_z2.2278_MgIIGreen_329.5576m36.7345.fits
QSO_sim_z1.2302_MgIIGreen_314.946m23.1823.fits
QSO_sim_z1.2302_MgIIGreen_314.946m23.1823.fits
QSO_sim_z1.105_MgIIGreen_175.4155m4.4286.fits
QSO_sim_z1.105_MgIIGreen_175.4155m4.4286.fits
QSO_sim_z1.9997_MgIIGreen_328.425m37.5375.fits
QSO_sim_z1.9997_MgIIGreen_328.425m37.5375.fits
QSO_sim_z2.5_MgIIBlueDeep_334.469m30.5912.fits
QSO_sim_z2.5_MgIIBlueDeep_334.469m30.5912.fits
QSO_sim_z2.4306_MgIIGreen_301.7911m19.9862.fits
QSO_sim_z2.4306_MgIIGreen_301.7911m19.9862.fits
QSO_sim_z1.5019_MgIIGreen_159.0938m14.1642.fits
QSO_sim_z1.5019_MgIIGreen_159.0938m14.1642.fits
QSO_sim_z1.392_MgIIGreen_90.3369m32.6773.fits
QSO_sim_z1.392_MgIIGreen_90.3369m32.6773.fits
QSO_sim_z1.3155_MgIIGreen_139.8106m2.6634.fits
QSO_sim_z1.3155_MgIIGreen_139.8106m2.6634.fits
QSO_sim_z1.102_MgIIGreen_31.3086m1.1223.fits
QSO_sim_z1.102_MgIIGreen_31.3086m1.1223.fits
QSO_sim_z2.1376_MgIIGreen_314.609m22.4763.fits
QSO_sim_z2.1376_MgIIGreen_314.609m22.4763.fits
QSO_sim_z1.2949_MgIIGreen_217.0621m9.445.fits
QSO_sim_z1.2949_MgIIGreen_217.0621m9.445.fits
QSO_sim_z2.1091_MgIIBlueDeep_219.2621m0.0345.fits
QSO_sim_z2.1091_MgIIBlueDeep_219.2621m0.0345.fits
QSO_sim_z1.2121_MgIIGreen_89.6502m32.2628.fits
QSO_sim_z1.2121_MgIIGreen_89.6502m32.2628.fits
QSO_sim_z2.0827_MgIIGreen_141.3724m15.8252.fits
QSO_sim_z2.0827_MgIIGreen_141.3724m15.8252.fits
QSO_sim_z1.36_MgIIGreen_201.745m18.7155.fits
QSO_sim_z1.36_MgIIGreen_201.745m18.7155.fits
QSO_sim_z2.282_MgIIGreen_215.1617m10.391.fits
QSO_sim_z2.282_MgIIGreen_215.1617m10.391.fits
QSO_sim_z2.3026_MgIIGreen_215.5089m10.211.fits
QSO_sim_z2.3026_MgIIGreen_215.5089m10.211.fits
QSO_sim_z2.5694_MgIIGreen_140.9709m15.6275.fits
QSO_sim_z2.5694_MgIIGreen_140.9709m15.6275.fits
QSO_sim_z1.0866_MgIIGreen_215.4208m10.2173.fits
QSO_sim_z1.0866_MgIIGreen_215.4208m10.2173.fits
QSO_sim_z1.9558_MgIIGreen_89.0628m31.0606.fits
QSO_sim_z1.9558_MgIIGreen_89.0628m31.0606.fits
QSO_sim_z2.216_MgIIGreen_33.1475m58.7774.fits
QSO_sim_z2.216_MgIIGreen_33.1475m58.7774.fits
QSO_sim_z2.5129_MgIIGreen_327.4576m9.8223.fits
QSO_sim_z2.5129_MgIIGreen_327.4576m9.8223.fits
QSO_sim_z1.3903_MgIIGreen_50.2337m7.6678.fits
QSO_sim_z1.3903_MgIIGreen_50.2337m7.6678.fits
QSO_sim_z1.8523_MgIIGreen_326.9807m35.8028.fits
QSO_sim_z1.8523_MgIIGreen_326.9807m35.8028.fits
QSO_sim_z1.3385_MgIIGreen_42.9938m18.6963.fits
QSO_sim_z1.3385_MgIIGreen_42.9938m18.6963.fits
QSO_sim_z2.3388_MgIIGreen_215.8317m8.585.fits
QSO_sim_z2.3388_MgIIGreen_215.8317m8.585.fits
QSO_sim_z2.0178_MgIIGreen_140.1175m1.2054.fits
QSO_sim_z2.0178_MgIIGreen_140.1175m1.2054.fits
QSO_sim_z1.3_MgIIBlueDeep_331.0134m32.5257.fits
QSO_sim_z1.3_MgIIBlueDeep_331.0134m32.5257.fits
QSO_sim_z2.1294_MgIIGreen_64.2888m5.8576.fits
QSO_sim_z2.1294_MgIIGreen_64.2888m5.8576.fits
QSO_sim_z0.6494_MgIIBlueDeep_219.8061m3.3983.fits
QSO_sim_z0.6494_MgIIBlueDeep_219.8061m3.3983.fits
QSO_sim_z1.7557_MgIIGreen_329.3021m34.6264.fits
QSO_sim_z1.7557_MgIIGreen_329.3021m34.6264.fits
QSO_sim_z1.5703_MgIIGreen_26.1179m59.9346.fits
QSO_sim_z1.5703_MgIIGreen_26.1179m59.9346.fits
QSO_sim_z1.2292_MgIIGreen_96.8296m33.2918.fits
QSO_sim_z1.2292_MgIIGreen_96.8296m33.2918.fits
QSO_sim_z1.8691_MgIIGreen_218.4231m24.1203.fits
QSO_sim_z1.8691_MgIIGreen_218.4231m24.1203.fits
QSO_sim_z1.6404_MgIIGreen_295.172m59.0891.fits
QSO_sim_z1.6404_MgIIGreen_295.172m59.0891.fits
QSO_sim_z1.6355_MgIIGreen_328.9795m34.6015.fits
QSO_sim_z1.6355_MgIIGreen_328.9795m34.6015.fits
QSO_sim_z2.0292_MgIIGreen_329.4245m34.273.fits
QSO_sim_z2.0292_MgIIGreen_329.4245m34.273.fits
QSO_sim_z1.663_MgIIGreen_154.3441m15.3357.fits
QSO_sim_z1.663_MgIIGreen_154.3441m15.3357.fits
QSO_sim_z1.6831_MgIIGreen_36.3004m21.3358.fits
QSO_sim_z1.6831_MgIIGreen_36.3004m21.3358.fits
QSO_sim_z2.0819_MgIIGreen_136.5162m3.8756.fits
QSO_sim_z2.0819_MgIIGreen_136.5162m3.8756.fits
QSO_sim_z1.9514_MgIIGreen_156.6963m14.7463.fits
QSO_sim_z1.9514_MgIIGreen_156.6963m14.7463.fits
QSO_sim_z1.313_MgIIGreen_145.1426m17.996.fits
QSO_sim_z1.313_MgIIGreen_145.1426m17.996.fits
QSO_sim_z1.3763_MgIIGreen_201.8028m22.1202.fits
QSO_sim_z1.3763_MgIIGreen_201.8028m22.1202.fits
QSO_sim_z1.798_MgIIGreen_328.3725m8.1719.fits
QSO_sim_z1.798_MgIIGreen_328.3725m8.1719.fits
QSO_sim_z1.5611_MgIIBlueDeep_214.2987m0.921.fits
QSO_sim_z1.5611_MgIIBlueDeep_214.2987m0.921.fits
QSO_sim_z1.0948_MgIIGreen_331.8187m9.4352.fits
QSO_sim_z1.0948_MgIIGreen_331.8187m9.4352.fits
QSO_sim_z1.714_MgIIGreen_22.7627m17.2293.fits
QSO_sim_z1.714_MgIIGreen_22.7627m17.2293.fits
QSO_sim_z1.0708_MgIIGreen_37.9729m20.5071.fits
QSO_sim_z1.0708_MgIIGreen_37.9729m20.5071.fits
QSO_sim_z1.7648_MgIIGreen_322.912m37.6847.fits
QSO_sim_z1.7648_MgIIGreen_322.912m37.6847.fits
QSO_sim_z2.467_MgIIGreen_25.0158m17.0092.fits
QSO_sim_z2.467_MgIIGreen_25.0158m17.0092.fits
QSO_sim_z1.1577_MgIIGreen_292.4228m52.893.fits
QSO_sim_z1.1577_MgIIGreen_292.4228m52.893.fits
QSO_sim_z1.3621_MgIIGreen_303.7857m18.9687.fits
QSO_sim_z1.3621_MgIIGreen_303.7857m18.9687.fits
QSO_sim_z1.1408_MgIIGreen_24.0315m59.0875.fits
QSO_sim_z1.1408_MgIIGreen_24.0315m59.0875.fits
QSO_sim_z1.38_MgIIGreen_296.7992m58.3229.fits
QSO_sim_z1.38_MgIIGreen_296.7992m58.3229.fits
QSO_sim_z1.4956_MgIIGreen_96.6685m31.1229.fits
QSO_sim_z1.4956_MgIIGreen_96.6685m31.1229.fits
QSO_sim_z1.6535_MgIIGreen_29.2095p0.8857.fits
QSO_sim_z1.6535_MgIIGreen_29.2095p0.8857.fits
QSO_sim_z1.6472_MgIIGreen_155.4253m13.091.fits
QSO_sim_z1.6472_MgIIGreen_155.4253m13.091.fits
QSO_sim_z1.3357_MgIIGreen_133.4256m5.7096.fits
QSO_sim_z1.3357_MgIIGreen_133.4256m5.7096.fits
QSO_sim_z1.433_MgIIGreen_325.7436m36.1526.fits
QSO_sim_z1.433_MgIIGreen_325.7436m36.1526.fits
QSO_sim_z2.1324_MgIIGreen_218.963m6.2941.fits
QSO_sim_z2.1324_MgIIGreen_218.963m6.2941.fits
QSO_sim_z1.5247_MgIIGreen_304.5009m16.868.fits
QSO_sim_z1.5247_MgIIGreen_304.5009m16.868.fits
QSO_sim_z2.1087_MgIIGreen_328.0709m28.043.fits
QSO_sim_z2.1087_MgIIGreen_328.0709m28.043.fits
QSO_sim_z1.6354_MgIIGreen_134.1145m4.4416.fits
QSO_sim_z1.6354_MgIIGreen_134.1145m4.4416.fits
QSO_sim_z1.1191_MgIIGreen_206.847m14.9516.fits
QSO_sim_z1.1191_MgIIGreen_206.847m14.9516.fits
QSO_sim_z1.6252_MgIIGreen_328.099m26.9645.fits
QSO_sim_z1.6252_MgIIGreen_328.099m26.9645.fits
QSO_sim_z1.4981_MgIIGreen_143.0445m0.2388.fits
QSO_sim_z1.4981_MgIIGreen_143.0445m0.2388.fits
QSO_sim_z1.8574_MgIIGreen_48.8095m11.314.fits
QSO_sim_z1.8574_MgIIGreen_48.8095m11.314.fits
QSO_sim_z1.5808_MgIIGreen_146.0161m16.3525.fits
QSO_sim_z1.5808_MgIIGreen_146.0161m16.3525.fits
QSO_sim_z1.4788_MgIIGreen_331.9194m6.0006.fits
QSO_sim_z1.4788_MgIIGreen_331.9194m6.0006.fits
QSO_sim_z1.8337_MgIIGreen_226.6749m6.4156.fits
QSO_sim_z1.8337_MgIIGreen_226.6749m6.4156.fits
QSO_sim_z1.6108_MgIIGreen_130.5257m5.1009.fits
QSO_sim_z1.6108_MgIIGreen_130.5257m5.1009.fits
QSO_sim_z1.276_MgIIGreen_213.3648m21.7711.fits
QSO_sim_z1.276_MgIIGreen_213.3648m21.7711.fits
QSO_sim_z1.0948_MgIIGreen_131.5248m4.2666.fits
QSO_sim_z1.0948_MgIIGreen_131.5248m4.2666.fits
QSO_sim_z2.1696_MgIIGreen_280.495m55.8064.fits
QSO_sim_z2.1696_MgIIGreen_280.495m55.8064.fits
QSO_sim_z2.85_MgIIBlueDeep_214.8157m1.3333.fits
QSO_sim_z2.85_MgIIBlueDeep_214.8157m1.3333.fits
QSO_sim_z1.0635_MgIIGreen_158.9963m12.2766.fits
QSO_sim_z1.0635_MgIIGreen_158.9963m12.2766.fits
QSO_sim_z1.778_MgIIGreen_40.3011m18.5726.fits
QSO_sim_z1.778_MgIIGreen_40.3011m18.5726.fits
QSO_sim_z2.2157_MgIIGreen_143.7112p0.7878.fits
QSO_sim_z2.2157_MgIIGreen_143.7112p0.7878.fits
QSO_sim_z1.7291_MgIIGreen_214.3348m20.323.fits
QSO_sim_z1.7291_MgIIGreen_214.3348m20.323.fits
QSO_sim_z2.2298_MgIIGreen_49.7304m10.5112.fits
QSO_sim_z2.2298_MgIIGreen_49.7304m10.5112.fits
QSO_sim_z1.5625_MgIIGreen_39.0603m24.0086.fits
QSO_sim_z1.5625_MgIIGreen_39.0603m24.0086.fits
QSO_sim_z1.1893_MgIIGreen_337.3068m8.4853.fits
QSO_sim_z1.1893_MgIIGreen_337.3068m8.4853.fits
QSO_sim_z2.0911_MgIIGreen_219.2022m24.0272.fits
QSO_sim_z2.0911_MgIIGreen_219.2022m24.0272.fits
QSO_sim_z1.3035_MgIIGreen_326.0671m25.2966.fits
QSO_sim_z1.3035_MgIIGreen_326.0671m25.2966.fits
QSO_sim_z1.4756_MgIIGreen_93.9027m30.4023.fits
QSO_sim_z1.4756_MgIIGreen_93.9027m30.4023.fits
QSO_sim_z2.1357_MgIIGreen_51.0404m10.2635.fits
QSO_sim_z2.1357_MgIIGreen_51.0404m10.2635.fits
QSO_sim_z1.3768_MgIIGreen_317.536m38.3987.fits
QSO_sim_z1.3768_MgIIGreen_317.536m38.3987.fits
QSO_sim_z1.1327_MgIIGreen_221.5805m22.5557.fits
QSO_sim_z1.1327_MgIIGreen_221.5805m22.5557.fits
QSO_sim_z1.3694_MgIIGreen_50.3248m10.2015.fits
QSO_sim_z1.3694_MgIIGreen_50.3248m10.2015.fits
QSO_sim_z1.6266_MgIIGreen_341.3734m46.1796.fits
QSO_sim_z1.6266_MgIIGreen_341.3734m46.1796.fits
QSO_sim_z1.8774_MgIIGreen_219.1535m22.1813.fits
QSO_sim_z1.8774_MgIIGreen_219.1535m22.1813.fits
QSO_sim_z1.8602_MgIIGreen_318.9627m61.8168.fits
QSO_sim_z1.8602_MgIIGreen_318.9627m61.8168.fits
QSO_sim_z1.2153_MgIIGreen_47.835m59.8059.fits
QSO_sim_z1.2153_MgIIGreen_47.835m59.8059.fits
QSO_sim_z1.7447_MgIIGreen_26.0995m15.8714.fits
QSO_sim_z1.7447_MgIIGreen_26.0995m15.8714.fits
QSO_sim_z1.6766_MgIIGreen_24.1641p0.0158.fits
QSO_sim_z1.6766_MgIIGreen_24.1641p0.0158.fits
QSO_sim_z1.1027_MgIIGreen_136.7818m1.0194.fits
QSO_sim_z1.1027_MgIIGreen_136.7818m1.0194.fits
QSO_sim_z1.1421_MgIIGreen_336.6042m44.5786.fits
QSO_sim_z1.1421_MgIIGreen_336.6042m44.5786.fits
QSO_sim_z1.5028_MgIIGreen_49.7689m59.7212.fits
QSO_sim_z1.5028_MgIIGreen_49.7689m59.7212.fits
QSO_sim_z1.2479_MgIIGreen_24.2217p0.514.fits
QSO_sim_z1.2479_MgIIGreen_24.2217p0.514.fits
QSO_sim_z1.2833_MgIIGreen_23.6701p0.5988.fits
QSO_sim_z1.2833_MgIIGreen_23.6701p0.5988.fits
QSO_sim_z2.4841_MgIIGreen_327.8758m24.4816.fits
QSO_sim_z2.4841_MgIIGreen_327.8758m24.4816.fits
QSO_sim_z1.8952_MgIIGreen_25.2984p0.5294.fits
QSO_sim_z1.8952_MgIIGreen_25.2984p0.5294.fits
QSO_sim_z2.5145_MgIIGreen_220.8268m20.4956.fits
QSO_sim_z2.5145_MgIIGreen_220.8268m20.4956.fits
QSO_sim_z1.6911_MgIIGreen_337.8946m42.6147.fits
QSO_sim_z1.6911_MgIIGreen_337.8946m42.6147.fits
QSO_sim_z1.6471_MgIIGreen_282.7678m51.7643.fits
QSO_sim_z1.6471_MgIIGreen_282.7678m51.7643.fits
QSO_sim_z1.287_MgIIGreen_326.7463m24.9456.fits
QSO_sim_z1.287_MgIIGreen_326.7463m24.9456.fits
QSO_sim_z1.7581_MgIIGreen_51.366m6.9693.fits
QSO_sim_z1.7581_MgIIGreen_51.366m6.9693.fits
QSO_sim_z1.0982_MgIIGreen_336.5248m6.5911.fits
QSO_sim_z1.0982_MgIIGreen_336.5248m6.5911.fits
QSO_sim_z1.4176_MgIIGreen_329.396m23.2492.fits
QSO_sim_z1.4176_MgIIGreen_329.396m23.2492.fits
QSO_sim_z2.5119_MgIIGreen_221.9841m4.8858.fits
QSO_sim_z2.5119_MgIIGreen_221.9841m4.8858.fits
QSO_sim_z1.906_MgIIGreen_328.802m22.6935.fits
QSO_sim_z1.906_MgIIGreen_328.802m22.6935.fits
QSO_sim_z2.1981_MgIIGreen_165.2542m11.8968.fits
QSO_sim_z2.1981_MgIIGreen_165.2542m11.8968.fits
QSO_sim_z1.8635_MgIIGreen_136.7523m2.3839.fits
QSO_sim_z1.8635_MgIIGreen_136.7523m2.3839.fits
QSO_sim_z1.1103_MgIIGreen_286.8103m52.8208.fits
QSO_sim_z1.1103_MgIIGreen_286.8103m52.8208.fits
QSO_sim_z1.5103_MgIIGreen_26.5432m14.4272.fits
QSO_sim_z1.5103_MgIIGreen_26.5432m14.4272.fits
QSO_sim_z1.062_MgIIGreen_337.6194m5.7369.fits
QSO_sim_z1.062_MgIIGreen_337.6194m5.7369.fits
QSO_sim_z1.7246_MgIIGreen_320.2099m35.4873.fits
QSO_sim_z1.7246_MgIIGreen_320.2099m35.4873.fits
QSO_sim_z1.1197_MgIIGreen_136.6262m0.9303.fits
QSO_sim_z1.1197_MgIIGreen_136.6262m0.9303.fits
QSO_sim_z1.1136_MgIIGreen_312.0352m60.1153.fits
QSO_sim_z1.1136_MgIIGreen_312.0352m60.1153.fits
QSO_sim_z1.5212_MgIIGreen_319.7489m35.2984.fits
QSO_sim_z1.5212_MgIIGreen_319.7489m35.2984.fits
QSO_sim_z1.5287_MgIIGreen_137.4141m0.2492.fits
QSO_sim_z1.5287_MgIIGreen_137.4141m0.2492.fits
QSO_sim_z1.8664_MgIIGreen_340.6693m5.9753.fits
QSO_sim_z1.8664_MgIIGreen_340.6693m5.9753.fits
QSO_sim_z2.5617_MgIIGreen_303.9242m13.9746.fits
QSO_sim_z2.5617_MgIIGreen_303.9242m13.9746.fits
QSO_sim_z1.9451_MgIIGreen_320.6783m69.8279.fits
QSO_sim_z1.9451_MgIIGreen_320.6783m69.8279.fits
QSO_sim_z1.2258_MgIIGreen_325.3514m23.8364.fits
QSO_sim_z1.2258_MgIIGreen_325.3514m23.8364.fits
QSO_sim_z1.8177_MgIIGreen_132.7453m2.1597.fits
QSO_sim_z1.8177_MgIIGreen_132.7453m2.1597.fits
QSO_sim_z1.5896_MgIIGreen_322.3193m24.8607.fits
QSO_sim_z1.5896_MgIIGreen_322.3193m24.8607.fits
QSO_sim_z1.5094_MgIIGreen_359.7353m49.7936.fits
QSO_sim_z1.5094_MgIIGreen_359.7353m49.7936.fits
QSO_sim_z1.3854_MgIIGreen_310.3393m57.7917.fits
QSO_sim_z1.3854_MgIIGreen_310.3393m57.7917.fits
QSO_sim_z1.1143_MgIIGreen_316.1857m35.0185.fits
QSO_sim_z1.1143_MgIIGreen_316.1857m35.0185.fits
QSO_sim_z1.7756_MgIIGreen_25.3539m13.6984.fits
QSO_sim_z1.7756_MgIIGreen_25.3539m13.6984.fits
QSO_sim_z2.4224_MgIIGreen_218.4401m18.5599.fits
QSO_sim_z2.4224_MgIIGreen_218.4401m18.5599.fits
QSO_sim_z1.1364_MgIIGreen_163.8148m10.3213.fits
QSO_sim_z1.1364_MgIIGreen_163.8148m10.3213.fits
QSO_sim_z4.85_MgIIBlueDeep_330.8688m33.0131.fits
QSO_sim_z4.85_MgIIBlueDeep_330.8688m33.0131.fits
QSO_sim_z1.5504_MgIIGreen_319.9474m68.8913.fits
QSO_sim_z1.5504_MgIIGreen_319.9474m68.8913.fits
QSO_sim_z1.8418_MgIIGreen_13.3678m6.7659.fits
QSO_sim_z1.8418_MgIIGreen_13.3678m6.7659.fits
QSO_sim_z1.5208_MgIIGreen_313.9223m58.195.fits
QSO_sim_z1.5208_MgIIGreen_313.9223m58.195.fits
QSO_sim_z1.1618_MgIIGreen_41.5883m11.8821.fits
QSO_sim_z1.1618_MgIIGreen_41.5883m11.8821.fits
QSO_sim_z1.6681_MgIIGreen_314.6168m58.0311.fits
QSO_sim_z1.6681_MgIIGreen_314.6168m58.0311.fits
QSO_sim_z1.416_MgIIGreen_315.5646m69.2964.fits
QSO_sim_z1.416_MgIIGreen_315.5646m69.2964.fits
QSO_sim_z1.2721_MgIIGreen_292.6478m49.9059.fits
QSO_sim_z1.2721_MgIIGreen_292.6478m49.9059.fits
QSO_sim_z1.95_MgIIBlueDeep_215.7237p1.7954.fits
QSO_sim_z1.95_MgIIBlueDeep_215.7237p1.7954.fits
QSO_sim_z2.0_MgIIBlueDeep_330.8481m30.3006.fits
QSO_sim_z2.0_MgIIBlueDeep_330.8481m30.3006.fits
QSO_sim_z1.2832_MgIIGreen_220.7332m16.2188.fits
QSO_sim_z1.2832_MgIIGreen_220.7332m16.2188.fits
QSO_sim_z1.6277_MgIIGreen_312.2065m37.9384.fits
QSO_sim_z1.6277_MgIIGreen_312.2065m37.9384.fits
QSO_sim_z1.9546_MgIIGreen_9.6964m7.6351.fits
QSO_sim_z1.9546_MgIIGreen_9.6964m7.6351.fits
QSO_sim_z2.4483_MgIIGreen_353.972m47.8919.fits
QSO_sim_z2.4483_MgIIGreen_353.972m47.8919.fits
QSO_sim_z1.3607_MgIIGreen_338.2005m4.6821.fits
QSO_sim_z1.3607_MgIIGreen_338.2005m4.6821.fits
QSO_sim_z0.7_MgIIBlueDeep_331.084m30.278.fits
QSO_sim_z0.7_MgIIBlueDeep_331.084m30.278.fits
QSO_sim_z1.9073_MgIIGreen_38.8323m11.9813.fits
QSO_sim_z1.9073_MgIIGreen_38.8323m11.9813.fits
QSO_sim_z1.5576_MgIIGreen_167.7647m9.4931.fits
QSO_sim_z1.5576_MgIIGreen_167.7647m9.4931.fits
QSO_sim_z1.7212_MgIIGreen_355.6632m46.0899.fits
QSO_sim_z1.7212_MgIIGreen_355.6632m46.0899.fits
QSO_sim_z1.8422_MgIIGreen_294.4194m46.6755.fits
QSO_sim_z1.8422_MgIIGreen_294.4194m46.6755.fits
QSO_sim_z1.4383_MgIIGreen_293.4722m46.8275.fits
QSO_sim_z1.4383_MgIIGreen_293.4722m46.8275.fits
QSO_sim_z1.4959_MgIIGreen_18.988m15.4517.fits
QSO_sim_z1.4959_MgIIGreen_18.988m15.4517.fits
QSO_sim_z2.3116_MgIIGreen_19.786m15.3052.fits
QSO_sim_z2.3116_MgIIGreen_19.786m15.3052.fits
QSO_sim_z1.1467_MgIIGreen_352.4058m50.4931.fits
QSO_sim_z1.1467_MgIIGreen_352.4058m50.4931.fits
QSO_sim_z2.3539_MgIIGreen_284.8121m50.5025.fits
QSO_sim_z2.3539_MgIIGreen_284.8121m50.5025.fits
QSO_sim_z1.7816_MgIIGreen_326.7398m22.1995.fits
QSO_sim_z1.7816_MgIIGreen_326.7398m22.1995.fits
QSO_sim_z1.556_MgIIGreen_87.1315m29.3.fits
QSO_sim_z1.556_MgIIGreen_87.1315m29.3.fits
QSO_sim_z1.22_MgIIGreen_87.1482m28.0186.fits
QSO_sim_z1.22_MgIIGreen_87.1482m28.0186.fits
QSO_sim_z1.1792_MgIIGreen_313.0349m16.7964.fits
QSO_sim_z1.1792_MgIIGreen_313.0349m16.7964.fits
QSO_sim_z1.6462_MgIIGreen_86.7004m28.102.fits
QSO_sim_z1.6462_MgIIGreen_86.7004m28.102.fits
QSO_sim_z1.3082_MgIIGreen_315.1851m16.6649.fits
QSO_sim_z1.3082_MgIIGreen_315.1851m16.6649.fits
QSO_sim_z1.8288_MgIIGreen_13.5755m6.7181.fits
QSO_sim_z1.8288_MgIIGreen_13.5755m6.7181.fits
QSO_sim_z0.9702_MgIIBlueDeep_215.7829p0.8671.fits
QSO_sim_z0.9702_MgIIBlueDeep_215.7829p0.8671.fits
QSO_sim_z1.28_MgIIGreen_352.4893m48.6215.fits
QSO_sim_z1.28_MgIIGreen_352.4893m48.6215.fits
QSO_sim_z2.4961_MgIIGreen_350.8229m47.5521.fits
QSO_sim_z2.4961_MgIIGreen_350.8229m47.5521.fits
QSO_sim_z2.4388_MgIIGreen_333.5035m5.8108.fits
QSO_sim_z2.4388_MgIIGreen_333.5035m5.8108.fits
QSO_sim_z2.4214_MgIIGreen_314.2363m16.0457.fits
QSO_sim_z2.4214_MgIIGreen_314.2363m16.0457.fits
QSO_sim_z1.713_MgIIGreen_82.5877m29.6382.fits
QSO_sim_z1.713_MgIIGreen_82.5877m29.6382.fits
QSO_sim_z1.9075_MgIIGreen_334.818m5.7871.fits
QSO_sim_z1.9075_MgIIGreen_334.818m5.7871.fits
QSO_sim_z2.4321_MgIIGreen_334.7463m5.7175.fits
QSO_sim_z2.4321_MgIIGreen_334.7463m5.7175.fits
QSO_sim_z1.7563_MgIIGreen_156.9867p0.5023.fits
QSO_sim_z1.7563_MgIIGreen_156.9867p0.5023.fits
QSO_sim_z1.4227_MgIIGreen_325.666m21.3163.fits
QSO_sim_z1.4227_MgIIGreen_325.666m21.3163.fits
QSO_sim_z1.4945_MgIIGreen_325.8307m21.3184.fits
QSO_sim_z1.4945_MgIIGreen_325.8307m21.3184.fits
QSO_sim_z1.7557_MgIIGreen_327.6127m55.7288.fits
QSO_sim_z1.7557_MgIIGreen_327.6127m55.7288.fits
QSO_sim_z1.3713_MgIIGreen_349.157m48.7878.fits
QSO_sim_z1.3713_MgIIGreen_349.157m48.7878.fits
QSO_sim_z1.4837_MgIIGreen_327.6077m54.1777.fits
QSO_sim_z1.4837_MgIIGreen_327.6077m54.1777.fits
QSO_sim_z1.1924_MgIIGreen_331.7557m23.8833.fits
QSO_sim_z1.1924_MgIIGreen_331.7557m23.8833.fits
QSO_sim_z2.05_MgIIBlueDeep_330.7018m30.7644.fits
QSO_sim_z2.05_MgIIBlueDeep_330.7018m30.7644.fits
QSO_sim_z1.1829_MgIIGreen_343.96m62.6117.fits
QSO_sim_z1.1829_MgIIGreen_343.96m62.6117.fits
QSO_sim_z1.1641_MgIIGreen_332.8359m23.6314.fits
QSO_sim_z1.1641_MgIIGreen_332.8359m23.6314.fits
QSO_sim_z2.3393_MgIIGreen_42.6128m9.5331.fits
QSO_sim_z2.3393_MgIIGreen_42.6128m9.5331.fits
QSO_sim_z1.8532_MgIIGreen_241.2538m74.4617.fits
QSO_sim_z1.8532_MgIIGreen_241.2538m74.4617.fits
QSO_sim_z1.3698_MgIIGreen_323.4878m53.8521.fits
QSO_sim_z1.3698_MgIIGreen_323.4878m53.8521.fits
QSO_sim_z2.44_MgIIGreen_349.0305m46.8135.fits
QSO_sim_z2.44_MgIIGreen_349.0305m46.8135.fits
QSO_sim_z1.6017_MgIIGreen_15.5888m4.7521.fits
QSO_sim_z1.6017_MgIIGreen_15.5888m4.7521.fits
QSO_sim_z1.3704_MgIIGreen_331.3273m22.974.fits
QSO_sim_z1.3704_MgIIGreen_331.3273m22.974.fits
QSO_sim_z1.699_MgIIGreen_332.5794m4.4039.fits
QSO_sim_z1.699_MgIIGreen_332.5794m4.4039.fits
QSO_sim_z1.7814_MgIIGreen_334.573m4.6542.fits
QSO_sim_z1.7814_MgIIGreen_334.573m4.6542.fits
QSO_sim_z1.3297_MgIIGreen_41.2254m10.1774.fits
QSO_sim_z1.3297_MgIIGreen_41.2254m10.1774.fits
QSO_sim_z1.7536_MgIIGreen_203.7076m79.6857.fits
QSO_sim_z1.7536_MgIIGreen_203.7076m79.6857.fits
QSO_sim_z2.182_MgIIGreen_333.0596m22.1302.fits
QSO_sim_z2.182_MgIIGreen_333.0596m22.1302.fits
QSO_sim_z1.809_MgIIGreen_291.037m44.8401.fits
QSO_sim_z1.809_MgIIGreen_291.037m44.8401.fits
QSO_sim_z1.3562_MgIIGreen_331.9216m68.7633.fits
QSO_sim_z1.3562_MgIIGreen_331.9216m68.7633.fits
QSO_sim_z1.5627_MgIIGreen_330.1925m22.631.fits
QSO_sim_z1.5627_MgIIGreen_330.1925m22.631.fits
QSO_sim_z1.2594_MgIIGreen_11.7955m4.7212.fits
QSO_sim_z1.2594_MgIIGreen_11.7955m4.7212.fits
QSO_sim_z1.2857_MgIIBlueDeep_215.9388p2.8454.fits
QSO_sim_z1.2857_MgIIBlueDeep_215.9388p2.8454.fits
QSO_sim_z0.7_MgIIBlueDeep_330.6475m33.5226.fits
QSO_sim_z0.7_MgIIBlueDeep_330.6475m33.5226.fits
QSO_sim_z1.4248_MgIIGreen_325.4654m69.3182.fits
QSO_sim_z1.4248_MgIIGreen_325.4654m69.3182.fits
QSO_sim_z1.8942_MgIIGreen_24.5028m11.8088.fits
QSO_sim_z1.8942_MgIIGreen_24.5028m11.8088.fits
QSO_sim_z2.523_MgIIGreen_348.4449m44.9241.fits
QSO_sim_z2.523_MgIIGreen_348.4449m44.9241.fits
QSO_sim_z1.9785_MgIIGreen_336.6364m3.8061.fits
QSO_sim_z1.9785_MgIIGreen_336.6364m3.8061.fits
QSO_sim_z1.8408_MgIIGreen_312.2137m16.7531.fits
QSO_sim_z1.8408_MgIIGreen_312.2137m16.7531.fits
QSO_sim_z1.7677_MgIIGreen_349.3884m44.0242.fits
QSO_sim_z1.7677_MgIIGreen_349.3884m44.0242.fits
QSO_sim_z1.5956_MgIIGreen_311.1747m15.776.fits
QSO_sim_z1.5956_MgIIGreen_311.1747m15.776.fits
QSO_sim_z1.6055_MgIIGreen_322.1469m54.0389.fits
QSO_sim_z1.6055_MgIIGreen_322.1469m54.0389.fits
QSO_sim_z1.3901_MgIIGreen_9.1697m5.9442.fits
QSO_sim_z1.3901_MgIIGreen_9.1697m5.9442.fits
QSO_sim_z1.4935_MgIIGreen_9.1274m5.9144.fits
QSO_sim_z1.4935_MgIIGreen_9.1274m5.9144.fits
QSO_sim_z1.9757_MgIIGreen_313.3895m14.8931.fits
QSO_sim_z1.9757_MgIIGreen_313.3895m14.8931.fits
QSO_sim_z1.3536_MgIIGreen_36.1775m9.9794.fits
QSO_sim_z1.3536_MgIIGreen_36.1775m9.9794.fits
QSO_sim_z1.5514_MgIIGreen_8.8418m5.3802.fits
QSO_sim_z1.5514_MgIIGreen_8.8418m5.3802.fits
QSO_sim_z1.1249_MgIIGreen_338.7797m2.1943.fits
QSO_sim_z1.1249_MgIIGreen_338.7797m2.1943.fits
QSO_sim_z1.9695_MgIIGreen_323.7138m50.9649.fits
QSO_sim_z1.9695_MgIIGreen_323.7138m50.9649.fits
QSO_sim_z1.9395_MgIIGreen_23.5662m10.8539.fits
QSO_sim_z1.9395_MgIIGreen_23.5662m10.8539.fits
QSO_sim_z1.9267_MgIIGreen_38.0295m9.2876.fits
QSO_sim_z1.9267_MgIIGreen_38.0295m9.2876.fits
QSO_sim_z2.05_MgIIBlueDeep_330.9433m33.2824.fits
QSO_sim_z2.05_MgIIBlueDeep_330.9433m33.2824.fits
QSO_sim_z1.2809_MgIIGreen_334.1092m17.8035.fits
QSO_sim_z1.2809_MgIIGreen_334.1092m17.8035.fits
QSO_sim_z1.8374_MgIIGreen_35.1997m10.2711.fits
QSO_sim_z1.8374_MgIIGreen_35.1997m10.2711.fits
QSO_sim_z2.1952_MgIIGreen_330.6254m66.3691.fits
QSO_sim_z2.1952_MgIIGreen_330.6254m66.3691.fits
QSO_sim_z1.6989_MgIIBlueDeep_215.7097p3.2624.fits
QSO_sim_z1.6989_MgIIBlueDeep_215.7097p3.2624.fits
QSO_sim_z2.1991_MgIIGreen_34.6824m10.0916.fits
QSO_sim_z2.1991_MgIIGreen_34.6824m10.0916.fits
QSO_sim_z1.6106_MgIIGreen_303.1417m49.4424.fits
QSO_sim_z1.6106_MgIIGreen_303.1417m49.4424.fits
QSO_sim_z1.2853_MgIIGreen_338.5116m1.3313.fits
QSO_sim_z1.2853_MgIIGreen_338.5116m1.3313.fits
QSO_sim_z1.1583_MgIIGreen_34.3751m9.098.fits
QSO_sim_z1.1583_MgIIGreen_34.3751m9.098.fits
QSO_sim_z1.58_MgIIGreen_338.1436m0.9242.fits
QSO_sim_z1.58_MgIIGreen_338.1436m0.9242.fits
QSO_sim_z1.1613_MgIIGreen_36.7324m9.2347.fits
QSO_sim_z1.1613_MgIIGreen_36.7324m9.2347.fits
QSO_sim_z1.6222_MgIIGreen_36.1497m9.0004.fits
QSO_sim_z1.6222_MgIIGreen_36.1497m9.0004.fits
QSO_sim_z1.3257_MgIIGreen_319.7804m67.089.fits
QSO_sim_z1.3257_MgIIGreen_319.7804m67.089.fits
QSO_sim_z1.5835_MgIIGreen_310.4081m57.2486.fits
QSO_sim_z1.5835_MgIIGreen_310.4081m57.2486.fits
QSO_sim_z1.1124_MgIIGreen_185.4524p4.9858.fits
QSO_sim_z1.1124_MgIIGreen_185.4524p4.9858.fits
QSO_sim_z2.2818_MgIIGreen_29.4783m12.1381.fits
QSO_sim_z2.2818_MgIIGreen_29.4783m12.1381.fits
QSO_sim_z1.8386_MgIIGreen_291.5322m19.8318.fits
QSO_sim_z1.8386_MgIIGreen_291.5322m19.8318.fits
QSO_sim_z2.2178_MgIIGreen_318.1793m66.9089.fits
QSO_sim_z2.2178_MgIIGreen_318.1793m66.9089.fits
QSO_sim_z1.1536_MgIIGreen_292.9918m16.9193.fits
QSO_sim_z1.1536_MgIIGreen_292.9918m16.9193.fits
QSO_sim_z2.1123_MgIIGreen_300.9m48.711.fits
QSO_sim_z2.1123_MgIIGreen_300.9m48.711.fits
QSO_sim_z1.9008_MgIIGreen_316.3054m12.5399.fits
QSO_sim_z1.9008_MgIIGreen_316.3054m12.5399.fits
QSO_sim_z1.7421_MgIIGreen_9.4923m3.3749.fits
QSO_sim_z1.7421_MgIIGreen_9.4923m3.3749.fits
QSO_sim_z2.103_MgIIGreen_328.7072m17.997.fits
QSO_sim_z2.103_MgIIGreen_328.7072m17.997.fits
QSO_sim_z1.3771_MgIIGreen_307.1418m55.0789.fits
QSO_sim_z1.3771_MgIIGreen_307.1418m55.0789.fits
QSO_sim_z1.2899_MgIIGreen_38.2268m8.3988.fits
QSO_sim_z1.2899_MgIIGreen_38.2268m8.3988.fits
QSO_sim_z0.6_MgIIBlueDeep_215.6256p2.1855.fits
QSO_sim_z0.6_MgIIBlueDeep_215.6256p2.1855.fits
QSO_sim_z1.9983_MgIIGreen_7.4013m3.5698.fits
QSO_sim_z1.9983_MgIIGreen_7.4013m3.5698.fits
QSO_sim_z0.6_MgIIBlueDeep_331.6475m31.6489.fits
QSO_sim_z0.6_MgIIBlueDeep_331.6475m31.6489.fits
QSO_sim_z1.411_MgIIGreen_297.8937m48.106.fits
QSO_sim_z1.411_MgIIGreen_297.8937m48.106.fits
QSO_sim_z3.0_MgIIBlueDeep_331.3364m32.4822.fits
QSO_sim_z3.0_MgIIBlueDeep_331.3364m32.4822.fits
QSO_sim_z2.0669_MgIIGreen_40.7947m7.6468.fits
QSO_sim_z2.0669_MgIIGreen_40.7947m7.6468.fits
QSO_sim_z1.099_MgIIGreen_333.2624m17.7665.fits
QSO_sim_z1.099_MgIIGreen_333.2624m17.7665.fits
QSO_sim_z1.627_MgIIGreen_350.5969m6.9866.fits
QSO_sim_z1.627_MgIIGreen_350.5969m6.9866.fits
QSO_sim_z1.7642_MgIIGreen_27.9025m11.7865.fits
QSO_sim_z1.7642_MgIIGreen_27.9025m11.7865.fits
QSO_sim_z2.1488_MgIIGreen_40.6977m7.0594.fits
QSO_sim_z2.1488_MgIIGreen_40.6977m7.0594.fits
QSO_sim_z1.8628_MgIIGreen_304.4986m44.449.fits
QSO_sim_z1.8628_MgIIGreen_304.4986m44.449.fits
QSO_sim_z1.4_MgIIBlueDeep_330.9499m32.6364.fits
QSO_sim_z1.4_MgIIBlueDeep_330.9499m32.6364.fits
QSO_sim_z2.5035_MgIIGreen_37.9533m7.6518.fits
QSO_sim_z2.5035_MgIIGreen_37.9533m7.6518.fits
QSO_sim_z1.6082_MgIIGreen_37.9519m6.9305.fits
QSO_sim_z1.6082_MgIIGreen_37.9519m6.9305.fits
QSO_sim_z1.3037_MgIIBlueDeep_216.9971p2.066.fits
QSO_sim_z1.3037_MgIIBlueDeep_216.9971p2.066.fits
QSO_sim_z1.2093_MgIIGreen_332.0767m16.5218.fits
QSO_sim_z1.2093_MgIIGreen_332.0767m16.5218.fits
QSO_sim_z1.8614_MgIIGreen_347.5041m6.6857.fits
QSO_sim_z1.8614_MgIIGreen_347.5041m6.6857.fits
QSO_sim_z1.9712_MgIIGreen_347.4932m6.1687.fits
QSO_sim_z1.9712_MgIIGreen_347.4932m6.1687.fits
QSO_sim_z1.6469_MgIIGreen_325.4669m61.4595.fits
QSO_sim_z1.6469_MgIIGreen_325.4669m61.4595.fits
QSO_sim_z2.092_MgIIGreen_330.5957m15.7005.fits
QSO_sim_z2.092_MgIIGreen_330.5957m15.7005.fits
QSO_sim_z1.0554_MgIIGreen_348.9504m6.4379.fits
QSO_sim_z1.0554_MgIIGreen_348.9504m6.4379.fits
QSO_sim_z1.1374_MgIIBlueDeep_216.112p3.1375.fits
QSO_sim_z1.1374_MgIIBlueDeep_216.112p3.1375.fits
QSO_sim_z1.799_MgIIGreen_30.8939m10.5069.fits
QSO_sim_z1.799_MgIIGreen_30.8939m10.5069.fits
QSO_sim_z1.8139_MgIIGreen_39.7208m5.3888.fits
QSO_sim_z1.8139_MgIIGreen_39.7208m5.3888.fits
QSO_sim_z1.8802_MgIIGreen_311.2743m51.1345.fits
QSO_sim_z1.8802_MgIIGreen_311.2743m51.1345.fits
QSO_sim_z1.3249_MgIIGreen_309.0951m44.5723.fits
QSO_sim_z1.3249_MgIIGreen_309.0951m44.5723.fits
QSO_sim_z1.3887_MgIIGreen_10.6364m0.8914.fits
QSO_sim_z1.3887_MgIIGreen_10.6364m0.8914.fits
QSO_sim_z2.1029_MgIIGreen_45.2052m7.3605.fits
QSO_sim_z2.1029_MgIIGreen_45.2052m7.3605.fits
QSO_sim_z1.1607_MgIIGreen_318.6379m22.7117.fits
QSO_sim_z1.1607_MgIIGreen_318.6379m22.7117.fits
QSO_sim_z1.6987_MgIIGreen_11.1154m0.1593.fits
QSO_sim_z1.6987_MgIIGreen_11.1154m0.1593.fits
QSO_sim_z1.0527_MgIIGreen_46.9578m7.7758.fits
QSO_sim_z1.0527_MgIIGreen_46.9578m7.7758.fits
QSO_sim_z2.0408_MgIIGreen_351.7m5.385.fits
QSO_sim_z2.0408_MgIIGreen_351.7m5.385.fits
QSO_sim_z1.7139_MgIIGreen_319.6909m10.5359.fits
QSO_sim_z1.7139_MgIIGreen_319.6909m10.5359.fits
QSO_sim_z1.9315_MgIIGreen_318.9165m22.0168.fits
QSO_sim_z1.9315_MgIIGreen_318.9165m22.0168.fits
QSO_sim_z1.7968_MgIIGreen_16.3289m3.5094.fits
QSO_sim_z1.7968_MgIIGreen_16.3289m3.5094.fits
QSO_sim_z2.0628_MgIIGreen_43.4747m7.9951.fits
QSO_sim_z2.0628_MgIIGreen_43.4747m7.9951.fits
QSO_sim_z2.4614_MgIIGreen_18.3542m3.4801.fits
QSO_sim_z2.4614_MgIIGreen_18.3542m3.4801.fits
QSO_sim_z2.1_MgIIBlueDeep_331.3142m32.4839.fits
QSO_sim_z2.1_MgIIBlueDeep_331.3142m32.4839.fits
QSO_sim_z2.8_MgIIBlueDeep_331.1369m32.3135.fits
QSO_sim_z2.8_MgIIBlueDeep_331.1369m32.3135.fits
QSO_sim_z2.4432_MgIIGreen_18.148m2.966.fits
QSO_sim_z2.4432_MgIIGreen_18.148m2.966.fits
QSO_sim_z2.2045_MgIIGreen_352.4084m4.7821.fits
QSO_sim_z2.2045_MgIIGreen_352.4084m4.7821.fits
QSO_sim_z1.0647_MgIIGreen_320.7462m19.6251.fits
QSO_sim_z1.0647_MgIIGreen_320.7462m19.6251.fits
QSO_sim_z2.0201_MgIIBlueDeep_216.6812p3.5806.fits
QSO_sim_z2.0201_MgIIBlueDeep_216.6812p3.5806.fits
QSO_sim_z1.295_MgIIGreen_324.9052m9.5663.fits
QSO_sim_z1.295_MgIIGreen_324.9052m9.5663.fits
QSO_sim_z1.1_MgIIBlueDeep_216.9453p1.0015.fits
QSO_sim_z1.1_MgIIBlueDeep_216.9453p1.0015.fits
QSO_sim_z1.5312_MgIIBlueDeep_216.3452p3.2799.fits
QSO_sim_z1.5312_MgIIBlueDeep_216.3452p3.2799.fits
QSO_sim_z2.85_MgIIBlueDeep_332.1486m30.8198.fits
QSO_sim_z2.85_MgIIBlueDeep_332.1486m30.8198.fits
QSO_sim_z1.1022_MgIIGreen_324.8381m19.0118.fits
QSO_sim_z1.1022_MgIIGreen_324.8381m19.0118.fits
QSO_sim_z1.5628_MgIIGreen_322.262m10.0167.fits
QSO_sim_z1.5628_MgIIGreen_322.262m10.0167.fits
QSO_sim_z0.8002_MgIIBlueDeep_216.9901p0.2466.fits
QSO_sim_z0.8002_MgIIBlueDeep_216.9901p0.2466.fits
QSO_sim_z2.1186_MgIIGreen_350.6991m4.1429.fits
QSO_sim_z2.1186_MgIIGreen_350.6991m4.1429.fits
QSO_sim_z1.2348_MgIIGreen_349.6699m4.045.fits
QSO_sim_z1.2348_MgIIGreen_349.6699m4.045.fits
QSO_sim_z1.8766_MgIIGreen_321.5325m9.5795.fits
QSO_sim_z1.8766_MgIIGreen_321.5325m9.5795.fits
QSO_sim_z1.8047_MgIIGreen_321.4087m18.8541.fits
QSO_sim_z1.8047_MgIIGreen_321.4087m18.8541.fits
QSO_sim_z1.6341_MgIIGreen_16.5431m1.7818.fits
QSO_sim_z1.6341_MgIIGreen_16.5431m1.7818.fits
QSO_sim_z2.1_MgIIBlueDeep_332.7158m33.3613.fits
QSO_sim_z2.1_MgIIBlueDeep_332.7158m33.3613.fits
QSO_sim_z1.6752_MgIIBlueDeep_216.5757p1.2683.fits
QSO_sim_z1.6752_MgIIBlueDeep_216.5757p1.2683.fits
QSO_sim_z2.3458_MgIIGreen_322.5914m18.105.fits
QSO_sim_z2.3458_MgIIGreen_322.5914m18.105.fits
QSO_sim_z1.85_MgIIBlueDeep_333.0268m31.7743.fits
QSO_sim_z1.85_MgIIBlueDeep_333.0268m31.7743.fits
QSO_sim_z2.3535_MgIIGreen_323.0748m9.2573.fits
QSO_sim_z2.3535_MgIIGreen_323.0748m9.2573.fits
QSO_sim_z1.9693_MgIIGreen_323.4307m8.0691.fits
QSO_sim_z1.9693_MgIIGreen_323.4307m8.0691.fits
QSO_sim_z1.2_MgIIBlueDeep_216.0717p3.1162.fits
QSO_sim_z1.2_MgIIBlueDeep_216.0717p3.1162.fits
QSO_sim_z1.9261_MgIIGreen_318.6322m10.8347.fits
QSO_sim_z1.9261_MgIIGreen_318.6322m10.8347.fits
QSO_sim_z1.4888_MgIIGreen_346.0361m5.5317.fits
QSO_sim_z1.4888_MgIIGreen_346.0361m5.5317.fits
QSO_sim_z1.0988_MgIIGreen_346.5084m5.4739.fits
QSO_sim_z1.0988_MgIIGreen_346.5084m5.4739.fits
QSO_sim_z1.5823_MgIIGreen_318.9264m19.855.fits
QSO_sim_z1.5823_MgIIGreen_318.9264m19.855.fits
QSO_sim_z1.752_MgIIGreen_47.8263m4.0308.fits
QSO_sim_z1.752_MgIIGreen_47.8263m4.0308.fits
QSO_sim_z1.7582_MgIIGreen_319.6135m9.9519.fits
QSO_sim_z1.7582_MgIIGreen_319.6135m9.9519.fits
QSO_sim_z1.7491_MgIIGreen_318.2265m9.5477.fits
QSO_sim_z1.7491_MgIIGreen_318.2265m9.5477.fits
QSO_sim_z2.5_MgIIBlueDeep_217.7758p0.9121.fits
QSO_sim_z2.5_MgIIBlueDeep_217.7758p0.9121.fits
QSO_sim_z1.4452_MgIIGreen_315.84m9.5256.fits
QSO_sim_z1.4452_MgIIGreen_315.84m9.5256.fits
QSO_sim_z1.6155_MgIIGreen_315.776m9.0541.fits
QSO_sim_z1.6155_MgIIGreen_315.776m9.0541.fits
QSO_sim_z1.9037_MgIIGreen_317.0389m18.6094.fits
QSO_sim_z1.9037_MgIIGreen_317.0389m18.6094.fits
QSO_sim_z0.7_MgIIBlueDeep_332.9237m33.4117.fits
QSO_sim_z0.7_MgIIBlueDeep_332.9237m33.4117.fits
QSO_sim_z1.6457_MgIIGreen_318.4417m8.3665.fits
QSO_sim_z1.6457_MgIIGreen_318.4417m8.3665.fits
QSO_sim_z1.8345_MgIIGreen_317.7709m17.5696.fits
QSO_sim_z1.8345_MgIIGreen_317.7709m17.5696.fits
QSO_sim_z1.6578_MgIIGreen_43.8341m5.6119.fits
QSO_sim_z1.6578_MgIIGreen_43.8341m5.6119.fits
QSO_sim_z1.6118_MgIIGreen_320.7297m19.3131.fits
QSO_sim_z1.6118_MgIIGreen_320.7297m19.3131.fits
QSO_sim_z1.5_MgIIBlueDeep_217.204p2.0295.fits
QSO_sim_z1.5_MgIIBlueDeep_217.204p2.0295.fits
QSO_sim_z2.3298_MgIIGreen_321.6586m16.3636.fits
QSO_sim_z2.3298_MgIIGreen_321.6586m16.3636.fits
QSO_sim_z1.5489_MgIIGreen_42.9469m3.6817.fits
QSO_sim_z1.5489_MgIIGreen_42.9469m3.6817.fits
QSO_sim_z0.75_MgIIBlueDeep_333.7545m32.2233.fits
QSO_sim_z0.75_MgIIBlueDeep_333.7545m32.2233.fits
QSO_sim_z1.8_MgIIBlueDeep_333.9572m34.9198.fits
QSO_sim_z1.8_MgIIBlueDeep_333.9572m34.9198.fits
QSO_sim_z0.75_MgIIBlueDeep_333.1886m33.3226.fits
QSO_sim_z0.75_MgIIBlueDeep_333.1886m33.3226.fits
QSO_sim_z1.7_MgIIBlueDeep_334.3425m35.2485.fits
QSO_sim_z1.7_MgIIBlueDeep_334.3425m35.2485.fits
QSO_sim_z1.1037_MgIIGreen_310.5277m12.7971.fits
QSO_sim_z1.1037_MgIIGreen_310.5277m12.7971.fits
QSO_sim_z1.4494_MgIIGreen_308.9033m10.3282.fits
QSO_sim_z1.4494_MgIIGreen_308.9033m10.3282.fits
QSO_sim_z1.6927_MgIIBlueDeep_218.5012p2.0777.fits
QSO_sim_z1.6927_MgIIBlueDeep_218.5012p2.0777.fits
QSO_sim_z0.7755_MgIIBlueDeep_218.7749p2.572.fits
QSO_sim_z0.7755_MgIIBlueDeep_218.7749p2.572.fits
QSO_sim_z1.0783_MgIIGreen_325.9631m15.2382.fits
QSO_sim_z1.0783_MgIIGreen_325.9631m15.2382.fits
QSO_sim_z2.95_MgIIBlueDeep_333.1549m35.3677.fits
QSO_sim_z2.95_MgIIBlueDeep_333.1549m35.3677.fits
QSO_sim_z1.3627_MgIIBlueDeep_218.1495p2.8508.fits
QSO_sim_z1.3627_MgIIBlueDeep_218.1495p2.8508.fits
QSO_sim_z1.75_MgIIGreen_313.4867m9.4981.fits
QSO_sim_z1.75_MgIIGreen_313.4867m9.4981.fits
QSO_sim_z1.4091_MgIIGreen_310.5463m10.1911.fits
QSO_sim_z1.4091_MgIIGreen_310.5463m10.1911.fits
QSO_sim_z0.9788_MgIIBlueDeep_218.5639p2.9552.fits
QSO_sim_z0.9788_MgIIBlueDeep_218.5639p2.9552.fits
QSO_sim_z1.5_MgIIBlueDeep_338.6782m28.1791.fits
QSO_sim_z1.5_MgIIBlueDeep_338.6782m28.1791.fits
QSO_sim_z1.3605_MgIIBlueDeep_219.625p0.5125.fits
QSO_sim_z1.3605_MgIIBlueDeep_219.625p0.5125.fits
QSO_sim_z1.357_MgIIGreen_312.2512m7.6953.fits
QSO_sim_z1.357_MgIIGreen_312.2512m7.6953.fits
QSO_sim_z2.4358_MgIIBlueDeep_219.2063p3.1475.fits
QSO_sim_z2.4358_MgIIBlueDeep_219.2063p3.1475.fits
QSO_sim_z1.95_MgIIBlueDeep_336.5237m27.1089.fits
QSO_sim_z1.95_MgIIBlueDeep_336.5237m27.1089.fits
QSO_sim_z1.9317_MgIIGreen_305.8143m8.7906.fits
QSO_sim_z1.9317_MgIIGreen_305.8143m8.7906.fits
QSO_sim_z1.5549_MgIIGreen_307.8711m6.9155.fits
QSO_sim_z1.5549_MgIIGreen_307.8711m6.9155.fits
QSO_sim_z2.7_MgIIBlueDeep_337.9491m33.4802.fits
QSO_sim_z2.7_MgIIBlueDeep_337.9491m33.4802.fits
QSO_sim_z2.5_MgIIBlueDeep_338.5882m30.4632.fits
QSO_sim_z2.5_MgIIBlueDeep_338.5882m30.4632.fits
QSO_sim_z1.35_MgIIBlueDeep_338.2655m32.4975.fits
QSO_sim_z1.35_MgIIBlueDeep_338.2655m32.4975.fits
QSO_sim_z1.1753_MgIIGreen_315.8618m8.7414.fits
QSO_sim_z1.1753_MgIIGreen_315.8618m8.7414.fits
QSO_sim_z1.95_MgIIBlueDeep_338.3887m31.811.fits
QSO_sim_z1.95_MgIIBlueDeep_338.3887m31.811.fits
QSO_sim_z1.3084_MgIIGreen_315.7898m8.2442.fits
QSO_sim_z1.3084_MgIIGreen_315.7898m8.2442.fits
QSO_sim_z0.85_MgIIBlueDeep_335.0777m33.655.fits
QSO_sim_z0.85_MgIIBlueDeep_335.0777m33.655.fits
QSO_sim_z1.3402_MgIIGreen_313.4217m8.2119.fits
QSO_sim_z1.3402_MgIIGreen_313.4217m8.2119.fits
QSO_sim_z1.6058_MgIIGreen_313.6048m6.7228.fits
QSO_sim_z1.6058_MgIIGreen_313.6048m6.7228.fits
QSO_sim_z2.3_MgIIBlueDeep_335.3997m31.8025.fits
QSO_sim_z2.3_MgIIBlueDeep_335.3997m31.8025.fits
QSO_sim_z1.9_MgIIBlueDeep_335.836m32.3641.fits
QSO_sim_z1.9_MgIIBlueDeep_335.836m32.3641.fits
QSO_sim_z1.2412_MgIIGreen_317.124m1.932.fits
QSO_sim_z1.2412_MgIIGreen_317.124m1.932.fits
QSO_sim_z1.4807_MgIIGreen_315.8635m1.7352.fits
QSO_sim_z1.4807_MgIIGreen_315.8635m1.7352.fits
QSO_sim_z1.1698_MgIIGreen_314.0797m2.7285.fits
QSO_sim_z1.1698_MgIIGreen_314.0797m2.7285.fits
QSO_sim_z1.4739_MgIIGreen_316.2497m1.0797.fits
QSO_sim_z1.4739_MgIIGreen_316.2497m1.0797.fits
QSO_sim_z1.15_MgIIBlueDeep_336.8133m32.7774.fits
QSO_sim_z1.15_MgIIBlueDeep_336.8133m32.7774.fits
QSO_sim_z2.0548_MgIIGreen_319.626m4.5437.fits
QSO_sim_z2.0548_MgIIGreen_319.626m4.5437.fits
QSO_sim_z1.085_MgIIBlueDeep_335.9673m32.0105.fits
QSO_sim_z1.085_MgIIBlueDeep_335.9673m32.0105.fits
QSO_sim_z2.4_MgIIBlueDeep_337.0618m34.1457.fits
QSO_sim_z2.4_MgIIBlueDeep_337.0618m34.1457.fits
QSO_sim_z1.55_MgIIBlueDeep_337.5897m34.2091.fits
QSO_sim_z1.55_MgIIBlueDeep_337.5897m34.2091.fits
QSO_sim_z0.9_MgIIBlueDeep_337.1985m30.2872.fits
QSO_sim_z0.9_MgIIBlueDeep_337.1985m30.2872.fits
QSO_sim_z1.45_MgIIBlueDeep_337.9503m32.3838.fits
QSO_sim_z1.45_MgIIBlueDeep_337.9503m32.3838.fits
QSO_sim_z0.9_MgIIBlueDeep_337.7409m30.375.fits
QSO_sim_z0.9_MgIIBlueDeep_337.7409m30.375.fits
